date,commodity,price_usd,unit,source,source_url
1970-01-01,coal_australian,7.8,usd_per_tonne,"World Bank Commodity Markets (Pink Sheet), Monthly Prices",https://thedocs.worldbank.org/en/doc/74e8be41ceb20fa0da750cda2f6b9e4e-0050012026/related/CMO-Historical-Data-Monthly.xlsx
1970-02-01,coal_australian,7.8,usd_per_tonne,"World Bank Commodity Markets (Pink Sheet), Monthly Prices",https://thedocs.worldbank.org/en/doc/74e8be41ceb20fa0da750cda2f6b9e4e-0050012026/related/CMO-Historical-Data-Monthly.xlsx
1970-03-01,coal_australian,7.8,usd_per_tonne,"World Bank Commodity Markets (Pink Sheet), Monthly Prices",https://thedocs.worldbank.org/en/doc/74e8be41ceb20fa0da750cda2f6b9e4e-0050012026/related/CMO-Historical-Data-Monthly.xlsx
1970-04-01,coal_australian,7.8,usd_per_tonne,"World Bank Commodity Markets (Pink Sheet), Monthly Prices",https://thedocs.worldbank.org/en/doc/74e8be41ceb20fa0da750cda2f6b9e4e-0050012026/related/CMO-Historical-Data-Monthly.xlsx
1970-05-01,coal_australian,7.8,usd_per_tonne,"World Bank Commodity Markets (Pink Sheet), Monthly Prices",https://thedocs.worldbank.org/en/doc/74e8be41ceb20fa0da750cda2f6b9e4e-0050012026/related/CMO-Historical-Data-Monthly.xlsx
1970-06-01,coal_australian,7.8,usd_per_tonne,"World Bank Commodity Markets (Pink Sheet), Monthly Prices",https://thedocs.worldbank.org/en/doc/74e8be41ceb20fa0da750cda2f6b9e4e-0050012026/related/CMO-Historical-Data-Monthly.xlsx
1970-07-01,coal_australian,7.8,usd_per_tonne,"World Bank Commodity Markets (Pink Sheet), Monthly Prices",https://thedocs.worldbank.org/en/doc/74e8be41ceb20fa0da750cda2f6b9e4e-0050012026/related/CMO-Historical-Data-Monthly.xlsx
1970-08-01,coal_australian,7.8,usd_per_tonne,"World Bank Commodity Markets (Pink Sheet), Monthly Prices",https://thedocs.worldbank.org/en/doc/74e8be41ceb20fa0da750cda2f6b9e4e-0050012026/related/CMO-Historical-Data-Monthly.xlsx
1970-09-01,coal_australian,7.8,usd_per_tonne,"World Bank Commodity Markets (Pink Sheet), Monthly Prices",https://thedocs.worldbank.org/en/doc/74e8be41ceb20fa0da750cda2f6b9e4e-0050012026/related/CMO-Historical-Data-Monthly.xlsx
1970-10-01,coal_australian,7.8,usd_per_tonne,"World Bank Commodity Markets (Pink Sheet), Monthly Prices",https://thedocs.worldbank.org/en/doc/74e8be41ceb20fa0da750cda2f6b9e4e-0050012026/related/CMO-Historical-Data-Monthly.xlsx
1970-11-01,coal_australian,7.8,usd_per_tonne,"World Bank Commodity Markets (Pink Sheet), Monthly Prices",https://thedocs.worldbank.org/en/doc/74e8be41ceb20fa0da750cda2f6b9e4e-0050012026/related/CMO-Historical-Data-Monthly.xlsx
1970-12-01,coal_australian,7.8,usd_per_tonne,"World Bank Commodity Markets (Pink Sheet), Monthly Prices",https://thedocs.worldbank.org/en/doc/74e8be41ceb20fa0da750cda2f6b9e4e-0050012026/related/CMO-Historical-Data-Monthly.xlsx
1971-01-01,coal_australian,8.7,usd_per_tonne,"World Bank Commodity Markets (Pink Sheet), Monthly Prices",https://thedocs.worldbank.org/en/doc/74e8be41ceb20fa0da750cda2f6b9e4e-0050012026/related/CMO-Historical-Data-Monthly.xlsx
1971-02-01,coal_australian,8.7,usd_per_tonne,"World Bank Commodity Markets (Pink Sheet), Monthly Prices",https://thedocs.worldbank.org/en/doc/74e8be41ceb20fa0da750cda2f6b9e4e-0050012026/related/CMO-Historical-Data-Monthly.xlsx
1971-03-01,coal_australian,8.7,usd_per_tonne,"World Bank Commodity Markets (Pink Sheet), Monthly Prices",https://thedocs.worldbank.org/en/doc/74e8be41ceb20fa0da750cda2f6b9e4e-0050012026/related/CMO-Historical-Data-Monthly.xlsx
1971-04-01,coal_australian,8.7,usd_per_tonne,"World Bank Commodity Markets (Pink Sheet), Monthly Prices",https://thedocs.worldbank.org/en/doc/74e8be41ceb20fa0da750cda2f6b9e4e-0050012026/related/CMO-Historical-Data-Monthly.xlsx
1971-05-01,coal_australian,8.7,usd_per_tonne,"World Bank Commodity Markets (Pink Sheet), Monthly Prices",https://thedocs.worldbank.org/en/doc/74e8be41ceb20fa0da750cda2f6b9e4e-0050012026/related/CMO-Historical-Data-Monthly.xlsx
1971-06-01,coal_australian,8.7,usd_per_tonne,"World Bank Commodity Markets (Pink Sheet), Monthly Prices",https://thedocs.worldbank.org/en/doc/74e8be41ceb20fa0da750cda2f6b9e4e-0050012026/related/CMO-Historical-Data-Monthly.xlsx
1971-07-01,coal_australian,8.7,usd_per_tonne,"World Bank Commodity Markets (Pink Sheet), Monthly Prices",https://thedocs.worldbank.org/en/doc/74e8be41ceb20fa0da750cda2f6b9e4e-0050012026/related/CMO-Historical-Data-Monthly.xlsx
1971-08-01,coal_australian,8.7,usd_per_tonne,"World Bank Commodity Markets (Pink Sheet), Monthly Prices",https://thedocs.worldbank.org/en/doc/74e8be41ceb20fa0da750cda2f6b9e4e-0050012026/related/CMO-Historical-Data-Monthly.xlsx
1971-09-01,coal_australian,8.7,usd_per_tonne,"World Bank Commodity Markets (Pink Sheet), Monthly Prices",https://thedocs.worldbank.org/en/doc/74e8be41ceb20fa0da750cda2f6b9e4e-0050012026/related/CMO-Historical-Data-Monthly.xlsx
1971-10-01,coal_australian,8.7,usd_per_tonne,"World Bank Commodity Markets (Pink Sheet), Monthly Prices",https://thedocs.worldbank.org/en/doc/74e8be41ceb20fa0da750cda2f6b9e4e-0050012026/related/CMO-Historical-Data-Monthly.xlsx
1971-11-01,coal_australian,8.7,usd_per_tonne,"World Bank Commodity Markets (Pink Sheet), Monthly Prices",https://thedocs.worldbank.org/en/doc/74e8be41ceb20fa0da750cda2f6b9e4e-0050012026/related/CMO-Historical-Data-Monthly.xlsx
1971-12-01,coal_australian,8.7,usd_per_tonne,"World Bank Commodity Markets (Pink Sheet), Monthly Prices",https://thedocs.worldbank.org/en/doc/74e8be41ceb20fa0da750cda2f6b9e4e-0050012026/related/CMO-Historical-Data-Monthly.xlsx
1972-01-01,coal_australian,9.6,usd_per_tonne,"World Bank Commodity Markets (Pink Sheet), Monthly Prices",https://thedocs.worldbank.org/en/doc/74e8be41ceb20fa0da750cda2f6b9e4e-0050012026/related/CMO-Historical-Data-Monthly.xlsx
1972-02-01,coal_australian,9.6,usd_per_tonne,"World Bank Commodity Markets (Pink Sheet), Monthly Prices",https://thedocs.worldbank.org/en/doc/74e8be41ceb20fa0da750cda2f6b9e4e-0050012026/related/CMO-Historical-Data-Monthly.xlsx
1972-03-01,coal_australian,9.6,usd_per_tonne,"World Bank Commodity Markets (Pink Sheet), Monthly Prices",https://thedocs.worldbank.org/en/doc/74e8be41ceb20fa0da750cda2f6b9e4e-0050012026/related/CMO-Historical-Data-Monthly.xlsx
1972-04-01,coal_australian,9.6,usd_per_tonne,"World Bank Commodity Markets (Pink Sheet), Monthly Prices",https://thedocs.worldbank.org/en/doc/74e8be41ceb20fa0da750cda2f6b9e4e-0050012026/related/CMO-Historical-Data-Monthly.xlsx
1972-05-01,coal_australian,9.6,usd_per_tonne,"World Bank Commodity Markets (Pink Sheet), Monthly Prices",https://thedocs.worldbank.org/en/doc/74e8be41ceb20fa0da750cda2f6b9e4e-0050012026/related/CMO-Historical-Data-Monthly.xlsx
1972-06-01,coal_australian,9.6,usd_per_tonne,"World Bank Commodity Markets (Pink Sheet), Monthly Prices",https://thedocs.worldbank.org/en/doc/74e8be41ceb20fa0da750cda2f6b9e4e-0050012026/related/CMO-Historical-Data-Monthly.xlsx
1972-07-01,coal_australian,9.6,usd_per_tonne,"World Bank Commodity Markets (Pink Sheet), Monthly Prices",https://thedocs.worldbank.org/en/doc/74e8be41ceb20fa0da750cda2f6b9e4e-0050012026/related/CMO-Historical-Data-Monthly.xlsx
1972-08-01,coal_australian,9.6,usd_per_tonne,"World Bank Commodity Markets (Pink Sheet), Monthly Prices",https://thedocs.worldbank.org/en/doc/74e8be41ceb20fa0da750cda2f6b9e4e-0050012026/related/CMO-Historical-Data-Monthly.xlsx
1972-09-01,coal_australian,9.6,usd_per_tonne,"World Bank Commodity Markets (Pink Sheet), Monthly Prices",https://thedocs.worldbank.org/en/doc/74e8be41ceb20fa0da750cda2f6b9e4e-0050012026/related/CMO-Historical-Data-Monthly.xlsx
1972-10-01,coal_australian,9.6,usd_per_tonne,"World Bank Commodity Markets (Pink Sheet), Monthly Prices",https://thedocs.worldbank.org/en/doc/74e8be41ceb20fa0da750cda2f6b9e4e-0050012026/related/CMO-Historical-Data-Monthly.xlsx
1972-11-01,coal_australian,9.6,usd_per_tonne,"World Bank Commodity Markets (Pink Sheet), Monthly Prices",https://thedocs.worldbank.org/en/doc/74e8be41ceb20fa0da750cda2f6b9e4e-0050012026/related/CMO-Historical-Data-Monthly.xlsx
1972-12-01,coal_australian,9.6,usd_per_tonne,"World Bank Commodity Markets (Pink Sheet), Monthly Prices",https://thedocs.worldbank.org/en/doc/74e8be41ceb20fa0da750cda2f6b9e4e-0050012026/related/CMO-Historical-Data-Monthly.xlsx
1973-01-01,coal_australian,11.5,usd_per_tonne,"World Bank Commodity Markets (Pink Sheet), Monthly Prices",https://thedocs.worldbank.org/en/doc/74e8be41ceb20fa0da750cda2f6b9e4e-0050012026/related/CMO-Historical-Data-Monthly.xlsx
1973-02-01,coal_australian,11.5,usd_per_tonne,"World Bank Commodity Markets (Pink Sheet), Monthly Prices",https://thedocs.worldbank.org/en/doc/74e8be41ceb20fa0da750cda2f6b9e4e-0050012026/related/CMO-Historical-Data-Monthly.xlsx
1973-03-01,coal_australian,11.5,usd_per_tonne,"World Bank Commodity Markets (Pink Sheet), Monthly Prices",https://thedocs.worldbank.org/en/doc/74e8be41ceb20fa0da750cda2f6b9e4e-0050012026/related/CMO-Historical-Data-Monthly.xlsx
1973-04-01,coal_australian,11.5,usd_per_tonne,"World Bank Commodity Markets (Pink Sheet), Monthly Prices",https://thedocs.worldbank.org/en/doc/74e8be41ceb20fa0da750cda2f6b9e4e-0050012026/related/CMO-Historical-Data-Monthly.xlsx
1973-05-01,coal_australian,11.5,usd_per_tonne,"World Bank Commodity Markets (Pink Sheet), Monthly Prices",https://thedocs.worldbank.org/en/doc/74e8be41ceb20fa0da750cda2f6b9e4e-0050012026/related/CMO-Historical-Data-Monthly.xlsx
1973-06-01,coal_australian,11.5,usd_per_tonne,"World Bank Commodity Markets (Pink Sheet), Monthly Prices",https://thedocs.worldbank.org/en/doc/74e8be41ceb20fa0da750cda2f6b9e4e-0050012026/related/CMO-Historical-Data-Monthly.xlsx
1973-07-01,coal_australian,11.5,usd_per_tonne,"World Bank Commodity Markets (Pink Sheet), Monthly Prices",https://thedocs.worldbank.org/en/doc/74e8be41ceb20fa0da750cda2f6b9e4e-0050012026/related/CMO-Historical-Data-Monthly.xlsx
1973-08-01,coal_australian,11.5,usd_per_tonne,"World Bank Commodity Markets (Pink Sheet), Monthly Prices",https://thedocs.worldbank.org/en/doc/74e8be41ceb20fa0da750cda2f6b9e4e-0050012026/related/CMO-Historical-Data-Monthly.xlsx
1973-09-01,coal_australian,11.5,usd_per_tonne,"World Bank Commodity Markets (Pink Sheet), Monthly Prices",https://thedocs.worldbank.org/en/doc/74e8be41ceb20fa0da750cda2f6b9e4e-0050012026/related/CMO-Historical-Data-Monthly.xlsx
1973-10-01,coal_australian,11.5,usd_per_tonne,"World Bank Commodity Markets (Pink Sheet), Monthly Prices",https://thedocs.worldbank.org/en/doc/74e8be41ceb20fa0da750cda2f6b9e4e-0050012026/related/CMO-Historical-Data-Monthly.xlsx
1973-11-01,coal_australian,11.5,usd_per_tonne,"World Bank Commodity Markets (Pink Sheet), Monthly Prices",https://thedocs.worldbank.org/en/doc/74e8be41ceb20fa0da750cda2f6b9e4e-0050012026/related/CMO-Historical-Data-Monthly.xlsx
1973-12-01,coal_australian,11.5,usd_per_tonne,"World Bank Commodity Markets (Pink Sheet), Monthly Prices",https://thedocs.worldbank.org/en/doc/74e8be41ceb20fa0da750cda2f6b9e4e-0050012026/related/CMO-Historical-Data-Monthly.xlsx
1974-01-01,coal_australian,16.9,usd_per_tonne,"World Bank Commodity Markets (Pink Sheet), Monthly Prices",https://thedocs.worldbank.org/en/doc/74e8be41ceb20fa0da750cda2f6b9e4e-0050012026/related/CMO-Historical-Data-Monthly.xlsx
1974-02-01,coal_australian,16.9,usd_per_tonne,"World Bank Commodity Markets (Pink Sheet), Monthly Prices",https://thedocs.worldbank.org/en/doc/74e8be41ceb20fa0da750cda2f6b9e4e-0050012026/related/CMO-Historical-Data-Monthly.xlsx
1974-03-01,coal_australian,16.9,usd_per_tonne,"World Bank Commodity Markets (Pink Sheet), Monthly Prices",https://thedocs.worldbank.org/en/doc/74e8be41ceb20fa0da750cda2f6b9e4e-0050012026/related/CMO-Historical-Data-Monthly.xlsx
1974-04-01,coal_australian,16.9,usd_per_tonne,"World Bank Commodity Markets (Pink Sheet), Monthly Prices",https://thedocs.worldbank.org/en/doc/74e8be41ceb20fa0da750cda2f6b9e4e-0050012026/related/CMO-Historical-Data-Monthly.xlsx
1974-05-01,coal_australian,16.9,usd_per_tonne,"World Bank Commodity Markets (Pink Sheet), Monthly Prices",https://thedocs.worldbank.org/en/doc/74e8be41ceb20fa0da750cda2f6b9e4e-0050012026/related/CMO-Historical-Data-Monthly.xlsx
1974-06-01,coal_australian,16.9,usd_per_tonne,"World Bank Commodity Markets (Pink Sheet), Monthly Prices",https://thedocs.worldbank.org/en/doc/74e8be41ceb20fa0da750cda2f6b9e4e-0050012026/related/CMO-Historical-Data-Monthly.xlsx
1974-07-01,coal_australian,16.9,usd_per_tonne,"World Bank Commodity Markets (Pink Sheet), Monthly Prices",https://thedocs.worldbank.org/en/doc/74e8be41ceb20fa0da750cda2f6b9e4e-0050012026/related/CMO-Historical-Data-Monthly.xlsx
1974-08-01,coal_australian,16.9,usd_per_tonne,"World Bank Commodity Markets (Pink Sheet), Monthly Prices",https://thedocs.worldbank.org/en/doc/74e8be41ceb20fa0da750cda2f6b9e4e-0050012026/related/CMO-Historical-Data-Monthly.xlsx
1974-09-01,coal_australian,16.9,usd_per_tonne,"World Bank Commodity Markets (Pink Sheet), Monthly Prices",https://thedocs.worldbank.org/en/doc/74e8be41ceb20fa0da750cda2f6b9e4e-0050012026/related/CMO-Historical-Data-Monthly.xlsx
1974-10-01,coal_australian,16.9,usd_per_tonne,"World Bank Commodity Markets (Pink Sheet), Monthly Prices",https://thedocs.worldbank.org/en/doc/74e8be41ceb20fa0da750cda2f6b9e4e-0050012026/related/CMO-Historical-Data-Monthly.xlsx
1974-11-01,coal_australian,16.9,usd_per_tonne,"World Bank Commodity Markets (Pink Sheet), Monthly Prices",https://thedocs.worldbank.org/en/doc/74e8be41ceb20fa0da750cda2f6b9e4e-0050012026/related/CMO-Historical-Data-Monthly.xlsx
1974-12-01,coal_australian,16.9,usd_per_tonne,"World Bank Commodity Markets (Pink Sheet), Monthly Prices",https://thedocs.worldbank.org/en/doc/74e8be41ceb20fa0da750cda2f6b9e4e-0050012026/related/CMO-Historical-Data-Monthly.xlsx
1975-01-01,coal_australian,26.8,usd_per_tonne,"World Bank Commodity Markets (Pink Sheet), Monthly Prices",https://thedocs.worldbank.org/en/doc/74e8be41ceb20fa0da750cda2f6b9e4e-0050012026/related/CMO-Historical-Data-Monthly.xlsx
1975-02-01,coal_australian,26.8,usd_per_tonne,"World Bank Commodity Markets (Pink Sheet), Monthly Prices",https://thedocs.worldbank.org/en/doc/74e8be41ceb20fa0da750cda2f6b9e4e-0050012026/related/CMO-Historical-Data-Monthly.xlsx
1975-03-01,coal_australian,26.8,usd_per_tonne,"World Bank Commodity Markets (Pink Sheet), Monthly Prices",https://thedocs.worldbank.org/en/doc/74e8be41ceb20fa0da750cda2f6b9e4e-0050012026/related/CMO-Historical-Data-Monthly.xlsx
1975-04-01,coal_australian,26.8,usd_per_tonne,"World Bank Commodity Markets (Pink Sheet), Monthly Prices",https://thedocs.worldbank.org/en/doc/74e8be41ceb20fa0da750cda2f6b9e4e-0050012026/related/CMO-Historical-Data-Monthly.xlsx
1975-05-01,coal_australian,26.8,usd_per_tonne,"World Bank Commodity Markets (Pink Sheet), Monthly Prices",https://thedocs.worldbank.org/en/doc/74e8be41ceb20fa0da750cda2f6b9e4e-0050012026/related/CMO-Historical-Data-Monthly.xlsx
1975-06-01,coal_australian,26.8,usd_per_tonne,"World Bank Commodity Markets (Pink Sheet), Monthly Prices",https://thedocs.worldbank.org/en/doc/74e8be41ceb20fa0da750cda2f6b9e4e-0050012026/related/CMO-Historical-Data-Monthly.xlsx
1975-07-01,coal_australian,26.8,usd_per_tonne,"World Bank Commodity Markets (Pink Sheet), Monthly Prices",https://thedocs.worldbank.org/en/doc/74e8be41ceb20fa0da750cda2f6b9e4e-0050012026/related/CMO-Historical-Data-Monthly.xlsx
1975-08-01,coal_australian,26.8,usd_per_tonne,"World Bank Commodity Markets (Pink Sheet), Monthly Prices",https://thedocs.worldbank.org/en/doc/74e8be41ceb20fa0da750cda2f6b9e4e-0050012026/related/CMO-Historical-Data-Monthly.xlsx
1975-09-01,coal_australian,26.8,usd_per_tonne,"World Bank Commodity Markets (Pink Sheet), Monthly Prices",https://thedocs.worldbank.org/en/doc/74e8be41ceb20fa0da750cda2f6b9e4e-0050012026/related/CMO-Historical-Data-Monthly.xlsx
1975-10-01,coal_australian,26.8,usd_per_tonne,"World Bank Commodity Markets (Pink Sheet), Monthly Prices",https://thedocs.worldbank.org/en/doc/74e8be41ceb20fa0da750cda2f6b9e4e-0050012026/related/CMO-Historical-Data-Monthly.xlsx
1975-11-01,coal_australian,26.8,usd_per_tonne,"World Bank Commodity Markets (Pink Sheet), Monthly Prices",https://thedocs.worldbank.org/en/doc/74e8be41ceb20fa0da750cda2f6b9e4e-0050012026/related/CMO-Historical-Data-Monthly.xlsx
1975-12-01,coal_australian,26.8,usd_per_tonne,"World Bank Commodity Markets (Pink Sheet), Monthly Prices",https://thedocs.worldbank.org/en/doc/74e8be41ceb20fa0da750cda2f6b9e4e-0050012026/related/CMO-Historical-Data-Monthly.xlsx
1976-01-01,coal_australian,27.2,usd_per_tonne,"World Bank Commodity Markets (Pink Sheet), Monthly Prices",https://thedocs.worldbank.org/en/doc/74e8be41ceb20fa0da750cda2f6b9e4e-0050012026/related/CMO-Historical-Data-Monthly.xlsx
1976-02-01,coal_australian,27.2,usd_per_tonne,"World Bank Commodity Markets (Pink Sheet), Monthly Prices",https://thedocs.worldbank.org/en/doc/74e8be41ceb20fa0da750cda2f6b9e4e-0050012026/related/CMO-Historical-Data-Monthly.xlsx
1976-03-01,coal_australian,27.2,usd_per_tonne,"World Bank Commodity Markets (Pink Sheet), Monthly Prices",https://thedocs.worldbank.org/en/doc/74e8be41ceb20fa0da750cda2f6b9e4e-0050012026/related/CMO-Historical-Data-Monthly.xlsx
1976-04-01,coal_australian,27.2,usd_per_tonne,"World Bank Commodity Markets (Pink Sheet), Monthly Prices",https://thedocs.worldbank.org/en/doc/74e8be41ceb20fa0da750cda2f6b9e4e-0050012026/related/CMO-Historical-Data-Monthly.xlsx
1976-05-01,coal_australian,27.2,usd_per_tonne,"World Bank Commodity Markets (Pink Sheet), Monthly Prices",https://thedocs.worldbank.org/en/doc/74e8be41ceb20fa0da750cda2f6b9e4e-0050012026/related/CMO-Historical-Data-Monthly.xlsx
1976-06-01,coal_australian,27.2,usd_per_tonne,"World Bank Commodity Markets (Pink Sheet), Monthly Prices",https://thedocs.worldbank.org/en/doc/74e8be41ceb20fa0da750cda2f6b9e4e-0050012026/related/CMO-Historical-Data-Monthly.xlsx
1976-07-01,coal_australian,27.2,usd_per_tonne,"World Bank Commodity Markets (Pink Sheet), Monthly Prices",https://thedocs.worldbank.org/en/doc/74e8be41ceb20fa0da750cda2f6b9e4e-0050012026/related/CMO-Historical-Data-Monthly.xlsx
1976-08-01,coal_australian,27.2,usd_per_tonne,"World Bank Commodity Markets (Pink Sheet), Monthly Prices",https://thedocs.worldbank.org/en/doc/74e8be41ceb20fa0da750cda2f6b9e4e-0050012026/related/CMO-Historical-Data-Monthly.xlsx
1976-09-01,coal_australian,27.2,usd_per_tonne,"World Bank Commodity Markets (Pink Sheet), Monthly Prices",https://thedocs.worldbank.org/en/doc/74e8be41ceb20fa0da750cda2f6b9e4e-0050012026/related/CMO-Historical-Data-Monthly.xlsx
1976-10-01,coal_australian,27.2,usd_per_tonne,"World Bank Commodity Markets (Pink Sheet), Monthly Prices",https://thedocs.worldbank.org/en/doc/74e8be41ceb20fa0da750cda2f6b9e4e-0050012026/related/CMO-Historical-Data-Monthly.xlsx
1976-11-01,coal_australian,27.2,usd_per_tonne,"World Bank Commodity Markets (Pink Sheet), Monthly Prices",https://thedocs.worldbank.org/en/doc/74e8be41ceb20fa0da750cda2f6b9e4e-0050012026/related/CMO-Historical-Data-Monthly.xlsx
1976-12-01,coal_australian,27.2,usd_per_tonne,"World Bank Commodity Markets (Pink Sheet), Monthly Prices",https://thedocs.worldbank.org/en/doc/74e8be41ceb20fa0da750cda2f6b9e4e-0050012026/related/CMO-Historical-Data-Monthly.xlsx
1977-01-01,coal_australian,28.7,usd_per_tonne,"World Bank Commodity Markets (Pink Sheet), Monthly Prices",https://thedocs.worldbank.org/en/doc/74e8be41ceb20fa0da750cda2f6b9e4e-0050012026/related/CMO-Historical-Data-Monthly.xlsx
1977-02-01,coal_australian,28.7,usd_per_tonne,"World Bank Commodity Markets (Pink Sheet), Monthly Prices",https://thedocs.worldbank.org/en/doc/74e8be41ceb20fa0da750cda2f6b9e4e-0050012026/related/CMO-Historical-Data-Monthly.xlsx
1977-03-01,coal_australian,28.7,usd_per_tonne,"World Bank Commodity Markets (Pink Sheet), Monthly Prices",https://thedocs.worldbank.org/en/doc/74e8be41ceb20fa0da750cda2f6b9e4e-0050012026/related/CMO-Historical-Data-Monthly.xlsx
1977-04-01,coal_australian,28.7,usd_per_tonne,"World Bank Commodity Markets (Pink Sheet), Monthly Prices",https://thedocs.worldbank.org/en/doc/74e8be41ceb20fa0da750cda2f6b9e4e-0050012026/related/CMO-Historical-Data-Monthly.xlsx
1977-05-01,coal_australian,28.7,usd_per_tonne,"World Bank Commodity Markets (Pink Sheet), Monthly Prices",https://thedocs.worldbank.org/en/doc/74e8be41ceb20fa0da750cda2f6b9e4e-0050012026/related/CMO-Historical-Data-Monthly.xlsx
1977-06-01,coal_australian,28.7,usd_per_tonne,"World Bank Commodity Markets (Pink Sheet), Monthly Prices",https://thedocs.worldbank.org/en/doc/74e8be41ceb20fa0da750cda2f6b9e4e-0050012026/related/CMO-Historical-Data-Monthly.xlsx
1977-07-01,coal_australian,28.7,usd_per_tonne,"World Bank Commodity Markets (Pink Sheet), Monthly Prices",https://thedocs.worldbank.org/en/doc/74e8be41ceb20fa0da750cda2f6b9e4e-0050012026/related/CMO-Historical-Data-Monthly.xlsx
1977-08-01,coal_australian,28.7,usd_per_tonne,"World Bank Commodity Markets (Pink Sheet), Monthly Prices",https://thedocs.worldbank.org/en/doc/74e8be41ceb20fa0da750cda2f6b9e4e-0050012026/related/CMO-Historical-Data-Monthly.xlsx
1977-09-01,coal_australian,28.7,usd_per_tonne,"World Bank Commodity Markets (Pink Sheet), Monthly Prices",https://thedocs.worldbank.org/en/doc/74e8be41ceb20fa0da750cda2f6b9e4e-0050012026/related/CMO-Historical-Data-Monthly.xlsx
1977-10-01,coal_australian,28.7,usd_per_tonne,"World Bank Commodity Markets (Pink Sheet), Monthly Prices",https://thedocs.worldbank.org/en/doc/74e8be41ceb20fa0da750cda2f6b9e4e-0050012026/related/CMO-Historical-Data-Monthly.xlsx
1977-11-01,coal_australian,28.7,usd_per_tonne,"World Bank Commodity Markets (Pink Sheet), Monthly Prices",https://thedocs.worldbank.org/en/doc/74e8be41ceb20fa0da750cda2f6b9e4e-0050012026/related/CMO-Historical-Data-Monthly.xlsx
1977-12-01,coal_australian,28.7,usd_per_tonne,"World Bank Commodity Markets (Pink Sheet), Monthly Prices",https://thedocs.worldbank.org/en/doc/74e8be41ceb20fa0da750cda2f6b9e4e-0050012026/related/CMO-Historical-Data-Monthly.xlsx
1978-01-01,coal_australian,27.9,usd_per_tonne,"World Bank Commodity Markets (Pink Sheet), Monthly Prices",https://thedocs.worldbank.org/en/doc/74e8be41ceb20fa0da750cda2f6b9e4e-0050012026/related/CMO-Historical-Data-Monthly.xlsx
1978-02-01,coal_australian,27.1,usd_per_tonne,"World Bank Commodity Markets (Pink Sheet), Monthly Prices",https://thedocs.worldbank.org/en/doc/74e8be41ceb20fa0da750cda2f6b9e4e-0050012026/related/CMO-Historical-Data-Monthly.xlsx
1978-03-01,coal_australian,27.1,usd_per_tonne,"World Bank Commodity Markets (Pink Sheet), Monthly Prices",https://thedocs.worldbank.org/en/doc/74e8be41ceb20fa0da750cda2f6b9e4e-0050012026/related/CMO-Historical-Data-Monthly.xlsx
1978-04-01,coal_australian,27.1,usd_per_tonne,"World Bank Commodity Markets (Pink Sheet), Monthly Prices",https://thedocs.worldbank.org/en/doc/74e8be41ceb20fa0da750cda2f6b9e4e-0050012026/related/CMO-Historical-Data-Monthly.xlsx
1978-05-01,coal_australian,28.6,usd_per_tonne,"World Bank Commodity Markets (Pink Sheet), Monthly Prices",https://thedocs.worldbank.org/en/doc/74e8be41ceb20fa0da750cda2f6b9e4e-0050012026/related/CMO-Historical-Data-Monthly.xlsx
1978-06-01,coal_australian,30.2,usd_per_tonne,"World Bank Commodity Markets (Pink Sheet), Monthly Prices",https://thedocs.worldbank.org/en/doc/74e8be41ceb20fa0da750cda2f6b9e4e-0050012026/related/CMO-Historical-Data-Monthly.xlsx
1978-07-01,coal_australian,30.2,usd_per_tonne,"World Bank Commodity Markets (Pink Sheet), Monthly Prices",https://thedocs.worldbank.org/en/doc/74e8be41ceb20fa0da750cda2f6b9e4e-0050012026/related/CMO-Historical-Data-Monthly.xlsx
1978-08-01,coal_australian,30.2,usd_per_tonne,"World Bank Commodity Markets (Pink Sheet), Monthly Prices",https://thedocs.worldbank.org/en/doc/74e8be41ceb20fa0da750cda2f6b9e4e-0050012026/related/CMO-Historical-Data-Monthly.xlsx
1978-09-01,coal_australian,30.2,usd_per_tonne,"World Bank Commodity Markets (Pink Sheet), Monthly Prices",https://thedocs.worldbank.org/en/doc/74e8be41ceb20fa0da750cda2f6b9e4e-0050012026/related/CMO-Historical-Data-Monthly.xlsx
1978-10-01,coal_australian,30.2,usd_per_tonne,"World Bank Commodity Markets (Pink Sheet), Monthly Prices",https://thedocs.worldbank.org/en/doc/74e8be41ceb20fa0da750cda2f6b9e4e-0050012026/related/CMO-Historical-Data-Monthly.xlsx
1978-11-01,coal_australian,30.2,usd_per_tonne,"World Bank Commodity Markets (Pink Sheet), Monthly Prices",https://thedocs.worldbank.org/en/doc/74e8be41ceb20fa0da750cda2f6b9e4e-0050012026/related/CMO-Historical-Data-Monthly.xlsx
1978-12-01,coal_australian,30.2,usd_per_tonne,"World Bank Commodity Markets (Pink Sheet), Monthly Prices",https://thedocs.worldbank.org/en/doc/74e8be41ceb20fa0da750cda2f6b9e4e-0050012026/related/CMO-Historical-Data-Monthly.xlsx
1979-01-01,coal_australian,30.2,usd_per_tonne,"World Bank Commodity Markets (Pink Sheet), Monthly Prices",https://thedocs.worldbank.org/en/doc/74e8be41ceb20fa0da750cda2f6b9e4e-0050012026/related/CMO-Historical-Data-Monthly.xlsx
1979-02-01,coal_australian,30.2,usd_per_tonne,"World Bank Commodity Markets (Pink Sheet), Monthly Prices",https://thedocs.worldbank.org/en/doc/74e8be41ceb20fa0da750cda2f6b9e4e-0050012026/related/CMO-Historical-Data-Monthly.xlsx
1979-03-01,coal_australian,30.2,usd_per_tonne,"World Bank Commodity Markets (Pink Sheet), Monthly Prices",https://thedocs.worldbank.org/en/doc/74e8be41ceb20fa0da750cda2f6b9e4e-0050012026/related/CMO-Historical-Data-Monthly.xlsx
1979-04-01,coal_australian,30.2,usd_per_tonne,"World Bank Commodity Markets (Pink Sheet), Monthly Prices",https://thedocs.worldbank.org/en/doc/74e8be41ceb20fa0da750cda2f6b9e4e-0050012026/related/CMO-Historical-Data-Monthly.xlsx
1979-05-01,coal_australian,30.2,usd_per_tonne,"World Bank Commodity Markets (Pink Sheet), Monthly Prices",https://thedocs.worldbank.org/en/doc/74e8be41ceb20fa0da750cda2f6b9e4e-0050012026/related/CMO-Historical-Data-Monthly.xlsx
1979-06-01,coal_australian,30.2,usd_per_tonne,"World Bank Commodity Markets (Pink Sheet), Monthly Prices",https://thedocs.worldbank.org/en/doc/74e8be41ceb20fa0da750cda2f6b9e4e-0050012026/related/CMO-Historical-Data-Monthly.xlsx
1979-07-01,coal_australian,30.2,usd_per_tonne,"World Bank Commodity Markets (Pink Sheet), Monthly Prices",https://thedocs.worldbank.org/en/doc/74e8be41ceb20fa0da750cda2f6b9e4e-0050012026/related/CMO-Historical-Data-Monthly.xlsx
1979-08-01,coal_australian,31.3,usd_per_tonne,"World Bank Commodity Markets (Pink Sheet), Monthly Prices",https://thedocs.worldbank.org/en/doc/74e8be41ceb20fa0da750cda2f6b9e4e-0050012026/related/CMO-Historical-Data-Monthly.xlsx
1979-09-01,coal_australian,31.3,usd_per_tonne,"World Bank Commodity Markets (Pink Sheet), Monthly Prices",https://thedocs.worldbank.org/en/doc/74e8be41ceb20fa0da750cda2f6b9e4e-0050012026/related/CMO-Historical-Data-Monthly.xlsx
1979-10-01,coal_australian,32.4,usd_per_tonne,"World Bank Commodity Markets (Pink Sheet), Monthly Prices",https://thedocs.worldbank.org/en/doc/74e8be41ceb20fa0da750cda2f6b9e4e-0050012026/related/CMO-Historical-Data-Monthly.xlsx
1979-11-01,coal_australian,32.4,usd_per_tonne,"World Bank Commodity Markets (Pink Sheet), Monthly Prices",https://thedocs.worldbank.org/en/doc/74e8be41ceb20fa0da750cda2f6b9e4e-0050012026/related/CMO-Historical-Data-Monthly.xlsx
1979-12-01,coal_australian,32.4,usd_per_tonne,"World Bank Commodity Markets (Pink Sheet), Monthly Prices",https://thedocs.worldbank.org/en/doc/74e8be41ceb20fa0da750cda2f6b9e4e-0050012026/related/CMO-Historical-Data-Monthly.xlsx
1980-01-01,coal_australian,32.4,usd_per_tonne,"World Bank Commodity Markets (Pink Sheet), Monthly Prices",https://thedocs.worldbank.org/en/doc/74e8be41ceb20fa0da750cda2f6b9e4e-0050012026/related/CMO-Historical-Data-Monthly.xlsx
1980-02-01,coal_australian,32.4,usd_per_tonne,"World Bank Commodity Markets (Pink Sheet), Monthly Prices",https://thedocs.worldbank.org/en/doc/74e8be41ceb20fa0da750cda2f6b9e4e-0050012026/related/CMO-Historical-Data-Monthly.xlsx
1980-03-01,coal_australian,32.4,usd_per_tonne,"World Bank Commodity Markets (Pink Sheet), Monthly Prices",https://thedocs.worldbank.org/en/doc/74e8be41ceb20fa0da750cda2f6b9e4e-0050012026/related/CMO-Historical-Data-Monthly.xlsx
1980-04-01,coal_australian,39.5,usd_per_tonne,"World Bank Commodity Markets (Pink Sheet), Monthly Prices",https://thedocs.worldbank.org/en/doc/74e8be41ceb20fa0da750cda2f6b9e4e-0050012026/related/CMO-Historical-Data-Monthly.xlsx
1980-05-01,coal_australian,40.1,usd_per_tonne,"World Bank Commodity Markets (Pink Sheet), Monthly Prices",https://thedocs.worldbank.org/en/doc/74e8be41ceb20fa0da750cda2f6b9e4e-0050012026/related/CMO-Historical-Data-Monthly.xlsx
1980-06-01,coal_australian,40.7,usd_per_tonne,"World Bank Commodity Markets (Pink Sheet), Monthly Prices",https://thedocs.worldbank.org/en/doc/74e8be41ceb20fa0da750cda2f6b9e4e-0050012026/related/CMO-Historical-Data-Monthly.xlsx
1980-07-01,coal_australian,40.7,usd_per_tonne,"World Bank Commodity Markets (Pink Sheet), Monthly Prices",https://thedocs.worldbank.org/en/doc/74e8be41ceb20fa0da750cda2f6b9e4e-0050012026/related/CMO-Historical-Data-Monthly.xlsx
1980-08-01,coal_australian,44.2,usd_per_tonne,"World Bank Commodity Markets (Pink Sheet), Monthly Prices",https://thedocs.worldbank.org/en/doc/74e8be41ceb20fa0da750cda2f6b9e4e-0050012026/related/CMO-Historical-Data-Monthly.xlsx
1980-09-01,coal_australian,44.6,usd_per_tonne,"World Bank Commodity Markets (Pink Sheet), Monthly Prices",https://thedocs.worldbank.org/en/doc/74e8be41ceb20fa0da750cda2f6b9e4e-0050012026/related/CMO-Historical-Data-Monthly.xlsx
1980-10-01,coal_australian,44.6,usd_per_tonne,"World Bank Commodity Markets (Pink Sheet), Monthly Prices",https://thedocs.worldbank.org/en/doc/74e8be41ceb20fa0da750cda2f6b9e4e-0050012026/related/CMO-Historical-Data-Monthly.xlsx
1980-11-01,coal_australian,45.0,usd_per_tonne,"World Bank Commodity Markets (Pink Sheet), Monthly Prices",https://thedocs.worldbank.org/en/doc/74e8be41ceb20fa0da750cda2f6b9e4e-0050012026/related/CMO-Historical-Data-Monthly.xlsx
1980-12-01,coal_australian,45.0,usd_per_tonne,"World Bank Commodity Markets (Pink Sheet), Monthly Prices",https://thedocs.worldbank.org/en/doc/74e8be41ceb20fa0da750cda2f6b9e4e-0050012026/related/CMO-Historical-Data-Monthly.xlsx
1981-01-01,coal_australian,45.0,usd_per_tonne,"World Bank Commodity Markets (Pink Sheet), Monthly Prices",https://thedocs.worldbank.org/en/doc/74e8be41ceb20fa0da750cda2f6b9e4e-0050012026/related/CMO-Historical-Data-Monthly.xlsx
1981-02-01,coal_australian,45.0,usd_per_tonne,"World Bank Commodity Markets (Pink Sheet), Monthly Prices",https://thedocs.worldbank.org/en/doc/74e8be41ceb20fa0da750cda2f6b9e4e-0050012026/related/CMO-Historical-Data-Monthly.xlsx
1981-03-01,coal_australian,45.0,usd_per_tonne,"World Bank Commodity Markets (Pink Sheet), Monthly Prices",https://thedocs.worldbank.org/en/doc/74e8be41ceb20fa0da750cda2f6b9e4e-0050012026/related/CMO-Historical-Data-Monthly.xlsx
1981-04-01,coal_australian,56.5,usd_per_tonne,"World Bank Commodity Markets (Pink Sheet), Monthly Prices",https://thedocs.worldbank.org/en/doc/74e8be41ceb20fa0da750cda2f6b9e4e-0050012026/related/CMO-Historical-Data-Monthly.xlsx
1981-05-01,coal_australian,56.5,usd_per_tonne,"World Bank Commodity Markets (Pink Sheet), Monthly Prices",https://thedocs.worldbank.org/en/doc/74e8be41ceb20fa0da750cda2f6b9e4e-0050012026/related/CMO-Historical-Data-Monthly.xlsx
1981-06-01,coal_australian,56.5,usd_per_tonne,"World Bank Commodity Markets (Pink Sheet), Monthly Prices",https://thedocs.worldbank.org/en/doc/74e8be41ceb20fa0da750cda2f6b9e4e-0050012026/related/CMO-Historical-Data-Monthly.xlsx
1981-07-01,coal_australian,56.5,usd_per_tonne,"World Bank Commodity Markets (Pink Sheet), Monthly Prices",https://thedocs.worldbank.org/en/doc/74e8be41ceb20fa0da750cda2f6b9e4e-0050012026/related/CMO-Historical-Data-Monthly.xlsx
1981-08-01,coal_australian,56.5,usd_per_tonne,"World Bank Commodity Markets (Pink Sheet), Monthly Prices",https://thedocs.worldbank.org/en/doc/74e8be41ceb20fa0da750cda2f6b9e4e-0050012026/related/CMO-Historical-Data-Monthly.xlsx
1981-09-01,coal_australian,56.5,usd_per_tonne,"World Bank Commodity Markets (Pink Sheet), Monthly Prices",https://thedocs.worldbank.org/en/doc/74e8be41ceb20fa0da750cda2f6b9e4e-0050012026/related/CMO-Historical-Data-Monthly.xlsx
1981-10-01,coal_australian,56.5,usd_per_tonne,"World Bank Commodity Markets (Pink Sheet), Monthly Prices",https://thedocs.worldbank.org/en/doc/74e8be41ceb20fa0da750cda2f6b9e4e-0050012026/related/CMO-Historical-Data-Monthly.xlsx
1981-11-01,coal_australian,56.5,usd_per_tonne,"World Bank Commodity Markets (Pink Sheet), Monthly Prices",https://thedocs.worldbank.org/en/doc/74e8be41ceb20fa0da750cda2f6b9e4e-0050012026/related/CMO-Historical-Data-Monthly.xlsx
1981-12-01,coal_australian,56.5,usd_per_tonne,"World Bank Commodity Markets (Pink Sheet), Monthly Prices",https://thedocs.worldbank.org/en/doc/74e8be41ceb20fa0da750cda2f6b9e4e-0050012026/related/CMO-Historical-Data-Monthly.xlsx
1982-01-01,coal_australian,55.6,usd_per_tonne,"World Bank Commodity Markets (Pink Sheet), Monthly Prices",https://thedocs.worldbank.org/en/doc/74e8be41ceb20fa0da750cda2f6b9e4e-0050012026/related/CMO-Historical-Data-Monthly.xlsx
1982-02-01,coal_australian,55.6,usd_per_tonne,"World Bank Commodity Markets (Pink Sheet), Monthly Prices",https://thedocs.worldbank.org/en/doc/74e8be41ceb20fa0da750cda2f6b9e4e-0050012026/related/CMO-Historical-Data-Monthly.xlsx
1982-03-01,coal_australian,55.6,usd_per_tonne,"World Bank Commodity Markets (Pink Sheet), Monthly Prices",https://thedocs.worldbank.org/en/doc/74e8be41ceb20fa0da750cda2f6b9e4e-0050012026/related/CMO-Historical-Data-Monthly.xlsx
1982-04-01,coal_australian,55.6,usd_per_tonne,"World Bank Commodity Markets (Pink Sheet), Monthly Prices",https://thedocs.worldbank.org/en/doc/74e8be41ceb20fa0da750cda2f6b9e4e-0050012026/related/CMO-Historical-Data-Monthly.xlsx
1982-05-01,coal_australian,55.6,usd_per_tonne,"World Bank Commodity Markets (Pink Sheet), Monthly Prices",https://thedocs.worldbank.org/en/doc/74e8be41ceb20fa0da750cda2f6b9e4e-0050012026/related/CMO-Historical-Data-Monthly.xlsx
1982-06-01,coal_australian,55.6,usd_per_tonne,"World Bank Commodity Markets (Pink Sheet), Monthly Prices",https://thedocs.worldbank.org/en/doc/74e8be41ceb20fa0da750cda2f6b9e4e-0050012026/related/CMO-Historical-Data-Monthly.xlsx
1982-07-01,coal_australian,55.6,usd_per_tonne,"World Bank Commodity Markets (Pink Sheet), Monthly Prices",https://thedocs.worldbank.org/en/doc/74e8be41ceb20fa0da750cda2f6b9e4e-0050012026/related/CMO-Historical-Data-Monthly.xlsx
1982-08-01,coal_australian,55.6,usd_per_tonne,"World Bank Commodity Markets (Pink Sheet), Monthly Prices",https://thedocs.worldbank.org/en/doc/74e8be41ceb20fa0da750cda2f6b9e4e-0050012026/related/CMO-Historical-Data-Monthly.xlsx
1982-09-01,coal_australian,55.6,usd_per_tonne,"World Bank Commodity Markets (Pink Sheet), Monthly Prices",https://thedocs.worldbank.org/en/doc/74e8be41ceb20fa0da750cda2f6b9e4e-0050012026/related/CMO-Historical-Data-Monthly.xlsx
1982-10-01,coal_australian,55.6,usd_per_tonne,"World Bank Commodity Markets (Pink Sheet), Monthly Prices",https://thedocs.worldbank.org/en/doc/74e8be41ceb20fa0da750cda2f6b9e4e-0050012026/related/CMO-Historical-Data-Monthly.xlsx
1982-11-01,coal_australian,55.6,usd_per_tonne,"World Bank Commodity Markets (Pink Sheet), Monthly Prices",https://thedocs.worldbank.org/en/doc/74e8be41ceb20fa0da750cda2f6b9e4e-0050012026/related/CMO-Historical-Data-Monthly.xlsx
1982-12-01,coal_australian,45.5,usd_per_tonne,"World Bank Commodity Markets (Pink Sheet), Monthly Prices",https://thedocs.worldbank.org/en/doc/74e8be41ceb20fa0da750cda2f6b9e4e-0050012026/related/CMO-Historical-Data-Monthly.xlsx
1983-01-01,coal_australian,43.0,usd_per_tonne,"World Bank Commodity Markets (Pink Sheet), Monthly Prices",https://thedocs.worldbank.org/en/doc/74e8be41ceb20fa0da750cda2f6b9e4e-0050012026/related/CMO-Historical-Data-Monthly.xlsx
1983-02-01,coal_australian,43.0,usd_per_tonne,"World Bank Commodity Markets (Pink Sheet), Monthly Prices",https://thedocs.worldbank.org/en/doc/74e8be41ceb20fa0da750cda2f6b9e4e-0050012026/related/CMO-Historical-Data-Monthly.xlsx
1983-03-01,coal_australian,43.0,usd_per_tonne,"World Bank Commodity Markets (Pink Sheet), Monthly Prices",https://thedocs.worldbank.org/en/doc/74e8be41ceb20fa0da750cda2f6b9e4e-0050012026/related/CMO-Historical-Data-Monthly.xlsx
1983-04-01,coal_australian,43.0,usd_per_tonne,"World Bank Commodity Markets (Pink Sheet), Monthly Prices",https://thedocs.worldbank.org/en/doc/74e8be41ceb20fa0da750cda2f6b9e4e-0050012026/related/CMO-Historical-Data-Monthly.xlsx
1983-05-01,coal_australian,43.0,usd_per_tonne,"World Bank Commodity Markets (Pink Sheet), Monthly Prices",https://thedocs.worldbank.org/en/doc/74e8be41ceb20fa0da750cda2f6b9e4e-0050012026/related/CMO-Historical-Data-Monthly.xlsx
1983-06-01,coal_australian,43.0,usd_per_tonne,"World Bank Commodity Markets (Pink Sheet), Monthly Prices",https://thedocs.worldbank.org/en/doc/74e8be41ceb20fa0da750cda2f6b9e4e-0050012026/related/CMO-Historical-Data-Monthly.xlsx
1983-07-01,coal_australian,34.8,usd_per_tonne,"World Bank Commodity Markets (Pink Sheet), Monthly Prices",https://thedocs.worldbank.org/en/doc/74e8be41ceb20fa0da750cda2f6b9e4e-0050012026/related/CMO-Historical-Data-Monthly.xlsx
1983-08-01,coal_australian,34.8,usd_per_tonne,"World Bank Commodity Markets (Pink Sheet), Monthly Prices",https://thedocs.worldbank.org/en/doc/74e8be41ceb20fa0da750cda2f6b9e4e-0050012026/related/CMO-Historical-Data-Monthly.xlsx
1983-09-01,coal_australian,34.8,usd_per_tonne,"World Bank Commodity Markets (Pink Sheet), Monthly Prices",https://thedocs.worldbank.org/en/doc/74e8be41ceb20fa0da750cda2f6b9e4e-0050012026/related/CMO-Historical-Data-Monthly.xlsx
1983-10-01,coal_australian,34.8,usd_per_tonne,"World Bank Commodity Markets (Pink Sheet), Monthly Prices",https://thedocs.worldbank.org/en/doc/74e8be41ceb20fa0da750cda2f6b9e4e-0050012026/related/CMO-Historical-Data-Monthly.xlsx
1983-11-01,coal_australian,32.0,usd_per_tonne,"World Bank Commodity Markets (Pink Sheet), Monthly Prices",https://thedocs.worldbank.org/en/doc/74e8be41ceb20fa0da750cda2f6b9e4e-0050012026/related/CMO-Historical-Data-Monthly.xlsx
1983-12-01,coal_australian,29.3,usd_per_tonne,"World Bank Commodity Markets (Pink Sheet), Monthly Prices",https://thedocs.worldbank.org/en/doc/74e8be41ceb20fa0da750cda2f6b9e4e-0050012026/related/CMO-Historical-Data-Monthly.xlsx
1984-01-01,coal_australian,29.3,usd_per_tonne,"World Bank Commodity Markets (Pink Sheet), Monthly Prices",https://thedocs.worldbank.org/en/doc/74e8be41ceb20fa0da750cda2f6b9e4e-0050012026/related/CMO-Historical-Data-Monthly.xlsx
1984-02-01,coal_australian,29.3,usd_per_tonne,"World Bank Commodity Markets (Pink Sheet), Monthly Prices",https://thedocs.worldbank.org/en/doc/74e8be41ceb20fa0da750cda2f6b9e4e-0050012026/related/CMO-Historical-Data-Monthly.xlsx
1984-03-01,coal_australian,29.3,usd_per_tonne,"World Bank Commodity Markets (Pink Sheet), Monthly Prices",https://thedocs.worldbank.org/en/doc/74e8be41ceb20fa0da750cda2f6b9e4e-0050012026/related/CMO-Historical-Data-Monthly.xlsx
1984-04-01,coal_australian,29.3,usd_per_tonne,"World Bank Commodity Markets (Pink Sheet), Monthly Prices",https://thedocs.worldbank.org/en/doc/74e8be41ceb20fa0da750cda2f6b9e4e-0050012026/related/CMO-Historical-Data-Monthly.xlsx
1984-05-01,coal_australian,29.3,usd_per_tonne,"World Bank Commodity Markets (Pink Sheet), Monthly Prices",https://thedocs.worldbank.org/en/doc/74e8be41ceb20fa0da750cda2f6b9e4e-0050012026/related/CMO-Historical-Data-Monthly.xlsx
1984-06-01,coal_australian,31.8,usd_per_tonne,"World Bank Commodity Markets (Pink Sheet), Monthly Prices",https://thedocs.worldbank.org/en/doc/74e8be41ceb20fa0da750cda2f6b9e4e-0050012026/related/CMO-Historical-Data-Monthly.xlsx
1984-07-01,coal_australian,31.8,usd_per_tonne,"World Bank Commodity Markets (Pink Sheet), Monthly Prices",https://thedocs.worldbank.org/en/doc/74e8be41ceb20fa0da750cda2f6b9e4e-0050012026/related/CMO-Historical-Data-Monthly.xlsx
1984-08-01,coal_australian,31.8,usd_per_tonne,"World Bank Commodity Markets (Pink Sheet), Monthly Prices",https://thedocs.worldbank.org/en/doc/74e8be41ceb20fa0da750cda2f6b9e4e-0050012026/related/CMO-Historical-Data-Monthly.xlsx
1984-09-01,coal_australian,31.8,usd_per_tonne,"World Bank Commodity Markets (Pink Sheet), Monthly Prices",https://thedocs.worldbank.org/en/doc/74e8be41ceb20fa0da750cda2f6b9e4e-0050012026/related/CMO-Historical-Data-Monthly.xlsx
1984-10-01,coal_australian,31.8,usd_per_tonne,"World Bank Commodity Markets (Pink Sheet), Monthly Prices",https://thedocs.worldbank.org/en/doc/74e8be41ceb20fa0da750cda2f6b9e4e-0050012026/related/CMO-Historical-Data-Monthly.xlsx
1984-11-01,coal_australian,32.8,usd_per_tonne,"World Bank Commodity Markets (Pink Sheet), Monthly Prices",https://thedocs.worldbank.org/en/doc/74e8be41ceb20fa0da750cda2f6b9e4e-0050012026/related/CMO-Historical-Data-Monthly.xlsx
1984-12-01,coal_australian,33.8,usd_per_tonne,"World Bank Commodity Markets (Pink Sheet), Monthly Prices",https://thedocs.worldbank.org/en/doc/74e8be41ceb20fa0da750cda2f6b9e4e-0050012026/related/CMO-Historical-Data-Monthly.xlsx
1985-01-01,coal_australian,33.8,usd_per_tonne,"World Bank Commodity Markets (Pink Sheet), Monthly Prices",https://thedocs.worldbank.org/en/doc/74e8be41ceb20fa0da750cda2f6b9e4e-0050012026/related/CMO-Historical-Data-Monthly.xlsx
1985-02-01,coal_australian,33.8,usd_per_tonne,"World Bank Commodity Markets (Pink Sheet), Monthly Prices",https://thedocs.worldbank.org/en/doc/74e8be41ceb20fa0da750cda2f6b9e4e-0050012026/related/CMO-Historical-Data-Monthly.xlsx
1985-03-01,coal_australian,33.8,usd_per_tonne,"World Bank Commodity Markets (Pink Sheet), Monthly Prices",https://thedocs.worldbank.org/en/doc/74e8be41ceb20fa0da750cda2f6b9e4e-0050012026/related/CMO-Historical-Data-Monthly.xlsx
1985-04-01,coal_australian,33.8,usd_per_tonne,"World Bank Commodity Markets (Pink Sheet), Monthly Prices",https://thedocs.worldbank.org/en/doc/74e8be41ceb20fa0da750cda2f6b9e4e-0050012026/related/CMO-Historical-Data-Monthly.xlsx
1985-05-01,coal_australian,33.8,usd_per_tonne,"World Bank Commodity Markets (Pink Sheet), Monthly Prices",https://thedocs.worldbank.org/en/doc/74e8be41ceb20fa0da750cda2f6b9e4e-0050012026/related/CMO-Historical-Data-Monthly.xlsx
1985-06-01,coal_australian,33.8,usd_per_tonne,"World Bank Commodity Markets (Pink Sheet), Monthly Prices",https://thedocs.worldbank.org/en/doc/74e8be41ceb20fa0da750cda2f6b9e4e-0050012026/related/CMO-Historical-Data-Monthly.xlsx
1985-07-01,coal_australian,33.8,usd_per_tonne,"World Bank Commodity Markets (Pink Sheet), Monthly Prices",https://thedocs.worldbank.org/en/doc/74e8be41ceb20fa0da750cda2f6b9e4e-0050012026/related/CMO-Historical-Data-Monthly.xlsx
1985-08-01,coal_australian,33.8,usd_per_tonne,"World Bank Commodity Markets (Pink Sheet), Monthly Prices",https://thedocs.worldbank.org/en/doc/74e8be41ceb20fa0da750cda2f6b9e4e-0050012026/related/CMO-Historical-Data-Monthly.xlsx
1985-09-01,coal_australian,33.8,usd_per_tonne,"World Bank Commodity Markets (Pink Sheet), Monthly Prices",https://thedocs.worldbank.org/en/doc/74e8be41ceb20fa0da750cda2f6b9e4e-0050012026/related/CMO-Historical-Data-Monthly.xlsx
1985-10-01,coal_australian,33.8,usd_per_tonne,"World Bank Commodity Markets (Pink Sheet), Monthly Prices",https://thedocs.worldbank.org/en/doc/74e8be41ceb20fa0da750cda2f6b9e4e-0050012026/related/CMO-Historical-Data-Monthly.xlsx
1985-11-01,coal_australian,33.8,usd_per_tonne,"World Bank Commodity Markets (Pink Sheet), Monthly Prices",https://thedocs.worldbank.org/en/doc/74e8be41ceb20fa0da750cda2f6b9e4e-0050012026/related/CMO-Historical-Data-Monthly.xlsx
1985-12-01,coal_australian,33.8,usd_per_tonne,"World Bank Commodity Markets (Pink Sheet), Monthly Prices",https://thedocs.worldbank.org/en/doc/74e8be41ceb20fa0da750cda2f6b9e4e-0050012026/related/CMO-Historical-Data-Monthly.xlsx
1986-01-01,coal_australian,33.8,usd_per_tonne,"World Bank Commodity Markets (Pink Sheet), Monthly Prices",https://thedocs.worldbank.org/en/doc/74e8be41ceb20fa0da750cda2f6b9e4e-0050012026/related/CMO-Historical-Data-Monthly.xlsx
1986-02-01,coal_australian,33.8,usd_per_tonne,"World Bank Commodity Markets (Pink Sheet), Monthly Prices",https://thedocs.worldbank.org/en/doc/74e8be41ceb20fa0da750cda2f6b9e4e-0050012026/related/CMO-Historical-Data-Monthly.xlsx
1986-03-01,coal_australian,30.8,usd_per_tonne,"World Bank Commodity Markets (Pink Sheet), Monthly Prices",https://thedocs.worldbank.org/en/doc/74e8be41ceb20fa0da750cda2f6b9e4e-0050012026/related/CMO-Historical-Data-Monthly.xlsx
1986-04-01,coal_australian,30.8,usd_per_tonne,"World Bank Commodity Markets (Pink Sheet), Monthly Prices",https://thedocs.worldbank.org/en/doc/74e8be41ceb20fa0da750cda2f6b9e4e-0050012026/related/CMO-Historical-Data-Monthly.xlsx
1986-05-01,coal_australian,30.8,usd_per_tonne,"World Bank Commodity Markets (Pink Sheet), Monthly Prices",https://thedocs.worldbank.org/en/doc/74e8be41ceb20fa0da750cda2f6b9e4e-0050012026/related/CMO-Historical-Data-Monthly.xlsx
1986-06-01,coal_australian,30.8,usd_per_tonne,"World Bank Commodity Markets (Pink Sheet), Monthly Prices",https://thedocs.worldbank.org/en/doc/74e8be41ceb20fa0da750cda2f6b9e4e-0050012026/related/CMO-Historical-Data-Monthly.xlsx
1986-07-01,coal_australian,30.8,usd_per_tonne,"World Bank Commodity Markets (Pink Sheet), Monthly Prices",https://thedocs.worldbank.org/en/doc/74e8be41ceb20fa0da750cda2f6b9e4e-0050012026/related/CMO-Historical-Data-Monthly.xlsx
1986-08-01,coal_australian,30.8,usd_per_tonne,"World Bank Commodity Markets (Pink Sheet), Monthly Prices",https://thedocs.worldbank.org/en/doc/74e8be41ceb20fa0da750cda2f6b9e4e-0050012026/related/CMO-Historical-Data-Monthly.xlsx
1986-09-01,coal_australian,30.8,usd_per_tonne,"World Bank Commodity Markets (Pink Sheet), Monthly Prices",https://thedocs.worldbank.org/en/doc/74e8be41ceb20fa0da750cda2f6b9e4e-0050012026/related/CMO-Historical-Data-Monthly.xlsx
1986-10-01,coal_australian,30.8,usd_per_tonne,"World Bank Commodity Markets (Pink Sheet), Monthly Prices",https://thedocs.worldbank.org/en/doc/74e8be41ceb20fa0da750cda2f6b9e4e-0050012026/related/CMO-Historical-Data-Monthly.xlsx
1986-11-01,coal_australian,30.8,usd_per_tonne,"World Bank Commodity Markets (Pink Sheet), Monthly Prices",https://thedocs.worldbank.org/en/doc/74e8be41ceb20fa0da750cda2f6b9e4e-0050012026/related/CMO-Historical-Data-Monthly.xlsx
1986-12-01,coal_australian,29.3,usd_per_tonne,"World Bank Commodity Markets (Pink Sheet), Monthly Prices",https://thedocs.worldbank.org/en/doc/74e8be41ceb20fa0da750cda2f6b9e4e-0050012026/related/CMO-Historical-Data-Monthly.xlsx
1987-01-01,coal_australian,29.3,usd_per_tonne,"World Bank Commodity Markets (Pink Sheet), Monthly Prices",https://thedocs.worldbank.org/en/doc/74e8be41ceb20fa0da750cda2f6b9e4e-0050012026/related/CMO-Historical-Data-Monthly.xlsx
1987-02-01,coal_australian,29.3,usd_per_tonne,"World Bank Commodity Markets (Pink Sheet), Monthly Prices",https://thedocs.worldbank.org/en/doc/74e8be41ceb20fa0da750cda2f6b9e4e-0050012026/related/CMO-Historical-Data-Monthly.xlsx
1987-03-01,coal_australian,29.3,usd_per_tonne,"World Bank Commodity Markets (Pink Sheet), Monthly Prices",https://thedocs.worldbank.org/en/doc/74e8be41ceb20fa0da750cda2f6b9e4e-0050012026/related/CMO-Historical-Data-Monthly.xlsx
1987-04-01,coal_australian,24.8,usd_per_tonne,"World Bank Commodity Markets (Pink Sheet), Monthly Prices",https://thedocs.worldbank.org/en/doc/74e8be41ceb20fa0da750cda2f6b9e4e-0050012026/related/CMO-Historical-Data-Monthly.xlsx
1987-05-01,coal_australian,24.8,usd_per_tonne,"World Bank Commodity Markets (Pink Sheet), Monthly Prices",https://thedocs.worldbank.org/en/doc/74e8be41ceb20fa0da750cda2f6b9e4e-0050012026/related/CMO-Historical-Data-Monthly.xlsx
1987-06-01,coal_australian,24.8,usd_per_tonne,"World Bank Commodity Markets (Pink Sheet), Monthly Prices",https://thedocs.worldbank.org/en/doc/74e8be41ceb20fa0da750cda2f6b9e4e-0050012026/related/CMO-Historical-Data-Monthly.xlsx
1987-07-01,coal_australian,27.0,usd_per_tonne,"World Bank Commodity Markets (Pink Sheet), Monthly Prices",https://thedocs.worldbank.org/en/doc/74e8be41ceb20fa0da750cda2f6b9e4e-0050012026/related/CMO-Historical-Data-Monthly.xlsx
1987-08-01,coal_australian,27.0,usd_per_tonne,"World Bank Commodity Markets (Pink Sheet), Monthly Prices",https://thedocs.worldbank.org/en/doc/74e8be41ceb20fa0da750cda2f6b9e4e-0050012026/related/CMO-Historical-Data-Monthly.xlsx
1987-09-01,coal_australian,27.0,usd_per_tonne,"World Bank Commodity Markets (Pink Sheet), Monthly Prices",https://thedocs.worldbank.org/en/doc/74e8be41ceb20fa0da750cda2f6b9e4e-0050012026/related/CMO-Historical-Data-Monthly.xlsx
1987-10-01,coal_australian,27.0,usd_per_tonne,"World Bank Commodity Markets (Pink Sheet), Monthly Prices",https://thedocs.worldbank.org/en/doc/74e8be41ceb20fa0da750cda2f6b9e4e-0050012026/related/CMO-Historical-Data-Monthly.xlsx
1987-11-01,coal_australian,29.0,usd_per_tonne,"World Bank Commodity Markets (Pink Sheet), Monthly Prices",https://thedocs.worldbank.org/en/doc/74e8be41ceb20fa0da750cda2f6b9e4e-0050012026/related/CMO-Historical-Data-Monthly.xlsx
1987-12-01,coal_australian,31.0,usd_per_tonne,"World Bank Commodity Markets (Pink Sheet), Monthly Prices",https://thedocs.worldbank.org/en/doc/74e8be41ceb20fa0da750cda2f6b9e4e-0050012026/related/CMO-Historical-Data-Monthly.xlsx
1988-01-01,coal_australian,31.0,usd_per_tonne,"World Bank Commodity Markets (Pink Sheet), Monthly Prices",https://thedocs.worldbank.org/en/doc/74e8be41ceb20fa0da750cda2f6b9e4e-0050012026/related/CMO-Historical-Data-Monthly.xlsx
1988-02-01,coal_australian,31.0,usd_per_tonne,"World Bank Commodity Markets (Pink Sheet), Monthly Prices",https://thedocs.worldbank.org/en/doc/74e8be41ceb20fa0da750cda2f6b9e4e-0050012026/related/CMO-Historical-Data-Monthly.xlsx
1988-03-01,coal_australian,33.0,usd_per_tonne,"World Bank Commodity Markets (Pink Sheet), Monthly Prices",https://thedocs.worldbank.org/en/doc/74e8be41ceb20fa0da750cda2f6b9e4e-0050012026/related/CMO-Historical-Data-Monthly.xlsx
1988-04-01,coal_australian,33.0,usd_per_tonne,"World Bank Commodity Markets (Pink Sheet), Monthly Prices",https://thedocs.worldbank.org/en/doc/74e8be41ceb20fa0da750cda2f6b9e4e-0050012026/related/CMO-Historical-Data-Monthly.xlsx
1988-05-01,coal_australian,33.0,usd_per_tonne,"World Bank Commodity Markets (Pink Sheet), Monthly Prices",https://thedocs.worldbank.org/en/doc/74e8be41ceb20fa0da750cda2f6b9e4e-0050012026/related/CMO-Historical-Data-Monthly.xlsx
1988-06-01,coal_australian,36.0,usd_per_tonne,"World Bank Commodity Markets (Pink Sheet), Monthly Prices",https://thedocs.worldbank.org/en/doc/74e8be41ceb20fa0da750cda2f6b9e4e-0050012026/related/CMO-Historical-Data-Monthly.xlsx
1988-07-01,coal_australian,36.0,usd_per_tonne,"World Bank Commodity Markets (Pink Sheet), Monthly Prices",https://thedocs.worldbank.org/en/doc/74e8be41ceb20fa0da750cda2f6b9e4e-0050012026/related/CMO-Historical-Data-Monthly.xlsx
1988-08-01,coal_australian,36.0,usd_per_tonne,"World Bank Commodity Markets (Pink Sheet), Monthly Prices",https://thedocs.worldbank.org/en/doc/74e8be41ceb20fa0da750cda2f6b9e4e-0050012026/related/CMO-Historical-Data-Monthly.xlsx
1988-09-01,coal_australian,37.0,usd_per_tonne,"World Bank Commodity Markets (Pink Sheet), Monthly Prices",https://thedocs.worldbank.org/en/doc/74e8be41ceb20fa0da750cda2f6b9e4e-0050012026/related/CMO-Historical-Data-Monthly.xlsx
1988-10-01,coal_australian,37.0,usd_per_tonne,"World Bank Commodity Markets (Pink Sheet), Monthly Prices",https://thedocs.worldbank.org/en/doc/74e8be41ceb20fa0da750cda2f6b9e4e-0050012026/related/CMO-Historical-Data-Monthly.xlsx
1988-11-01,coal_australian,37.5,usd_per_tonne,"World Bank Commodity Markets (Pink Sheet), Monthly Prices",https://thedocs.worldbank.org/en/doc/74e8be41ceb20fa0da750cda2f6b9e4e-0050012026/related/CMO-Historical-Data-Monthly.xlsx
1988-12-01,coal_australian,38.0,usd_per_tonne,"World Bank Commodity Markets (Pink Sheet), Monthly Prices",https://thedocs.worldbank.org/en/doc/74e8be41ceb20fa0da750cda2f6b9e4e-0050012026/related/CMO-Historical-Data-Monthly.xlsx
1989-01-01,coal_australian,38.0,usd_per_tonne,"World Bank Commodity Markets (Pink Sheet), Monthly Prices",https://thedocs.worldbank.org/en/doc/74e8be41ceb20fa0da750cda2f6b9e4e-0050012026/related/CMO-Historical-Data-Monthly.xlsx
1989-02-01,coal_australian,38.0,usd_per_tonne,"World Bank Commodity Markets (Pink Sheet), Monthly Prices",https://thedocs.worldbank.org/en/doc/74e8be41ceb20fa0da750cda2f6b9e4e-0050012026/related/CMO-Historical-Data-Monthly.xlsx
1989-03-01,coal_australian,38.0,usd_per_tonne,"World Bank Commodity Markets (Pink Sheet), Monthly Prices",https://thedocs.worldbank.org/en/doc/74e8be41ceb20fa0da750cda2f6b9e4e-0050012026/related/CMO-Historical-Data-Monthly.xlsx
1989-04-01,coal_australian,38.0,usd_per_tonne,"World Bank Commodity Markets (Pink Sheet), Monthly Prices",https://thedocs.worldbank.org/en/doc/74e8be41ceb20fa0da750cda2f6b9e4e-0050012026/related/CMO-Historical-Data-Monthly.xlsx
1989-05-01,coal_australian,38.0,usd_per_tonne,"World Bank Commodity Markets (Pink Sheet), Monthly Prices",https://thedocs.worldbank.org/en/doc/74e8be41ceb20fa0da750cda2f6b9e4e-0050012026/related/CMO-Historical-Data-Monthly.xlsx
1989-06-01,coal_australian,38.0,usd_per_tonne,"World Bank Commodity Markets (Pink Sheet), Monthly Prices",https://thedocs.worldbank.org/en/doc/74e8be41ceb20fa0da750cda2f6b9e4e-0050012026/related/CMO-Historical-Data-Monthly.xlsx
1989-07-01,coal_australian,38.0,usd_per_tonne,"World Bank Commodity Markets (Pink Sheet), Monthly Prices",https://thedocs.worldbank.org/en/doc/74e8be41ceb20fa0da750cda2f6b9e4e-0050012026/related/CMO-Historical-Data-Monthly.xlsx
1989-08-01,coal_australian,38.0,usd_per_tonne,"World Bank Commodity Markets (Pink Sheet), Monthly Prices",https://thedocs.worldbank.org/en/doc/74e8be41ceb20fa0da750cda2f6b9e4e-0050012026/related/CMO-Historical-Data-Monthly.xlsx
1989-09-01,coal_australian,38.0,usd_per_tonne,"World Bank Commodity Markets (Pink Sheet), Monthly Prices",https://thedocs.worldbank.org/en/doc/74e8be41ceb20fa0da750cda2f6b9e4e-0050012026/related/CMO-Historical-Data-Monthly.xlsx
1989-10-01,coal_australian,38.0,usd_per_tonne,"World Bank Commodity Markets (Pink Sheet), Monthly Prices",https://thedocs.worldbank.org/en/doc/74e8be41ceb20fa0da750cda2f6b9e4e-0050012026/related/CMO-Historical-Data-Monthly.xlsx
1989-11-01,coal_australian,38.0,usd_per_tonne,"World Bank Commodity Markets (Pink Sheet), Monthly Prices",https://thedocs.worldbank.org/en/doc/74e8be41ceb20fa0da750cda2f6b9e4e-0050012026/related/CMO-Historical-Data-Monthly.xlsx
1989-12-01,coal_australian,38.0,usd_per_tonne,"World Bank Commodity Markets (Pink Sheet), Monthly Prices",https://thedocs.worldbank.org/en/doc/74e8be41ceb20fa0da750cda2f6b9e4e-0050012026/related/CMO-Historical-Data-Monthly.xlsx
1990-01-01,coal_australian,38.0,usd_per_tonne,"World Bank Commodity Markets (Pink Sheet), Monthly Prices",https://thedocs.worldbank.org/en/doc/74e8be41ceb20fa0da750cda2f6b9e4e-0050012026/related/CMO-Historical-Data-Monthly.xlsx
1990-02-01,coal_australian,38.0,usd_per_tonne,"World Bank Commodity Markets (Pink Sheet), Monthly Prices",https://thedocs.worldbank.org/en/doc/74e8be41ceb20fa0da750cda2f6b9e4e-0050012026/related/CMO-Historical-Data-Monthly.xlsx
1990-03-01,coal_australian,38.0,usd_per_tonne,"World Bank Commodity Markets (Pink Sheet), Monthly Prices",https://thedocs.worldbank.org/en/doc/74e8be41ceb20fa0da750cda2f6b9e4e-0050012026/related/CMO-Historical-Data-Monthly.xlsx
1990-04-01,coal_australian,38.0,usd_per_tonne,"World Bank Commodity Markets (Pink Sheet), Monthly Prices",https://thedocs.worldbank.org/en/doc/74e8be41ceb20fa0da750cda2f6b9e4e-0050012026/related/CMO-Historical-Data-Monthly.xlsx
1990-05-01,coal_australian,40.5,usd_per_tonne,"World Bank Commodity Markets (Pink Sheet), Monthly Prices",https://thedocs.worldbank.org/en/doc/74e8be41ceb20fa0da750cda2f6b9e4e-0050012026/related/CMO-Historical-Data-Monthly.xlsx
1990-06-01,coal_australian,40.5,usd_per_tonne,"World Bank Commodity Markets (Pink Sheet), Monthly Prices",https://thedocs.worldbank.org/en/doc/74e8be41ceb20fa0da750cda2f6b9e4e-0050012026/related/CMO-Historical-Data-Monthly.xlsx
1990-07-01,coal_australian,40.5,usd_per_tonne,"World Bank Commodity Markets (Pink Sheet), Monthly Prices",https://thedocs.worldbank.org/en/doc/74e8be41ceb20fa0da750cda2f6b9e4e-0050012026/related/CMO-Historical-Data-Monthly.xlsx
1990-08-01,coal_australian,40.5,usd_per_tonne,"World Bank Commodity Markets (Pink Sheet), Monthly Prices",https://thedocs.worldbank.org/en/doc/74e8be41ceb20fa0da750cda2f6b9e4e-0050012026/related/CMO-Historical-Data-Monthly.xlsx
1990-09-01,coal_australian,40.5,usd_per_tonne,"World Bank Commodity Markets (Pink Sheet), Monthly Prices",https://thedocs.worldbank.org/en/doc/74e8be41ceb20fa0da750cda2f6b9e4e-0050012026/related/CMO-Historical-Data-Monthly.xlsx
1990-10-01,coal_australian,40.5,usd_per_tonne,"World Bank Commodity Markets (Pink Sheet), Monthly Prices",https://thedocs.worldbank.org/en/doc/74e8be41ceb20fa0da750cda2f6b9e4e-0050012026/related/CMO-Historical-Data-Monthly.xlsx
1990-11-01,coal_australian,40.5,usd_per_tonne,"World Bank Commodity Markets (Pink Sheet), Monthly Prices",https://thedocs.worldbank.org/en/doc/74e8be41ceb20fa0da750cda2f6b9e4e-0050012026/related/CMO-Historical-Data-Monthly.xlsx
1990-12-01,coal_australian,40.5,usd_per_tonne,"World Bank Commodity Markets (Pink Sheet), Monthly Prices",https://thedocs.worldbank.org/en/doc/74e8be41ceb20fa0da750cda2f6b9e4e-0050012026/related/CMO-Historical-Data-Monthly.xlsx
1991-01-01,coal_australian,40.5,usd_per_tonne,"World Bank Commodity Markets (Pink Sheet), Monthly Prices",https://thedocs.worldbank.org/en/doc/74e8be41ceb20fa0da750cda2f6b9e4e-0050012026/related/CMO-Historical-Data-Monthly.xlsx
1991-02-01,coal_australian,40.5,usd_per_tonne,"World Bank Commodity Markets (Pink Sheet), Monthly Prices",https://thedocs.worldbank.org/en/doc/74e8be41ceb20fa0da750cda2f6b9e4e-0050012026/related/CMO-Historical-Data-Monthly.xlsx
1991-03-01,coal_australian,39.5,usd_per_tonne,"World Bank Commodity Markets (Pink Sheet), Monthly Prices",https://thedocs.worldbank.org/en/doc/74e8be41ceb20fa0da750cda2f6b9e4e-0050012026/related/CMO-Historical-Data-Monthly.xlsx
1991-04-01,coal_australian,39.5,usd_per_tonne,"World Bank Commodity Markets (Pink Sheet), Monthly Prices",https://thedocs.worldbank.org/en/doc/74e8be41ceb20fa0da750cda2f6b9e4e-0050012026/related/CMO-Historical-Data-Monthly.xlsx
1991-05-01,coal_australian,39.5,usd_per_tonne,"World Bank Commodity Markets (Pink Sheet), Monthly Prices",https://thedocs.worldbank.org/en/doc/74e8be41ceb20fa0da750cda2f6b9e4e-0050012026/related/CMO-Historical-Data-Monthly.xlsx
1991-06-01,coal_australian,39.5,usd_per_tonne,"World Bank Commodity Markets (Pink Sheet), Monthly Prices",https://thedocs.worldbank.org/en/doc/74e8be41ceb20fa0da750cda2f6b9e4e-0050012026/related/CMO-Historical-Data-Monthly.xlsx
1991-07-01,coal_australian,39.5,usd_per_tonne,"World Bank Commodity Markets (Pink Sheet), Monthly Prices",https://thedocs.worldbank.org/en/doc/74e8be41ceb20fa0da750cda2f6b9e4e-0050012026/related/CMO-Historical-Data-Monthly.xlsx
1991-08-01,coal_australian,39.5,usd_per_tonne,"World Bank Commodity Markets (Pink Sheet), Monthly Prices",https://thedocs.worldbank.org/en/doc/74e8be41ceb20fa0da750cda2f6b9e4e-0050012026/related/CMO-Historical-Data-Monthly.xlsx
1991-09-01,coal_australian,39.5,usd_per_tonne,"World Bank Commodity Markets (Pink Sheet), Monthly Prices",https://thedocs.worldbank.org/en/doc/74e8be41ceb20fa0da750cda2f6b9e4e-0050012026/related/CMO-Historical-Data-Monthly.xlsx
1991-10-01,coal_australian,39.5,usd_per_tonne,"World Bank Commodity Markets (Pink Sheet), Monthly Prices",https://thedocs.worldbank.org/en/doc/74e8be41ceb20fa0da750cda2f6b9e4e-0050012026/related/CMO-Historical-Data-Monthly.xlsx
1991-11-01,coal_australian,39.5,usd_per_tonne,"World Bank Commodity Markets (Pink Sheet), Monthly Prices",https://thedocs.worldbank.org/en/doc/74e8be41ceb20fa0da750cda2f6b9e4e-0050012026/related/CMO-Historical-Data-Monthly.xlsx
1991-12-01,coal_australian,39.5,usd_per_tonne,"World Bank Commodity Markets (Pink Sheet), Monthly Prices",https://thedocs.worldbank.org/en/doc/74e8be41ceb20fa0da750cda2f6b9e4e-0050012026/related/CMO-Historical-Data-Monthly.xlsx
1992-01-01,coal_australian,39.5,usd_per_tonne,"World Bank Commodity Markets (Pink Sheet), Monthly Prices",https://thedocs.worldbank.org/en/doc/74e8be41ceb20fa0da750cda2f6b9e4e-0050012026/related/CMO-Historical-Data-Monthly.xlsx
1992-02-01,coal_australian,39.5,usd_per_tonne,"World Bank Commodity Markets (Pink Sheet), Monthly Prices",https://thedocs.worldbank.org/en/doc/74e8be41ceb20fa0da750cda2f6b9e4e-0050012026/related/CMO-Historical-Data-Monthly.xlsx
1992-03-01,coal_australian,39.5,usd_per_tonne,"World Bank Commodity Markets (Pink Sheet), Monthly Prices",https://thedocs.worldbank.org/en/doc/74e8be41ceb20fa0da750cda2f6b9e4e-0050012026/related/CMO-Historical-Data-Monthly.xlsx
1992-04-01,coal_australian,39.5,usd_per_tonne,"World Bank Commodity Markets (Pink Sheet), Monthly Prices",https://thedocs.worldbank.org/en/doc/74e8be41ceb20fa0da750cda2f6b9e4e-0050012026/related/CMO-Historical-Data-Monthly.xlsx
1992-05-01,coal_australian,39.5,usd_per_tonne,"World Bank Commodity Markets (Pink Sheet), Monthly Prices",https://thedocs.worldbank.org/en/doc/74e8be41ceb20fa0da750cda2f6b9e4e-0050012026/related/CMO-Historical-Data-Monthly.xlsx
1992-06-01,coal_australian,39.5,usd_per_tonne,"World Bank Commodity Markets (Pink Sheet), Monthly Prices",https://thedocs.worldbank.org/en/doc/74e8be41ceb20fa0da750cda2f6b9e4e-0050012026/related/CMO-Historical-Data-Monthly.xlsx
1992-07-01,coal_australian,39.5,usd_per_tonne,"World Bank Commodity Markets (Pink Sheet), Monthly Prices",https://thedocs.worldbank.org/en/doc/74e8be41ceb20fa0da750cda2f6b9e4e-0050012026/related/CMO-Historical-Data-Monthly.xlsx
1992-08-01,coal_australian,39.5,usd_per_tonne,"World Bank Commodity Markets (Pink Sheet), Monthly Prices",https://thedocs.worldbank.org/en/doc/74e8be41ceb20fa0da750cda2f6b9e4e-0050012026/related/CMO-Historical-Data-Monthly.xlsx
1992-09-01,coal_australian,39.5,usd_per_tonne,"World Bank Commodity Markets (Pink Sheet), Monthly Prices",https://thedocs.worldbank.org/en/doc/74e8be41ceb20fa0da750cda2f6b9e4e-0050012026/related/CMO-Historical-Data-Monthly.xlsx
1992-10-01,coal_australian,37.3,usd_per_tonne,"World Bank Commodity Markets (Pink Sheet), Monthly Prices",https://thedocs.worldbank.org/en/doc/74e8be41ceb20fa0da750cda2f6b9e4e-0050012026/related/CMO-Historical-Data-Monthly.xlsx
1992-11-01,coal_australian,35.0,usd_per_tonne,"World Bank Commodity Markets (Pink Sheet), Monthly Prices",https://thedocs.worldbank.org/en/doc/74e8be41ceb20fa0da750cda2f6b9e4e-0050012026/related/CMO-Historical-Data-Monthly.xlsx
1992-12-01,coal_australian,35.0,usd_per_tonne,"World Bank Commodity Markets (Pink Sheet), Monthly Prices",https://thedocs.worldbank.org/en/doc/74e8be41ceb20fa0da750cda2f6b9e4e-0050012026/related/CMO-Historical-Data-Monthly.xlsx
1993-01-01,coal_australian,35.0,usd_per_tonne,"World Bank Commodity Markets (Pink Sheet), Monthly Prices",https://thedocs.worldbank.org/en/doc/74e8be41ceb20fa0da750cda2f6b9e4e-0050012026/related/CMO-Historical-Data-Monthly.xlsx
1993-02-01,coal_australian,31.0,usd_per_tonne,"World Bank Commodity Markets (Pink Sheet), Monthly Prices",https://thedocs.worldbank.org/en/doc/74e8be41ceb20fa0da750cda2f6b9e4e-0050012026/related/CMO-Historical-Data-Monthly.xlsx
1993-03-01,coal_australian,31.0,usd_per_tonne,"World Bank Commodity Markets (Pink Sheet), Monthly Prices",https://thedocs.worldbank.org/en/doc/74e8be41ceb20fa0da750cda2f6b9e4e-0050012026/related/CMO-Historical-Data-Monthly.xlsx
1993-04-01,coal_australian,31.0,usd_per_tonne,"World Bank Commodity Markets (Pink Sheet), Monthly Prices",https://thedocs.worldbank.org/en/doc/74e8be41ceb20fa0da750cda2f6b9e4e-0050012026/related/CMO-Historical-Data-Monthly.xlsx
1993-05-01,coal_australian,31.0,usd_per_tonne,"World Bank Commodity Markets (Pink Sheet), Monthly Prices",https://thedocs.worldbank.org/en/doc/74e8be41ceb20fa0da750cda2f6b9e4e-0050012026/related/CMO-Historical-Data-Monthly.xlsx
1993-06-01,coal_australian,31.0,usd_per_tonne,"World Bank Commodity Markets (Pink Sheet), Monthly Prices",https://thedocs.worldbank.org/en/doc/74e8be41ceb20fa0da750cda2f6b9e4e-0050012026/related/CMO-Historical-Data-Monthly.xlsx
1993-07-01,coal_australian,31.0,usd_per_tonne,"World Bank Commodity Markets (Pink Sheet), Monthly Prices",https://thedocs.worldbank.org/en/doc/74e8be41ceb20fa0da750cda2f6b9e4e-0050012026/related/CMO-Historical-Data-Monthly.xlsx
1993-08-01,coal_australian,31.0,usd_per_tonne,"World Bank Commodity Markets (Pink Sheet), Monthly Prices",https://thedocs.worldbank.org/en/doc/74e8be41ceb20fa0da750cda2f6b9e4e-0050012026/related/CMO-Historical-Data-Monthly.xlsx
1993-09-01,coal_australian,31.0,usd_per_tonne,"World Bank Commodity Markets (Pink Sheet), Monthly Prices",https://thedocs.worldbank.org/en/doc/74e8be41ceb20fa0da750cda2f6b9e4e-0050012026/related/CMO-Historical-Data-Monthly.xlsx
1993-10-01,coal_australian,31.0,usd_per_tonne,"World Bank Commodity Markets (Pink Sheet), Monthly Prices",https://thedocs.worldbank.org/en/doc/74e8be41ceb20fa0da750cda2f6b9e4e-0050012026/related/CMO-Historical-Data-Monthly.xlsx
1993-11-01,coal_australian,31.0,usd_per_tonne,"World Bank Commodity Markets (Pink Sheet), Monthly Prices",https://thedocs.worldbank.org/en/doc/74e8be41ceb20fa0da750cda2f6b9e4e-0050012026/related/CMO-Historical-Data-Monthly.xlsx
1993-12-01,coal_australian,31.0,usd_per_tonne,"World Bank Commodity Markets (Pink Sheet), Monthly Prices",https://thedocs.worldbank.org/en/doc/74e8be41ceb20fa0da750cda2f6b9e4e-0050012026/related/CMO-Historical-Data-Monthly.xlsx
1994-01-01,coal_australian,31.0,usd_per_tonne,"World Bank Commodity Markets (Pink Sheet), Monthly Prices",https://thedocs.worldbank.org/en/doc/74e8be41ceb20fa0da750cda2f6b9e4e-0050012026/related/CMO-Historical-Data-Monthly.xlsx
1994-02-01,coal_australian,31.0,usd_per_tonne,"World Bank Commodity Markets (Pink Sheet), Monthly Prices",https://thedocs.worldbank.org/en/doc/74e8be41ceb20fa0da750cda2f6b9e4e-0050012026/related/CMO-Historical-Data-Monthly.xlsx
1994-03-01,coal_australian,29.5,usd_per_tonne,"World Bank Commodity Markets (Pink Sheet), Monthly Prices",https://thedocs.worldbank.org/en/doc/74e8be41ceb20fa0da750cda2f6b9e4e-0050012026/related/CMO-Historical-Data-Monthly.xlsx
1994-04-01,coal_australian,29.5,usd_per_tonne,"World Bank Commodity Markets (Pink Sheet), Monthly Prices",https://thedocs.worldbank.org/en/doc/74e8be41ceb20fa0da750cda2f6b9e4e-0050012026/related/CMO-Historical-Data-Monthly.xlsx
1994-05-01,coal_australian,31.4,usd_per_tonne,"World Bank Commodity Markets (Pink Sheet), Monthly Prices",https://thedocs.worldbank.org/en/doc/74e8be41ceb20fa0da750cda2f6b9e4e-0050012026/related/CMO-Historical-Data-Monthly.xlsx
1994-06-01,coal_australian,33.6,usd_per_tonne,"World Bank Commodity Markets (Pink Sheet), Monthly Prices",https://thedocs.worldbank.org/en/doc/74e8be41ceb20fa0da750cda2f6b9e4e-0050012026/related/CMO-Historical-Data-Monthly.xlsx
1994-07-01,coal_australian,33.1,usd_per_tonne,"World Bank Commodity Markets (Pink Sheet), Monthly Prices",https://thedocs.worldbank.org/en/doc/74e8be41ceb20fa0da750cda2f6b9e4e-0050012026/related/CMO-Historical-Data-Monthly.xlsx
1994-08-01,coal_australian,33.1,usd_per_tonne,"World Bank Commodity Markets (Pink Sheet), Monthly Prices",https://thedocs.worldbank.org/en/doc/74e8be41ceb20fa0da750cda2f6b9e4e-0050012026/related/CMO-Historical-Data-Monthly.xlsx
1994-09-01,coal_australian,33.1,usd_per_tonne,"World Bank Commodity Markets (Pink Sheet), Monthly Prices",https://thedocs.worldbank.org/en/doc/74e8be41ceb20fa0da750cda2f6b9e4e-0050012026/related/CMO-Historical-Data-Monthly.xlsx
1994-10-01,coal_australian,33.1,usd_per_tonne,"World Bank Commodity Markets (Pink Sheet), Monthly Prices",https://thedocs.worldbank.org/en/doc/74e8be41ceb20fa0da750cda2f6b9e4e-0050012026/related/CMO-Historical-Data-Monthly.xlsx
1994-11-01,coal_australian,33.1,usd_per_tonne,"World Bank Commodity Markets (Pink Sheet), Monthly Prices",https://thedocs.worldbank.org/en/doc/74e8be41ceb20fa0da750cda2f6b9e4e-0050012026/related/CMO-Historical-Data-Monthly.xlsx
1994-12-01,coal_australian,36.1,usd_per_tonne,"World Bank Commodity Markets (Pink Sheet), Monthly Prices",https://thedocs.worldbank.org/en/doc/74e8be41ceb20fa0da750cda2f6b9e4e-0050012026/related/CMO-Historical-Data-Monthly.xlsx
1995-01-01,coal_australian,37.1,usd_per_tonne,"World Bank Commodity Markets (Pink Sheet), Monthly Prices",https://thedocs.worldbank.org/en/doc/74e8be41ceb20fa0da750cda2f6b9e4e-0050012026/related/CMO-Historical-Data-Monthly.xlsx
1995-02-01,coal_australian,37.6,usd_per_tonne,"World Bank Commodity Markets (Pink Sheet), Monthly Prices",https://thedocs.worldbank.org/en/doc/74e8be41ceb20fa0da750cda2f6b9e4e-0050012026/related/CMO-Historical-Data-Monthly.xlsx
1995-03-01,coal_australian,38.4,usd_per_tonne,"World Bank Commodity Markets (Pink Sheet), Monthly Prices",https://thedocs.worldbank.org/en/doc/74e8be41ceb20fa0da750cda2f6b9e4e-0050012026/related/CMO-Historical-Data-Monthly.xlsx
1995-04-01,coal_australian,37.1,usd_per_tonne,"World Bank Commodity Markets (Pink Sheet), Monthly Prices",https://thedocs.worldbank.org/en/doc/74e8be41ceb20fa0da750cda2f6b9e4e-0050012026/related/CMO-Historical-Data-Monthly.xlsx
1995-05-01,coal_australian,38.8,usd_per_tonne,"World Bank Commodity Markets (Pink Sheet), Monthly Prices",https://thedocs.worldbank.org/en/doc/74e8be41ceb20fa0da750cda2f6b9e4e-0050012026/related/CMO-Historical-Data-Monthly.xlsx
1995-06-01,coal_australian,40.8,usd_per_tonne,"World Bank Commodity Markets (Pink Sheet), Monthly Prices",https://thedocs.worldbank.org/en/doc/74e8be41ceb20fa0da750cda2f6b9e4e-0050012026/related/CMO-Historical-Data-Monthly.xlsx
1995-07-01,coal_australian,41.1,usd_per_tonne,"World Bank Commodity Markets (Pink Sheet), Monthly Prices",https://thedocs.worldbank.org/en/doc/74e8be41ceb20fa0da750cda2f6b9e4e-0050012026/related/CMO-Historical-Data-Monthly.xlsx
1995-08-01,coal_australian,40.9,usd_per_tonne,"World Bank Commodity Markets (Pink Sheet), Monthly Prices",https://thedocs.worldbank.org/en/doc/74e8be41ceb20fa0da750cda2f6b9e4e-0050012026/related/CMO-Historical-Data-Monthly.xlsx
1995-09-01,coal_australian,40.9,usd_per_tonne,"World Bank Commodity Markets (Pink Sheet), Monthly Prices",https://thedocs.worldbank.org/en/doc/74e8be41ceb20fa0da750cda2f6b9e4e-0050012026/related/CMO-Historical-Data-Monthly.xlsx
1995-10-01,coal_australian,41.0,usd_per_tonne,"World Bank Commodity Markets (Pink Sheet), Monthly Prices",https://thedocs.worldbank.org/en/doc/74e8be41ceb20fa0da750cda2f6b9e4e-0050012026/related/CMO-Historical-Data-Monthly.xlsx
1995-11-01,coal_australian,39.6,usd_per_tonne,"World Bank Commodity Markets (Pink Sheet), Monthly Prices",https://thedocs.worldbank.org/en/doc/74e8be41ceb20fa0da750cda2f6b9e4e-0050012026/related/CMO-Historical-Data-Monthly.xlsx
1995-12-01,coal_australian,39.4,usd_per_tonne,"World Bank Commodity Markets (Pink Sheet), Monthly Prices",https://thedocs.worldbank.org/en/doc/74e8be41ceb20fa0da750cda2f6b9e4e-0050012026/related/CMO-Historical-Data-Monthly.xlsx
1996-01-01,coal_australian,39.4,usd_per_tonne,"World Bank Commodity Markets (Pink Sheet), Monthly Prices",https://thedocs.worldbank.org/en/doc/74e8be41ceb20fa0da750cda2f6b9e4e-0050012026/related/CMO-Historical-Data-Monthly.xlsx
1996-02-01,coal_australian,39.3,usd_per_tonne,"World Bank Commodity Markets (Pink Sheet), Monthly Prices",https://thedocs.worldbank.org/en/doc/74e8be41ceb20fa0da750cda2f6b9e4e-0050012026/related/CMO-Historical-Data-Monthly.xlsx
1996-03-01,coal_australian,39.0,usd_per_tonne,"World Bank Commodity Markets (Pink Sheet), Monthly Prices",https://thedocs.worldbank.org/en/doc/74e8be41ceb20fa0da750cda2f6b9e4e-0050012026/related/CMO-Historical-Data-Monthly.xlsx
1996-04-01,coal_australian,39.3,usd_per_tonne,"World Bank Commodity Markets (Pink Sheet), Monthly Prices",https://thedocs.worldbank.org/en/doc/74e8be41ceb20fa0da750cda2f6b9e4e-0050012026/related/CMO-Historical-Data-Monthly.xlsx
1996-05-01,coal_australian,38.2,usd_per_tonne,"World Bank Commodity Markets (Pink Sheet), Monthly Prices",https://thedocs.worldbank.org/en/doc/74e8be41ceb20fa0da750cda2f6b9e4e-0050012026/related/CMO-Historical-Data-Monthly.xlsx
1996-06-01,coal_australian,38.2,usd_per_tonne,"World Bank Commodity Markets (Pink Sheet), Monthly Prices",https://thedocs.worldbank.org/en/doc/74e8be41ceb20fa0da750cda2f6b9e4e-0050012026/related/CMO-Historical-Data-Monthly.xlsx
1996-07-01,coal_australian,38.4,usd_per_tonne,"World Bank Commodity Markets (Pink Sheet), Monthly Prices",https://thedocs.worldbank.org/en/doc/74e8be41ceb20fa0da750cda2f6b9e4e-0050012026/related/CMO-Historical-Data-Monthly.xlsx
1996-08-01,coal_australian,38.4,usd_per_tonne,"World Bank Commodity Markets (Pink Sheet), Monthly Prices",https://thedocs.worldbank.org/en/doc/74e8be41ceb20fa0da750cda2f6b9e4e-0050012026/related/CMO-Historical-Data-Monthly.xlsx
1996-09-01,coal_australian,38.1,usd_per_tonne,"World Bank Commodity Markets (Pink Sheet), Monthly Prices",https://thedocs.worldbank.org/en/doc/74e8be41ceb20fa0da750cda2f6b9e4e-0050012026/related/CMO-Historical-Data-Monthly.xlsx
1996-10-01,coal_australian,37.6,usd_per_tonne,"World Bank Commodity Markets (Pink Sheet), Monthly Prices",https://thedocs.worldbank.org/en/doc/74e8be41ceb20fa0da750cda2f6b9e4e-0050012026/related/CMO-Historical-Data-Monthly.xlsx
1996-11-01,coal_australian,35.7,usd_per_tonne,"World Bank Commodity Markets (Pink Sheet), Monthly Prices",https://thedocs.worldbank.org/en/doc/74e8be41ceb20fa0da750cda2f6b9e4e-0050012026/related/CMO-Historical-Data-Monthly.xlsx
1996-12-01,coal_australian,35.4,usd_per_tonne,"World Bank Commodity Markets (Pink Sheet), Monthly Prices",https://thedocs.worldbank.org/en/doc/74e8be41ceb20fa0da750cda2f6b9e4e-0050012026/related/CMO-Historical-Data-Monthly.xlsx
1997-01-01,coal_australian,35.2,usd_per_tonne,"World Bank Commodity Markets (Pink Sheet), Monthly Prices",https://thedocs.worldbank.org/en/doc/74e8be41ceb20fa0da750cda2f6b9e4e-0050012026/related/CMO-Historical-Data-Monthly.xlsx
1997-02-01,coal_australian,34.6,usd_per_tonne,"World Bank Commodity Markets (Pink Sheet), Monthly Prices",https://thedocs.worldbank.org/en/doc/74e8be41ceb20fa0da750cda2f6b9e4e-0050012026/related/CMO-Historical-Data-Monthly.xlsx
1997-03-01,coal_australian,34.5,usd_per_tonne,"World Bank Commodity Markets (Pink Sheet), Monthly Prices",https://thedocs.worldbank.org/en/doc/74e8be41ceb20fa0da750cda2f6b9e4e-0050012026/related/CMO-Historical-Data-Monthly.xlsx
1997-04-01,coal_australian,35.4,usd_per_tonne,"World Bank Commodity Markets (Pink Sheet), Monthly Prices",https://thedocs.worldbank.org/en/doc/74e8be41ceb20fa0da750cda2f6b9e4e-0050012026/related/CMO-Historical-Data-Monthly.xlsx
1997-05-01,coal_australian,35.7,usd_per_tonne,"World Bank Commodity Markets (Pink Sheet), Monthly Prices",https://thedocs.worldbank.org/en/doc/74e8be41ceb20fa0da750cda2f6b9e4e-0050012026/related/CMO-Historical-Data-Monthly.xlsx
1997-06-01,coal_australian,34.5,usd_per_tonne,"World Bank Commodity Markets (Pink Sheet), Monthly Prices",https://thedocs.worldbank.org/en/doc/74e8be41ceb20fa0da750cda2f6b9e4e-0050012026/related/CMO-Historical-Data-Monthly.xlsx
1997-07-01,coal_australian,35.0,usd_per_tonne,"World Bank Commodity Markets (Pink Sheet), Monthly Prices",https://thedocs.worldbank.org/en/doc/74e8be41ceb20fa0da750cda2f6b9e4e-0050012026/related/CMO-Historical-Data-Monthly.xlsx
1997-08-01,coal_australian,36.9,usd_per_tonne,"World Bank Commodity Markets (Pink Sheet), Monthly Prices",https://thedocs.worldbank.org/en/doc/74e8be41ceb20fa0da750cda2f6b9e4e-0050012026/related/CMO-Historical-Data-Monthly.xlsx
1997-09-01,coal_australian,37.2,usd_per_tonne,"World Bank Commodity Markets (Pink Sheet), Monthly Prices",https://thedocs.worldbank.org/en/doc/74e8be41ceb20fa0da750cda2f6b9e4e-0050012026/related/CMO-Historical-Data-Monthly.xlsx
1997-10-01,coal_australian,37.2,usd_per_tonne,"World Bank Commodity Markets (Pink Sheet), Monthly Prices",https://thedocs.worldbank.org/en/doc/74e8be41ceb20fa0da750cda2f6b9e4e-0050012026/related/CMO-Historical-Data-Monthly.xlsx
1997-11-01,coal_australian,33.6,usd_per_tonne,"World Bank Commodity Markets (Pink Sheet), Monthly Prices",https://thedocs.worldbank.org/en/doc/74e8be41ceb20fa0da750cda2f6b9e4e-0050012026/related/CMO-Historical-Data-Monthly.xlsx
1997-12-01,coal_australian,31.4,usd_per_tonne,"World Bank Commodity Markets (Pink Sheet), Monthly Prices",https://thedocs.worldbank.org/en/doc/74e8be41ceb20fa0da750cda2f6b9e4e-0050012026/related/CMO-Historical-Data-Monthly.xlsx
1998-01-01,coal_australian,31.4,usd_per_tonne,"World Bank Commodity Markets (Pink Sheet), Monthly Prices",https://thedocs.worldbank.org/en/doc/74e8be41ceb20fa0da750cda2f6b9e4e-0050012026/related/CMO-Historical-Data-Monthly.xlsx
1998-02-01,coal_australian,33.4,usd_per_tonne,"World Bank Commodity Markets (Pink Sheet), Monthly Prices",https://thedocs.worldbank.org/en/doc/74e8be41ceb20fa0da750cda2f6b9e4e-0050012026/related/CMO-Historical-Data-Monthly.xlsx
1998-03-01,coal_australian,31.9,usd_per_tonne,"World Bank Commodity Markets (Pink Sheet), Monthly Prices",https://thedocs.worldbank.org/en/doc/74e8be41ceb20fa0da750cda2f6b9e4e-0050012026/related/CMO-Historical-Data-Monthly.xlsx
1998-04-01,coal_australian,31.2,usd_per_tonne,"World Bank Commodity Markets (Pink Sheet), Monthly Prices",https://thedocs.worldbank.org/en/doc/74e8be41ceb20fa0da750cda2f6b9e4e-0050012026/related/CMO-Historical-Data-Monthly.xlsx
1998-05-01,coal_australian,30.3,usd_per_tonne,"World Bank Commodity Markets (Pink Sheet), Monthly Prices",https://thedocs.worldbank.org/en/doc/74e8be41ceb20fa0da750cda2f6b9e4e-0050012026/related/CMO-Historical-Data-Monthly.xlsx
1998-06-01,coal_australian,30.0,usd_per_tonne,"World Bank Commodity Markets (Pink Sheet), Monthly Prices",https://thedocs.worldbank.org/en/doc/74e8be41ceb20fa0da750cda2f6b9e4e-0050012026/related/CMO-Historical-Data-Monthly.xlsx
1998-07-01,coal_australian,30.0,usd_per_tonne,"World Bank Commodity Markets (Pink Sheet), Monthly Prices",https://thedocs.worldbank.org/en/doc/74e8be41ceb20fa0da750cda2f6b9e4e-0050012026/related/CMO-Historical-Data-Monthly.xlsx
1998-08-01,coal_australian,26.2,usd_per_tonne,"World Bank Commodity Markets (Pink Sheet), Monthly Prices",https://thedocs.worldbank.org/en/doc/74e8be41ceb20fa0da750cda2f6b9e4e-0050012026/related/CMO-Historical-Data-Monthly.xlsx
1998-09-01,coal_australian,27.1,usd_per_tonne,"World Bank Commodity Markets (Pink Sheet), Monthly Prices",https://thedocs.worldbank.org/en/doc/74e8be41ceb20fa0da750cda2f6b9e4e-0050012026/related/CMO-Historical-Data-Monthly.xlsx
1998-10-01,coal_australian,27.1,usd_per_tonne,"World Bank Commodity Markets (Pink Sheet), Monthly Prices",https://thedocs.worldbank.org/en/doc/74e8be41ceb20fa0da750cda2f6b9e4e-0050012026/related/CMO-Historical-Data-Monthly.xlsx
1998-11-01,coal_australian,26.1,usd_per_tonne,"World Bank Commodity Markets (Pink Sheet), Monthly Prices",https://thedocs.worldbank.org/en/doc/74e8be41ceb20fa0da750cda2f6b9e4e-0050012026/related/CMO-Historical-Data-Monthly.xlsx
1998-12-01,coal_australian,26.1,usd_per_tonne,"World Bank Commodity Markets (Pink Sheet), Monthly Prices",https://thedocs.worldbank.org/en/doc/74e8be41ceb20fa0da750cda2f6b9e4e-0050012026/related/CMO-Historical-Data-Monthly.xlsx
1999-01-01,coal_australian,26.1,usd_per_tonne,"World Bank Commodity Markets (Pink Sheet), Monthly Prices",https://thedocs.worldbank.org/en/doc/74e8be41ceb20fa0da750cda2f6b9e4e-0050012026/related/CMO-Historical-Data-Monthly.xlsx
1999-02-01,coal_australian,26.1,usd_per_tonne,"World Bank Commodity Markets (Pink Sheet), Monthly Prices",https://thedocs.worldbank.org/en/doc/74e8be41ceb20fa0da750cda2f6b9e4e-0050012026/related/CMO-Historical-Data-Monthly.xlsx
1999-03-01,coal_australian,26.1,usd_per_tonne,"World Bank Commodity Markets (Pink Sheet), Monthly Prices",https://thedocs.worldbank.org/en/doc/74e8be41ceb20fa0da750cda2f6b9e4e-0050012026/related/CMO-Historical-Data-Monthly.xlsx
1999-04-01,coal_australian,26.1,usd_per_tonne,"World Bank Commodity Markets (Pink Sheet), Monthly Prices",https://thedocs.worldbank.org/en/doc/74e8be41ceb20fa0da750cda2f6b9e4e-0050012026/related/CMO-Historical-Data-Monthly.xlsx
1999-05-01,coal_australian,26.1,usd_per_tonne,"World Bank Commodity Markets (Pink Sheet), Monthly Prices",https://thedocs.worldbank.org/en/doc/74e8be41ceb20fa0da750cda2f6b9e4e-0050012026/related/CMO-Historical-Data-Monthly.xlsx
1999-06-01,coal_australian,26.1,usd_per_tonne,"World Bank Commodity Markets (Pink Sheet), Monthly Prices",https://thedocs.worldbank.org/en/doc/74e8be41ceb20fa0da750cda2f6b9e4e-0050012026/related/CMO-Historical-Data-Monthly.xlsx
1999-07-01,coal_australian,26.1,usd_per_tonne,"World Bank Commodity Markets (Pink Sheet), Monthly Prices",https://thedocs.worldbank.org/en/doc/74e8be41ceb20fa0da750cda2f6b9e4e-0050012026/related/CMO-Historical-Data-Monthly.xlsx
1999-08-01,coal_australian,26.1,usd_per_tonne,"World Bank Commodity Markets (Pink Sheet), Monthly Prices",https://thedocs.worldbank.org/en/doc/74e8be41ceb20fa0da750cda2f6b9e4e-0050012026/related/CMO-Historical-Data-Monthly.xlsx
1999-09-01,coal_australian,26.1,usd_per_tonne,"World Bank Commodity Markets (Pink Sheet), Monthly Prices",https://thedocs.worldbank.org/en/doc/74e8be41ceb20fa0da750cda2f6b9e4e-0050012026/related/CMO-Historical-Data-Monthly.xlsx
1999-10-01,coal_australian,25.6,usd_per_tonne,"World Bank Commodity Markets (Pink Sheet), Monthly Prices",https://thedocs.worldbank.org/en/doc/74e8be41ceb20fa0da750cda2f6b9e4e-0050012026/related/CMO-Historical-Data-Monthly.xlsx
1999-11-01,coal_australian,25.1,usd_per_tonne,"World Bank Commodity Markets (Pink Sheet), Monthly Prices",https://thedocs.worldbank.org/en/doc/74e8be41ceb20fa0da750cda2f6b9e4e-0050012026/related/CMO-Historical-Data-Monthly.xlsx
1999-12-01,coal_australian,25.1,usd_per_tonne,"World Bank Commodity Markets (Pink Sheet), Monthly Prices",https://thedocs.worldbank.org/en/doc/74e8be41ceb20fa0da750cda2f6b9e4e-0050012026/related/CMO-Historical-Data-Monthly.xlsx
2000-01-01,coal_australian,25.1,usd_per_tonne,"World Bank Commodity Markets (Pink Sheet), Monthly Prices",https://thedocs.worldbank.org/en/doc/74e8be41ceb20fa0da750cda2f6b9e4e-0050012026/related/CMO-Historical-Data-Monthly.xlsx
2000-02-01,coal_australian,25.1,usd_per_tonne,"World Bank Commodity Markets (Pink Sheet), Monthly Prices",https://thedocs.worldbank.org/en/doc/74e8be41ceb20fa0da750cda2f6b9e4e-0050012026/related/CMO-Historical-Data-Monthly.xlsx
2000-03-01,coal_australian,25.1,usd_per_tonne,"World Bank Commodity Markets (Pink Sheet), Monthly Prices",https://thedocs.worldbank.org/en/doc/74e8be41ceb20fa0da750cda2f6b9e4e-0050012026/related/CMO-Historical-Data-Monthly.xlsx
2000-04-01,coal_australian,25.1,usd_per_tonne,"World Bank Commodity Markets (Pink Sheet), Monthly Prices",https://thedocs.worldbank.org/en/doc/74e8be41ceb20fa0da750cda2f6b9e4e-0050012026/related/CMO-Historical-Data-Monthly.xlsx
2000-05-01,coal_australian,25.6,usd_per_tonne,"World Bank Commodity Markets (Pink Sheet), Monthly Prices",https://thedocs.worldbank.org/en/doc/74e8be41ceb20fa0da750cda2f6b9e4e-0050012026/related/CMO-Historical-Data-Monthly.xlsx
2000-06-01,coal_australian,25.6,usd_per_tonne,"World Bank Commodity Markets (Pink Sheet), Monthly Prices",https://thedocs.worldbank.org/en/doc/74e8be41ceb20fa0da750cda2f6b9e4e-0050012026/related/CMO-Historical-Data-Monthly.xlsx
2000-07-01,coal_australian,25.6,usd_per_tonne,"World Bank Commodity Markets (Pink Sheet), Monthly Prices",https://thedocs.worldbank.org/en/doc/74e8be41ceb20fa0da750cda2f6b9e4e-0050012026/related/CMO-Historical-Data-Monthly.xlsx
2000-08-01,coal_australian,25.6,usd_per_tonne,"World Bank Commodity Markets (Pink Sheet), Monthly Prices",https://thedocs.worldbank.org/en/doc/74e8be41ceb20fa0da750cda2f6b9e4e-0050012026/related/CMO-Historical-Data-Monthly.xlsx
2000-09-01,coal_australian,27.2,usd_per_tonne,"World Bank Commodity Markets (Pink Sheet), Monthly Prices",https://thedocs.worldbank.org/en/doc/74e8be41ceb20fa0da750cda2f6b9e4e-0050012026/related/CMO-Historical-Data-Monthly.xlsx
2000-10-01,coal_australian,27.2,usd_per_tonne,"World Bank Commodity Markets (Pink Sheet), Monthly Prices",https://thedocs.worldbank.org/en/doc/74e8be41ceb20fa0da750cda2f6b9e4e-0050012026/related/CMO-Historical-Data-Monthly.xlsx
2000-11-01,coal_australian,27.2,usd_per_tonne,"World Bank Commodity Markets (Pink Sheet), Monthly Prices",https://thedocs.worldbank.org/en/doc/74e8be41ceb20fa0da750cda2f6b9e4e-0050012026/related/CMO-Historical-Data-Monthly.xlsx
2000-12-01,coal_australian,30.8,usd_per_tonne,"World Bank Commodity Markets (Pink Sheet), Monthly Prices",https://thedocs.worldbank.org/en/doc/74e8be41ceb20fa0da750cda2f6b9e4e-0050012026/related/CMO-Historical-Data-Monthly.xlsx
2001-01-01,coal_australian,32.1,usd_per_tonne,"World Bank Commodity Markets (Pink Sheet), Monthly Prices",https://thedocs.worldbank.org/en/doc/74e8be41ceb20fa0da750cda2f6b9e4e-0050012026/related/CMO-Historical-Data-Monthly.xlsx
2001-02-01,coal_australian,32.1,usd_per_tonne,"World Bank Commodity Markets (Pink Sheet), Monthly Prices",https://thedocs.worldbank.org/en/doc/74e8be41ceb20fa0da750cda2f6b9e4e-0050012026/related/CMO-Historical-Data-Monthly.xlsx
2001-03-01,coal_australian,32.6,usd_per_tonne,"World Bank Commodity Markets (Pink Sheet), Monthly Prices",https://thedocs.worldbank.org/en/doc/74e8be41ceb20fa0da750cda2f6b9e4e-0050012026/related/CMO-Historical-Data-Monthly.xlsx
2001-04-01,coal_australian,33.5,usd_per_tonne,"World Bank Commodity Markets (Pink Sheet), Monthly Prices",https://thedocs.worldbank.org/en/doc/74e8be41ceb20fa0da750cda2f6b9e4e-0050012026/related/CMO-Historical-Data-Monthly.xlsx
2001-05-01,coal_australian,33.8,usd_per_tonne,"World Bank Commodity Markets (Pink Sheet), Monthly Prices",https://thedocs.worldbank.org/en/doc/74e8be41ceb20fa0da750cda2f6b9e4e-0050012026/related/CMO-Historical-Data-Monthly.xlsx
2001-06-01,coal_australian,33.9,usd_per_tonne,"World Bank Commodity Markets (Pink Sheet), Monthly Prices",https://thedocs.worldbank.org/en/doc/74e8be41ceb20fa0da750cda2f6b9e4e-0050012026/related/CMO-Historical-Data-Monthly.xlsx
2001-07-01,coal_australian,34.0,usd_per_tonne,"World Bank Commodity Markets (Pink Sheet), Monthly Prices",https://thedocs.worldbank.org/en/doc/74e8be41ceb20fa0da750cda2f6b9e4e-0050012026/related/CMO-Historical-Data-Monthly.xlsx
2001-08-01,coal_australian,33.8,usd_per_tonne,"World Bank Commodity Markets (Pink Sheet), Monthly Prices",https://thedocs.worldbank.org/en/doc/74e8be41ceb20fa0da750cda2f6b9e4e-0050012026/related/CMO-Historical-Data-Monthly.xlsx
2001-09-01,coal_australian,32.8,usd_per_tonne,"World Bank Commodity Markets (Pink Sheet), Monthly Prices",https://thedocs.worldbank.org/en/doc/74e8be41ceb20fa0da750cda2f6b9e4e-0050012026/related/CMO-Historical-Data-Monthly.xlsx
2001-10-01,coal_australian,32.4,usd_per_tonne,"World Bank Commodity Markets (Pink Sheet), Monthly Prices",https://thedocs.worldbank.org/en/doc/74e8be41ceb20fa0da750cda2f6b9e4e-0050012026/related/CMO-Historical-Data-Monthly.xlsx
2001-11-01,coal_australian,29.4,usd_per_tonne,"World Bank Commodity Markets (Pink Sheet), Monthly Prices",https://thedocs.worldbank.org/en/doc/74e8be41ceb20fa0da750cda2f6b9e4e-0050012026/related/CMO-Historical-Data-Monthly.xlsx
2001-12-01,coal_australian,27.4,usd_per_tonne,"World Bank Commodity Markets (Pink Sheet), Monthly Prices",https://thedocs.worldbank.org/en/doc/74e8be41ceb20fa0da750cda2f6b9e4e-0050012026/related/CMO-Historical-Data-Monthly.xlsx
2002-01-01,coal_australian,27.4,usd_per_tonne,"World Bank Commodity Markets (Pink Sheet), Monthly Prices",https://thedocs.worldbank.org/en/doc/74e8be41ceb20fa0da750cda2f6b9e4e-0050012026/related/CMO-Historical-Data-Monthly.xlsx
2002-02-01,coal_australian,28.1,usd_per_tonne,"World Bank Commodity Markets (Pink Sheet), Monthly Prices",https://thedocs.worldbank.org/en/doc/74e8be41ceb20fa0da750cda2f6b9e4e-0050012026/related/CMO-Historical-Data-Monthly.xlsx
2002-03-01,coal_australian,27.8,usd_per_tonne,"World Bank Commodity Markets (Pink Sheet), Monthly Prices",https://thedocs.worldbank.org/en/doc/74e8be41ceb20fa0da750cda2f6b9e4e-0050012026/related/CMO-Historical-Data-Monthly.xlsx
2002-04-01,coal_australian,27.1,usd_per_tonne,"World Bank Commodity Markets (Pink Sheet), Monthly Prices",https://thedocs.worldbank.org/en/doc/74e8be41ceb20fa0da750cda2f6b9e4e-0050012026/related/CMO-Historical-Data-Monthly.xlsx
2002-05-01,coal_australian,26.9,usd_per_tonne,"World Bank Commodity Markets (Pink Sheet), Monthly Prices",https://thedocs.worldbank.org/en/doc/74e8be41ceb20fa0da750cda2f6b9e4e-0050012026/related/CMO-Historical-Data-Monthly.xlsx
2002-06-01,coal_australian,24.9,usd_per_tonne,"World Bank Commodity Markets (Pink Sheet), Monthly Prices",https://thedocs.worldbank.org/en/doc/74e8be41ceb20fa0da750cda2f6b9e4e-0050012026/related/CMO-Historical-Data-Monthly.xlsx
2002-07-01,coal_australian,23.2,usd_per_tonne,"World Bank Commodity Markets (Pink Sheet), Monthly Prices",https://thedocs.worldbank.org/en/doc/74e8be41ceb20fa0da750cda2f6b9e4e-0050012026/related/CMO-Historical-Data-Monthly.xlsx
2002-08-01,coal_australian,22.3,usd_per_tonne,"World Bank Commodity Markets (Pink Sheet), Monthly Prices",https://thedocs.worldbank.org/en/doc/74e8be41ceb20fa0da750cda2f6b9e4e-0050012026/related/CMO-Historical-Data-Monthly.xlsx
2002-09-01,coal_australian,22.7,usd_per_tonne,"World Bank Commodity Markets (Pink Sheet), Monthly Prices",https://thedocs.worldbank.org/en/doc/74e8be41ceb20fa0da750cda2f6b9e4e-0050012026/related/CMO-Historical-Data-Monthly.xlsx
2002-10-01,coal_australian,24.5,usd_per_tonne,"World Bank Commodity Markets (Pink Sheet), Monthly Prices",https://thedocs.worldbank.org/en/doc/74e8be41ceb20fa0da750cda2f6b9e4e-0050012026/related/CMO-Historical-Data-Monthly.xlsx
2002-11-01,coal_australian,24.5,usd_per_tonne,"World Bank Commodity Markets (Pink Sheet), Monthly Prices",https://thedocs.worldbank.org/en/doc/74e8be41ceb20fa0da750cda2f6b9e4e-0050012026/related/CMO-Historical-Data-Monthly.xlsx
2002-12-01,coal_australian,24.5,usd_per_tonne,"World Bank Commodity Markets (Pink Sheet), Monthly Prices",https://thedocs.worldbank.org/en/doc/74e8be41ceb20fa0da750cda2f6b9e4e-0050012026/related/CMO-Historical-Data-Monthly.xlsx
2003-01-01,coal_australian,24.9,usd_per_tonne,"World Bank Commodity Markets (Pink Sheet), Monthly Prices",https://thedocs.worldbank.org/en/doc/74e8be41ceb20fa0da750cda2f6b9e4e-0050012026/related/CMO-Historical-Data-Monthly.xlsx
2003-02-01,coal_australian,25.2,usd_per_tonne,"World Bank Commodity Markets (Pink Sheet), Monthly Prices",https://thedocs.worldbank.org/en/doc/74e8be41ceb20fa0da750cda2f6b9e4e-0050012026/related/CMO-Historical-Data-Monthly.xlsx
2003-03-01,coal_australian,24.4,usd_per_tonne,"World Bank Commodity Markets (Pink Sheet), Monthly Prices",https://thedocs.worldbank.org/en/doc/74e8be41ceb20fa0da750cda2f6b9e4e-0050012026/related/CMO-Historical-Data-Monthly.xlsx
2003-04-01,coal_australian,23.5,usd_per_tonne,"World Bank Commodity Markets (Pink Sheet), Monthly Prices",https://thedocs.worldbank.org/en/doc/74e8be41ceb20fa0da750cda2f6b9e4e-0050012026/related/CMO-Historical-Data-Monthly.xlsx
2003-05-01,coal_australian,23.3,usd_per_tonne,"World Bank Commodity Markets (Pink Sheet), Monthly Prices",https://thedocs.worldbank.org/en/doc/74e8be41ceb20fa0da750cda2f6b9e4e-0050012026/related/CMO-Historical-Data-Monthly.xlsx
2003-06-01,coal_australian,24.1,usd_per_tonne,"World Bank Commodity Markets (Pink Sheet), Monthly Prices",https://thedocs.worldbank.org/en/doc/74e8be41ceb20fa0da750cda2f6b9e4e-0050012026/related/CMO-Historical-Data-Monthly.xlsx
2003-07-01,coal_australian,24.4,usd_per_tonne,"World Bank Commodity Markets (Pink Sheet), Monthly Prices",https://thedocs.worldbank.org/en/doc/74e8be41ceb20fa0da750cda2f6b9e4e-0050012026/related/CMO-Historical-Data-Monthly.xlsx
2003-08-01,coal_australian,25.3,usd_per_tonne,"World Bank Commodity Markets (Pink Sheet), Monthly Prices",https://thedocs.worldbank.org/en/doc/74e8be41ceb20fa0da750cda2f6b9e4e-0050012026/related/CMO-Historical-Data-Monthly.xlsx
2003-09-01,coal_australian,26.7,usd_per_tonne,"World Bank Commodity Markets (Pink Sheet), Monthly Prices",https://thedocs.worldbank.org/en/doc/74e8be41ceb20fa0da750cda2f6b9e4e-0050012026/related/CMO-Historical-Data-Monthly.xlsx
2003-10-01,coal_australian,27.5,usd_per_tonne,"World Bank Commodity Markets (Pink Sheet), Monthly Prices",https://thedocs.worldbank.org/en/doc/74e8be41ceb20fa0da750cda2f6b9e4e-0050012026/related/CMO-Historical-Data-Monthly.xlsx
2003-11-01,coal_australian,29.9,usd_per_tonne,"World Bank Commodity Markets (Pink Sheet), Monthly Prices",https://thedocs.worldbank.org/en/doc/74e8be41ceb20fa0da750cda2f6b9e4e-0050012026/related/CMO-Historical-Data-Monthly.xlsx
2003-12-01,coal_australian,34.0,usd_per_tonne,"World Bank Commodity Markets (Pink Sheet), Monthly Prices",https://thedocs.worldbank.org/en/doc/74e8be41ceb20fa0da750cda2f6b9e4e-0050012026/related/CMO-Historical-Data-Monthly.xlsx
2004-01-01,coal_australian,37.8,usd_per_tonne,"World Bank Commodity Markets (Pink Sheet), Monthly Prices",https://thedocs.worldbank.org/en/doc/74e8be41ceb20fa0da750cda2f6b9e4e-0050012026/related/CMO-Historical-Data-Monthly.xlsx
2004-02-01,coal_australian,41.8,usd_per_tonne,"World Bank Commodity Markets (Pink Sheet), Monthly Prices",https://thedocs.worldbank.org/en/doc/74e8be41ceb20fa0da750cda2f6b9e4e-0050012026/related/CMO-Historical-Data-Monthly.xlsx
2004-03-01,coal_australian,48.9,usd_per_tonne,"World Bank Commodity Markets (Pink Sheet), Monthly Prices",https://thedocs.worldbank.org/en/doc/74e8be41ceb20fa0da750cda2f6b9e4e-0050012026/related/CMO-Historical-Data-Monthly.xlsx
2004-04-01,coal_australian,53.3,usd_per_tonne,"World Bank Commodity Markets (Pink Sheet), Monthly Prices",https://thedocs.worldbank.org/en/doc/74e8be41ceb20fa0da750cda2f6b9e4e-0050012026/related/CMO-Historical-Data-Monthly.xlsx
2004-05-01,coal_australian,56.4,usd_per_tonne,"World Bank Commodity Markets (Pink Sheet), Monthly Prices",https://thedocs.worldbank.org/en/doc/74e8be41ceb20fa0da750cda2f6b9e4e-0050012026/related/CMO-Historical-Data-Monthly.xlsx
2004-06-01,coal_australian,59.6,usd_per_tonne,"World Bank Commodity Markets (Pink Sheet), Monthly Prices",https://thedocs.worldbank.org/en/doc/74e8be41ceb20fa0da750cda2f6b9e4e-0050012026/related/CMO-Historical-Data-Monthly.xlsx
2004-07-01,coal_australian,61.4,usd_per_tonne,"World Bank Commodity Markets (Pink Sheet), Monthly Prices",https://thedocs.worldbank.org/en/doc/74e8be41ceb20fa0da750cda2f6b9e4e-0050012026/related/CMO-Historical-Data-Monthly.xlsx
2004-08-01,coal_australian,59.3,usd_per_tonne,"World Bank Commodity Markets (Pink Sheet), Monthly Prices",https://thedocs.worldbank.org/en/doc/74e8be41ceb20fa0da750cda2f6b9e4e-0050012026/related/CMO-Historical-Data-Monthly.xlsx
2004-09-01,coal_australian,55.4,usd_per_tonne,"World Bank Commodity Markets (Pink Sheet), Monthly Prices",https://thedocs.worldbank.org/en/doc/74e8be41ceb20fa0da750cda2f6b9e4e-0050012026/related/CMO-Historical-Data-Monthly.xlsx
2004-10-01,coal_australian,56.6,usd_per_tonne,"World Bank Commodity Markets (Pink Sheet), Monthly Prices",https://thedocs.worldbank.org/en/doc/74e8be41ceb20fa0da750cda2f6b9e4e-0050012026/related/CMO-Historical-Data-Monthly.xlsx
2004-11-01,coal_australian,52.8,usd_per_tonne,"World Bank Commodity Markets (Pink Sheet), Monthly Prices",https://thedocs.worldbank.org/en/doc/74e8be41ceb20fa0da750cda2f6b9e4e-0050012026/related/CMO-Historical-Data-Monthly.xlsx
2004-12-01,coal_australian,52.3,usd_per_tonne,"World Bank Commodity Markets (Pink Sheet), Monthly Prices",https://thedocs.worldbank.org/en/doc/74e8be41ceb20fa0da750cda2f6b9e4e-0050012026/related/CMO-Historical-Data-Monthly.xlsx
2005-01-01,coal_australian,53.0,usd_per_tonne,"World Bank Commodity Markets (Pink Sheet), Monthly Prices",https://thedocs.worldbank.org/en/doc/74e8be41ceb20fa0da750cda2f6b9e4e-0050012026/related/CMO-Historical-Data-Monthly.xlsx
2005-02-01,coal_australian,49.9,usd_per_tonne,"World Bank Commodity Markets (Pink Sheet), Monthly Prices",https://thedocs.worldbank.org/en/doc/74e8be41ceb20fa0da750cda2f6b9e4e-0050012026/related/CMO-Historical-Data-Monthly.xlsx
2005-03-01,coal_australian,50.9,usd_per_tonne,"World Bank Commodity Markets (Pink Sheet), Monthly Prices",https://thedocs.worldbank.org/en/doc/74e8be41ceb20fa0da750cda2f6b9e4e-0050012026/related/CMO-Historical-Data-Monthly.xlsx
2005-04-01,coal_australian,51.3,usd_per_tonne,"World Bank Commodity Markets (Pink Sheet), Monthly Prices",https://thedocs.worldbank.org/en/doc/74e8be41ceb20fa0da750cda2f6b9e4e-0050012026/related/CMO-Historical-Data-Monthly.xlsx
2005-05-01,coal_australian,51.3,usd_per_tonne,"World Bank Commodity Markets (Pink Sheet), Monthly Prices",https://thedocs.worldbank.org/en/doc/74e8be41ceb20fa0da750cda2f6b9e4e-0050012026/related/CMO-Historical-Data-Monthly.xlsx
2005-06-01,coal_australian,51.0,usd_per_tonne,"World Bank Commodity Markets (Pink Sheet), Monthly Prices",https://thedocs.worldbank.org/en/doc/74e8be41ceb20fa0da750cda2f6b9e4e-0050012026/related/CMO-Historical-Data-Monthly.xlsx
2005-07-01,coal_australian,50.9,usd_per_tonne,"World Bank Commodity Markets (Pink Sheet), Monthly Prices",https://thedocs.worldbank.org/en/doc/74e8be41ceb20fa0da750cda2f6b9e4e-0050012026/related/CMO-Historical-Data-Monthly.xlsx
2005-08-01,coal_australian,49.1,usd_per_tonne,"World Bank Commodity Markets (Pink Sheet), Monthly Prices",https://thedocs.worldbank.org/en/doc/74e8be41ceb20fa0da750cda2f6b9e4e-0050012026/related/CMO-Historical-Data-Monthly.xlsx
2005-09-01,coal_australian,45.3,usd_per_tonne,"World Bank Commodity Markets (Pink Sheet), Monthly Prices",https://thedocs.worldbank.org/en/doc/74e8be41ceb20fa0da750cda2f6b9e4e-0050012026/related/CMO-Historical-Data-Monthly.xlsx
2005-10-01,coal_australian,42.5,usd_per_tonne,"World Bank Commodity Markets (Pink Sheet), Monthly Prices",https://thedocs.worldbank.org/en/doc/74e8be41ceb20fa0da750cda2f6b9e4e-0050012026/related/CMO-Historical-Data-Monthly.xlsx
2005-11-01,coal_australian,38.1,usd_per_tonne,"World Bank Commodity Markets (Pink Sheet), Monthly Prices",https://thedocs.worldbank.org/en/doc/74e8be41ceb20fa0da750cda2f6b9e4e-0050012026/related/CMO-Historical-Data-Monthly.xlsx
2005-12-01,coal_australian,38.2,usd_per_tonne,"World Bank Commodity Markets (Pink Sheet), Monthly Prices",https://thedocs.worldbank.org/en/doc/74e8be41ceb20fa0da750cda2f6b9e4e-0050012026/related/CMO-Historical-Data-Monthly.xlsx
2006-01-01,coal_australian,43.2,usd_per_tonne,"World Bank Commodity Markets (Pink Sheet), Monthly Prices",https://thedocs.worldbank.org/en/doc/74e8be41ceb20fa0da750cda2f6b9e4e-0050012026/related/CMO-Historical-Data-Monthly.xlsx
2006-02-01,coal_australian,47.7,usd_per_tonne,"World Bank Commodity Markets (Pink Sheet), Monthly Prices",https://thedocs.worldbank.org/en/doc/74e8be41ceb20fa0da750cda2f6b9e4e-0050012026/related/CMO-Historical-Data-Monthly.xlsx
2006-03-01,coal_australian,49.8,usd_per_tonne,"World Bank Commodity Markets (Pink Sheet), Monthly Prices",https://thedocs.worldbank.org/en/doc/74e8be41ceb20fa0da750cda2f6b9e4e-0050012026/related/CMO-Historical-Data-Monthly.xlsx
2006-04-01,coal_australian,52.9,usd_per_tonne,"World Bank Commodity Markets (Pink Sheet), Monthly Prices",https://thedocs.worldbank.org/en/doc/74e8be41ceb20fa0da750cda2f6b9e4e-0050012026/related/CMO-Historical-Data-Monthly.xlsx
2006-05-01,coal_australian,52.6,usd_per_tonne,"World Bank Commodity Markets (Pink Sheet), Monthly Prices",https://thedocs.worldbank.org/en/doc/74e8be41ceb20fa0da750cda2f6b9e4e-0050012026/related/CMO-Historical-Data-Monthly.xlsx
2006-06-01,coal_australian,52.4,usd_per_tonne,"World Bank Commodity Markets (Pink Sheet), Monthly Prices",https://thedocs.worldbank.org/en/doc/74e8be41ceb20fa0da750cda2f6b9e4e-0050012026/related/CMO-Historical-Data-Monthly.xlsx
2006-07-01,coal_australian,52.8,usd_per_tonne,"World Bank Commodity Markets (Pink Sheet), Monthly Prices",https://thedocs.worldbank.org/en/doc/74e8be41ceb20fa0da750cda2f6b9e4e-0050012026/related/CMO-Historical-Data-Monthly.xlsx
2006-08-01,coal_australian,50.9,usd_per_tonne,"World Bank Commodity Markets (Pink Sheet), Monthly Prices",https://thedocs.worldbank.org/en/doc/74e8be41ceb20fa0da750cda2f6b9e4e-0050012026/related/CMO-Historical-Data-Monthly.xlsx
2006-09-01,coal_australian,47.1,usd_per_tonne,"World Bank Commodity Markets (Pink Sheet), Monthly Prices",https://thedocs.worldbank.org/en/doc/74e8be41ceb20fa0da750cda2f6b9e4e-0050012026/related/CMO-Historical-Data-Monthly.xlsx
2006-10-01,coal_australian,44.1,usd_per_tonne,"World Bank Commodity Markets (Pink Sheet), Monthly Prices",https://thedocs.worldbank.org/en/doc/74e8be41ceb20fa0da750cda2f6b9e4e-0050012026/related/CMO-Historical-Data-Monthly.xlsx
2006-11-01,coal_australian,46.0,usd_per_tonne,"World Bank Commodity Markets (Pink Sheet), Monthly Prices",https://thedocs.worldbank.org/en/doc/74e8be41ceb20fa0da750cda2f6b9e4e-0050012026/related/CMO-Historical-Data-Monthly.xlsx
2006-12-01,coal_australian,49.8,usd_per_tonne,"World Bank Commodity Markets (Pink Sheet), Monthly Prices",https://thedocs.worldbank.org/en/doc/74e8be41ceb20fa0da750cda2f6b9e4e-0050012026/related/CMO-Historical-Data-Monthly.xlsx
2007-01-01,coal_australian,51.3,usd_per_tonne,"World Bank Commodity Markets (Pink Sheet), Monthly Prices",https://thedocs.worldbank.org/en/doc/74e8be41ceb20fa0da750cda2f6b9e4e-0050012026/related/CMO-Historical-Data-Monthly.xlsx
2007-02-01,coal_australian,52.9,usd_per_tonne,"World Bank Commodity Markets (Pink Sheet), Monthly Prices",https://thedocs.worldbank.org/en/doc/74e8be41ceb20fa0da750cda2f6b9e4e-0050012026/related/CMO-Historical-Data-Monthly.xlsx
2007-03-01,coal_australian,55.4,usd_per_tonne,"World Bank Commodity Markets (Pink Sheet), Monthly Prices",https://thedocs.worldbank.org/en/doc/74e8be41ceb20fa0da750cda2f6b9e4e-0050012026/related/CMO-Historical-Data-Monthly.xlsx
2007-04-01,coal_australian,56.1,usd_per_tonne,"World Bank Commodity Markets (Pink Sheet), Monthly Prices",https://thedocs.worldbank.org/en/doc/74e8be41ceb20fa0da750cda2f6b9e4e-0050012026/related/CMO-Historical-Data-Monthly.xlsx
2007-05-01,coal_australian,56.0,usd_per_tonne,"World Bank Commodity Markets (Pink Sheet), Monthly Prices",https://thedocs.worldbank.org/en/doc/74e8be41ceb20fa0da750cda2f6b9e4e-0050012026/related/CMO-Historical-Data-Monthly.xlsx
2007-06-01,coal_australian,61.6,usd_per_tonne,"World Bank Commodity Markets (Pink Sheet), Monthly Prices",https://thedocs.worldbank.org/en/doc/74e8be41ceb20fa0da750cda2f6b9e4e-0050012026/related/CMO-Historical-Data-Monthly.xlsx
2007-07-01,coal_australian,67.3,usd_per_tonne,"World Bank Commodity Markets (Pink Sheet), Monthly Prices",https://thedocs.worldbank.org/en/doc/74e8be41ceb20fa0da750cda2f6b9e4e-0050012026/related/CMO-Historical-Data-Monthly.xlsx
2007-08-01,coal_australian,69.4,usd_per_tonne,"World Bank Commodity Markets (Pink Sheet), Monthly Prices",https://thedocs.worldbank.org/en/doc/74e8be41ceb20fa0da750cda2f6b9e4e-0050012026/related/CMO-Historical-Data-Monthly.xlsx
2007-09-01,coal_australian,68.4,usd_per_tonne,"World Bank Commodity Markets (Pink Sheet), Monthly Prices",https://thedocs.worldbank.org/en/doc/74e8be41ceb20fa0da750cda2f6b9e4e-0050012026/related/CMO-Historical-Data-Monthly.xlsx
2007-10-01,coal_australian,74.8,usd_per_tonne,"World Bank Commodity Markets (Pink Sheet), Monthly Prices",https://thedocs.worldbank.org/en/doc/74e8be41ceb20fa0da750cda2f6b9e4e-0050012026/related/CMO-Historical-Data-Monthly.xlsx
2007-11-01,coal_australian,84.6,usd_per_tonne,"World Bank Commodity Markets (Pink Sheet), Monthly Prices",https://thedocs.worldbank.org/en/doc/74e8be41ceb20fa0da750cda2f6b9e4e-0050012026/related/CMO-Historical-Data-Monthly.xlsx
2007-12-01,coal_australian,91.0,usd_per_tonne,"World Bank Commodity Markets (Pink Sheet), Monthly Prices",https://thedocs.worldbank.org/en/doc/74e8be41ceb20fa0da750cda2f6b9e4e-0050012026/related/CMO-Historical-Data-Monthly.xlsx
2008-01-01,coal_australian,91.8,usd_per_tonne,"World Bank Commodity Markets (Pink Sheet), Monthly Prices",https://thedocs.worldbank.org/en/doc/74e8be41ceb20fa0da750cda2f6b9e4e-0050012026/related/CMO-Historical-Data-Monthly.xlsx
2008-02-01,coal_australian,132.0,usd_per_tonne,"World Bank Commodity Markets (Pink Sheet), Monthly Prices",https://thedocs.worldbank.org/en/doc/74e8be41ceb20fa0da750cda2f6b9e4e-0050012026/related/CMO-Historical-Data-Monthly.xlsx
2008-03-01,coal_australian,118.3,usd_per_tonne,"World Bank Commodity Markets (Pink Sheet), Monthly Prices",https://thedocs.worldbank.org/en/doc/74e8be41ceb20fa0da750cda2f6b9e4e-0050012026/related/CMO-Historical-Data-Monthly.xlsx
2008-04-01,coal_australian,123.0,usd_per_tonne,"World Bank Commodity Markets (Pink Sheet), Monthly Prices",https://thedocs.worldbank.org/en/doc/74e8be41ceb20fa0da750cda2f6b9e4e-0050012026/related/CMO-Historical-Data-Monthly.xlsx
2008-05-01,coal_australian,133.2,usd_per_tonne,"World Bank Commodity Markets (Pink Sheet), Monthly Prices",https://thedocs.worldbank.org/en/doc/74e8be41ceb20fa0da750cda2f6b9e4e-0050012026/related/CMO-Historical-Data-Monthly.xlsx
2008-06-01,coal_australian,159.8,usd_per_tonne,"World Bank Commodity Markets (Pink Sheet), Monthly Prices",https://thedocs.worldbank.org/en/doc/74e8be41ceb20fa0da750cda2f6b9e4e-0050012026/related/CMO-Historical-Data-Monthly.xlsx
2008-07-01,coal_australian,180.0,usd_per_tonne,"World Bank Commodity Markets (Pink Sheet), Monthly Prices",https://thedocs.worldbank.org/en/doc/74e8be41ceb20fa0da750cda2f6b9e4e-0050012026/related/CMO-Historical-Data-Monthly.xlsx
2008-08-01,coal_australian,158.4,usd_per_tonne,"World Bank Commodity Markets (Pink Sheet), Monthly Prices",https://thedocs.worldbank.org/en/doc/74e8be41ceb20fa0da750cda2f6b9e4e-0050012026/related/CMO-Historical-Data-Monthly.xlsx
2008-09-01,coal_australian,150.0,usd_per_tonne,"World Bank Commodity Markets (Pink Sheet), Monthly Prices",https://thedocs.worldbank.org/en/doc/74e8be41ceb20fa0da750cda2f6b9e4e-0050012026/related/CMO-Historical-Data-Monthly.xlsx
2008-10-01,coal_australian,108.0,usd_per_tonne,"World Bank Commodity Markets (Pink Sheet), Monthly Prices",https://thedocs.worldbank.org/en/doc/74e8be41ceb20fa0da750cda2f6b9e4e-0050012026/related/CMO-Historical-Data-Monthly.xlsx
2008-11-01,coal_australian,92.3,usd_per_tonne,"World Bank Commodity Markets (Pink Sheet), Monthly Prices",https://thedocs.worldbank.org/en/doc/74e8be41ceb20fa0da750cda2f6b9e4e-0050012026/related/CMO-Historical-Data-Monthly.xlsx
2008-12-01,coal_australian,78.7,usd_per_tonne,"World Bank Commodity Markets (Pink Sheet), Monthly Prices",https://thedocs.worldbank.org/en/doc/74e8be41ceb20fa0da750cda2f6b9e4e-0050012026/related/CMO-Historical-Data-Monthly.xlsx
2009-01-01,coal_australian,79.4,usd_per_tonne,"World Bank Commodity Markets (Pink Sheet), Monthly Prices",https://thedocs.worldbank.org/en/doc/74e8be41ceb20fa0da750cda2f6b9e4e-0050012026/related/CMO-Historical-Data-Monthly.xlsx
2009-02-01,coal_australian,75.4,usd_per_tonne,"World Bank Commodity Markets (Pink Sheet), Monthly Prices",https://thedocs.worldbank.org/en/doc/74e8be41ceb20fa0da750cda2f6b9e4e-0050012026/related/CMO-Historical-Data-Monthly.xlsx
2009-03-01,coal_australian,61.0,usd_per_tonne,"World Bank Commodity Markets (Pink Sheet), Monthly Prices",https://thedocs.worldbank.org/en/doc/74e8be41ceb20fa0da750cda2f6b9e4e-0050012026/related/CMO-Historical-Data-Monthly.xlsx
2009-04-01,coal_australian,63.6,usd_per_tonne,"World Bank Commodity Markets (Pink Sheet), Monthly Prices",https://thedocs.worldbank.org/en/doc/74e8be41ceb20fa0da750cda2f6b9e4e-0050012026/related/CMO-Historical-Data-Monthly.xlsx
2009-05-01,coal_australian,64.5,usd_per_tonne,"World Bank Commodity Markets (Pink Sheet), Monthly Prices",https://thedocs.worldbank.org/en/doc/74e8be41ceb20fa0da750cda2f6b9e4e-0050012026/related/CMO-Historical-Data-Monthly.xlsx
2009-06-01,coal_australian,71.4,usd_per_tonne,"World Bank Commodity Markets (Pink Sheet), Monthly Prices",https://thedocs.worldbank.org/en/doc/74e8be41ceb20fa0da750cda2f6b9e4e-0050012026/related/CMO-Historical-Data-Monthly.xlsx
2009-07-01,coal_australian,73.8,usd_per_tonne,"World Bank Commodity Markets (Pink Sheet), Monthly Prices",https://thedocs.worldbank.org/en/doc/74e8be41ceb20fa0da750cda2f6b9e4e-0050012026/related/CMO-Historical-Data-Monthly.xlsx
2009-08-01,coal_australian,72.5,usd_per_tonne,"World Bank Commodity Markets (Pink Sheet), Monthly Prices",https://thedocs.worldbank.org/en/doc/74e8be41ceb20fa0da750cda2f6b9e4e-0050012026/related/CMO-Historical-Data-Monthly.xlsx
2009-09-01,coal_australian,67.6,usd_per_tonne,"World Bank Commodity Markets (Pink Sheet), Monthly Prices",https://thedocs.worldbank.org/en/doc/74e8be41ceb20fa0da750cda2f6b9e4e-0050012026/related/CMO-Historical-Data-Monthly.xlsx
2009-10-01,coal_australian,71.1,usd_per_tonne,"World Bank Commodity Markets (Pink Sheet), Monthly Prices",https://thedocs.worldbank.org/en/doc/74e8be41ceb20fa0da750cda2f6b9e4e-0050012026/related/CMO-Historical-Data-Monthly.xlsx
2009-11-01,coal_australian,78.8,usd_per_tonne,"World Bank Commodity Markets (Pink Sheet), Monthly Prices",https://thedocs.worldbank.org/en/doc/74e8be41ceb20fa0da750cda2f6b9e4e-0050012026/related/CMO-Historical-Data-Monthly.xlsx
2009-12-01,coal_australian,83.1,usd_per_tonne,"World Bank Commodity Markets (Pink Sheet), Monthly Prices",https://thedocs.worldbank.org/en/doc/74e8be41ceb20fa0da750cda2f6b9e4e-0050012026/related/CMO-Historical-Data-Monthly.xlsx
2010-01-01,coal_australian,97.0,usd_per_tonne,"World Bank Commodity Markets (Pink Sheet), Monthly Prices",https://thedocs.worldbank.org/en/doc/74e8be41ceb20fa0da750cda2f6b9e4e-0050012026/related/CMO-Historical-Data-Monthly.xlsx
2010-02-01,coal_australian,94.2,usd_per_tonne,"World Bank Commodity Markets (Pink Sheet), Monthly Prices",https://thedocs.worldbank.org/en/doc/74e8be41ceb20fa0da750cda2f6b9e4e-0050012026/related/CMO-Historical-Data-Monthly.xlsx
2010-03-01,coal_australian,94.4,usd_per_tonne,"World Bank Commodity Markets (Pink Sheet), Monthly Prices",https://thedocs.worldbank.org/en/doc/74e8be41ceb20fa0da750cda2f6b9e4e-0050012026/related/CMO-Historical-Data-Monthly.xlsx
2010-04-01,coal_australian,100.2,usd_per_tonne,"World Bank Commodity Markets (Pink Sheet), Monthly Prices",https://thedocs.worldbank.org/en/doc/74e8be41ceb20fa0da750cda2f6b9e4e-0050012026/related/CMO-Historical-Data-Monthly.xlsx
2010-05-01,coal_australian,100.1,usd_per_tonne,"World Bank Commodity Markets (Pink Sheet), Monthly Prices",https://thedocs.worldbank.org/en/doc/74e8be41ceb20fa0da750cda2f6b9e4e-0050012026/related/CMO-Historical-Data-Monthly.xlsx
2010-06-01,coal_australian,98.2,usd_per_tonne,"World Bank Commodity Markets (Pink Sheet), Monthly Prices",https://thedocs.worldbank.org/en/doc/74e8be41ceb20fa0da750cda2f6b9e4e-0050012026/related/CMO-Historical-Data-Monthly.xlsx
2010-07-01,coal_australian,96.0,usd_per_tonne,"World Bank Commodity Markets (Pink Sheet), Monthly Prices",https://thedocs.worldbank.org/en/doc/74e8be41ceb20fa0da750cda2f6b9e4e-0050012026/related/CMO-Historical-Data-Monthly.xlsx
2010-08-01,coal_australian,89.8,usd_per_tonne,"World Bank Commodity Markets (Pink Sheet), Monthly Prices",https://thedocs.worldbank.org/en/doc/74e8be41ceb20fa0da750cda2f6b9e4e-0050012026/related/CMO-Historical-Data-Monthly.xlsx
2010-09-01,coal_australian,94.9,usd_per_tonne,"World Bank Commodity Markets (Pink Sheet), Monthly Prices",https://thedocs.worldbank.org/en/doc/74e8be41ceb20fa0da750cda2f6b9e4e-0050012026/related/CMO-Historical-Data-Monthly.xlsx
2010-10-01,coal_australian,97.5,usd_per_tonne,"World Bank Commodity Markets (Pink Sheet), Monthly Prices",https://thedocs.worldbank.org/en/doc/74e8be41ceb20fa0da750cda2f6b9e4e-0050012026/related/CMO-Historical-Data-Monthly.xlsx
2010-11-01,coal_australian,107.2,usd_per_tonne,"World Bank Commodity Markets (Pink Sheet), Monthly Prices",https://thedocs.worldbank.org/en/doc/74e8be41ceb20fa0da750cda2f6b9e4e-0050012026/related/CMO-Historical-Data-Monthly.xlsx
2010-12-01,coal_australian,118.3,usd_per_tonne,"World Bank Commodity Markets (Pink Sheet), Monthly Prices",https://thedocs.worldbank.org/en/doc/74e8be41ceb20fa0da750cda2f6b9e4e-0050012026/related/CMO-Historical-Data-Monthly.xlsx
2011-01-01,coal_australian,132.5,usd_per_tonne,"World Bank Commodity Markets (Pink Sheet), Monthly Prices",https://thedocs.worldbank.org/en/doc/74e8be41ceb20fa0da750cda2f6b9e4e-0050012026/related/CMO-Historical-Data-Monthly.xlsx
2011-02-01,coal_australian,128.4,usd_per_tonne,"World Bank Commodity Markets (Pink Sheet), Monthly Prices",https://thedocs.worldbank.org/en/doc/74e8be41ceb20fa0da750cda2f6b9e4e-0050012026/related/CMO-Historical-Data-Monthly.xlsx
2011-03-01,coal_australian,126.1,usd_per_tonne,"World Bank Commodity Markets (Pink Sheet), Monthly Prices",https://thedocs.worldbank.org/en/doc/74e8be41ceb20fa0da750cda2f6b9e4e-0050012026/related/CMO-Historical-Data-Monthly.xlsx
2011-04-01,coal_australian,122.5,usd_per_tonne,"World Bank Commodity Markets (Pink Sheet), Monthly Prices",https://thedocs.worldbank.org/en/doc/74e8be41ceb20fa0da750cda2f6b9e4e-0050012026/related/CMO-Historical-Data-Monthly.xlsx
2011-05-01,coal_australian,119.1,usd_per_tonne,"World Bank Commodity Markets (Pink Sheet), Monthly Prices",https://thedocs.worldbank.org/en/doc/74e8be41ceb20fa0da750cda2f6b9e4e-0050012026/related/CMO-Historical-Data-Monthly.xlsx
2011-06-01,coal_australian,120.1,usd_per_tonne,"World Bank Commodity Markets (Pink Sheet), Monthly Prices",https://thedocs.worldbank.org/en/doc/74e8be41ceb20fa0da750cda2f6b9e4e-0050012026/related/CMO-Historical-Data-Monthly.xlsx
2011-07-01,coal_australian,120.8,usd_per_tonne,"World Bank Commodity Markets (Pink Sheet), Monthly Prices",https://thedocs.worldbank.org/en/doc/74e8be41ceb20fa0da750cda2f6b9e4e-0050012026/related/CMO-Historical-Data-Monthly.xlsx
2011-08-01,coal_australian,120.1,usd_per_tonne,"World Bank Commodity Markets (Pink Sheet), Monthly Prices",https://thedocs.worldbank.org/en/doc/74e8be41ceb20fa0da750cda2f6b9e4e-0050012026/related/CMO-Historical-Data-Monthly.xlsx
2011-09-01,coal_australian,123.1,usd_per_tonne,"World Bank Commodity Markets (Pink Sheet), Monthly Prices",https://thedocs.worldbank.org/en/doc/74e8be41ceb20fa0da750cda2f6b9e4e-0050012026/related/CMO-Historical-Data-Monthly.xlsx
2011-10-01,coal_australian,119.4,usd_per_tonne,"World Bank Commodity Markets (Pink Sheet), Monthly Prices",https://thedocs.worldbank.org/en/doc/74e8be41ceb20fa0da750cda2f6b9e4e-0050012026/related/CMO-Historical-Data-Monthly.xlsx
2011-11-01,coal_australian,113.8,usd_per_tonne,"World Bank Commodity Markets (Pink Sheet), Monthly Prices",https://thedocs.worldbank.org/en/doc/74e8be41ceb20fa0da750cda2f6b9e4e-0050012026/related/CMO-Historical-Data-Monthly.xlsx
2011-12-01,coal_australian,111.6,usd_per_tonne,"World Bank Commodity Markets (Pink Sheet), Monthly Prices",https://thedocs.worldbank.org/en/doc/74e8be41ceb20fa0da750cda2f6b9e4e-0050012026/related/CMO-Historical-Data-Monthly.xlsx
2012-01-01,coal_australian,116.5,usd_per_tonne,"World Bank Commodity Markets (Pink Sheet), Monthly Prices",https://thedocs.worldbank.org/en/doc/74e8be41ceb20fa0da750cda2f6b9e4e-0050012026/related/CMO-Historical-Data-Monthly.xlsx
2012-02-01,coal_australian,117.0,usd_per_tonne,"World Bank Commodity Markets (Pink Sheet), Monthly Prices",https://thedocs.worldbank.org/en/doc/74e8be41ceb20fa0da750cda2f6b9e4e-0050012026/related/CMO-Historical-Data-Monthly.xlsx
2012-03-01,coal_australian,107.5,usd_per_tonne,"World Bank Commodity Markets (Pink Sheet), Monthly Prices",https://thedocs.worldbank.org/en/doc/74e8be41ceb20fa0da750cda2f6b9e4e-0050012026/related/CMO-Historical-Data-Monthly.xlsx
2012-04-01,coal_australian,103.6,usd_per_tonne,"World Bank Commodity Markets (Pink Sheet), Monthly Prices",https://thedocs.worldbank.org/en/doc/74e8be41ceb20fa0da750cda2f6b9e4e-0050012026/related/CMO-Historical-Data-Monthly.xlsx
2012-05-01,coal_australian,95.8,usd_per_tonne,"World Bank Commodity Markets (Pink Sheet), Monthly Prices",https://thedocs.worldbank.org/en/doc/74e8be41ceb20fa0da750cda2f6b9e4e-0050012026/related/CMO-Historical-Data-Monthly.xlsx
2012-06-01,coal_australian,87.2,usd_per_tonne,"World Bank Commodity Markets (Pink Sheet), Monthly Prices",https://thedocs.worldbank.org/en/doc/74e8be41ceb20fa0da750cda2f6b9e4e-0050012026/related/CMO-Historical-Data-Monthly.xlsx
2012-07-01,coal_australian,88.2,usd_per_tonne,"World Bank Commodity Markets (Pink Sheet), Monthly Prices",https://thedocs.worldbank.org/en/doc/74e8be41ceb20fa0da750cda2f6b9e4e-0050012026/related/CMO-Historical-Data-Monthly.xlsx
2012-08-01,coal_australian,91.0,usd_per_tonne,"World Bank Commodity Markets (Pink Sheet), Monthly Prices",https://thedocs.worldbank.org/en/doc/74e8be41ceb20fa0da750cda2f6b9e4e-0050012026/related/CMO-Historical-Data-Monthly.xlsx
2012-09-01,coal_australian,89.0,usd_per_tonne,"World Bank Commodity Markets (Pink Sheet), Monthly Prices",https://thedocs.worldbank.org/en/doc/74e8be41ceb20fa0da750cda2f6b9e4e-0050012026/related/CMO-Historical-Data-Monthly.xlsx
2012-10-01,coal_australian,81.9,usd_per_tonne,"World Bank Commodity Markets (Pink Sheet), Monthly Prices",https://thedocs.worldbank.org/en/doc/74e8be41ceb20fa0da750cda2f6b9e4e-0050012026/related/CMO-Historical-Data-Monthly.xlsx
2012-11-01,coal_australian,85.9,usd_per_tonne,"World Bank Commodity Markets (Pink Sheet), Monthly Prices",https://thedocs.worldbank.org/en/doc/74e8be41ceb20fa0da750cda2f6b9e4e-0050012026/related/CMO-Historical-Data-Monthly.xlsx
2012-12-01,coal_australian,92.9,usd_per_tonne,"World Bank Commodity Markets (Pink Sheet), Monthly Prices",https://thedocs.worldbank.org/en/doc/74e8be41ceb20fa0da750cda2f6b9e4e-0050012026/related/CMO-Historical-Data-Monthly.xlsx
2013-01-01,coal_australian,92.8,usd_per_tonne,"World Bank Commodity Markets (Pink Sheet), Monthly Prices",https://thedocs.worldbank.org/en/doc/74e8be41ceb20fa0da750cda2f6b9e4e-0050012026/related/CMO-Historical-Data-Monthly.xlsx
2013-02-01,coal_australian,94.9,usd_per_tonne,"World Bank Commodity Markets (Pink Sheet), Monthly Prices",https://thedocs.worldbank.org/en/doc/74e8be41ceb20fa0da750cda2f6b9e4e-0050012026/related/CMO-Historical-Data-Monthly.xlsx
2013-03-01,coal_australian,91.0,usd_per_tonne,"World Bank Commodity Markets (Pink Sheet), Monthly Prices",https://thedocs.worldbank.org/en/doc/74e8be41ceb20fa0da750cda2f6b9e4e-0050012026/related/CMO-Historical-Data-Monthly.xlsx
2013-04-01,coal_australian,87.8,usd_per_tonne,"World Bank Commodity Markets (Pink Sheet), Monthly Prices",https://thedocs.worldbank.org/en/doc/74e8be41ceb20fa0da750cda2f6b9e4e-0050012026/related/CMO-Historical-Data-Monthly.xlsx
2013-05-01,coal_australian,87.7,usd_per_tonne,"World Bank Commodity Markets (Pink Sheet), Monthly Prices",https://thedocs.worldbank.org/en/doc/74e8be41ceb20fa0da750cda2f6b9e4e-0050012026/related/CMO-Historical-Data-Monthly.xlsx
2013-06-01,coal_australian,82.8,usd_per_tonne,"World Bank Commodity Markets (Pink Sheet), Monthly Prices",https://thedocs.worldbank.org/en/doc/74e8be41ceb20fa0da750cda2f6b9e4e-0050012026/related/CMO-Historical-Data-Monthly.xlsx
2013-07-01,coal_australian,77.3,usd_per_tonne,"World Bank Commodity Markets (Pink Sheet), Monthly Prices",https://thedocs.worldbank.org/en/doc/74e8be41ceb20fa0da750cda2f6b9e4e-0050012026/related/CMO-Historical-Data-Monthly.xlsx
2013-08-01,coal_australian,77.0,usd_per_tonne,"World Bank Commodity Markets (Pink Sheet), Monthly Prices",https://thedocs.worldbank.org/en/doc/74e8be41ceb20fa0da750cda2f6b9e4e-0050012026/related/CMO-Historical-Data-Monthly.xlsx
2013-09-01,coal_australian,77.6,usd_per_tonne,"World Bank Commodity Markets (Pink Sheet), Monthly Prices",https://thedocs.worldbank.org/en/doc/74e8be41ceb20fa0da750cda2f6b9e4e-0050012026/related/CMO-Historical-Data-Monthly.xlsx
2013-10-01,coal_australian,79.4,usd_per_tonne,"World Bank Commodity Markets (Pink Sheet), Monthly Prices",https://thedocs.worldbank.org/en/doc/74e8be41ceb20fa0da750cda2f6b9e4e-0050012026/related/CMO-Historical-Data-Monthly.xlsx
2013-11-01,coal_australian,82.3,usd_per_tonne,"World Bank Commodity Markets (Pink Sheet), Monthly Prices",https://thedocs.worldbank.org/en/doc/74e8be41ceb20fa0da750cda2f6b9e4e-0050012026/related/CMO-Historical-Data-Monthly.xlsx
2013-12-01,coal_australian,84.3,usd_per_tonne,"World Bank Commodity Markets (Pink Sheet), Monthly Prices",https://thedocs.worldbank.org/en/doc/74e8be41ceb20fa0da750cda2f6b9e4e-0050012026/related/CMO-Historical-Data-Monthly.xlsx
2014-01-01,coal_australian,81.6,usd_per_tonne,"World Bank Commodity Markets (Pink Sheet), Monthly Prices",https://thedocs.worldbank.org/en/doc/74e8be41ceb20fa0da750cda2f6b9e4e-0050012026/related/CMO-Historical-Data-Monthly.xlsx
2014-02-01,coal_australian,76.3,usd_per_tonne,"World Bank Commodity Markets (Pink Sheet), Monthly Prices",https://thedocs.worldbank.org/en/doc/74e8be41ceb20fa0da750cda2f6b9e4e-0050012026/related/CMO-Historical-Data-Monthly.xlsx
2014-03-01,coal_australian,73.3,usd_per_tonne,"World Bank Commodity Markets (Pink Sheet), Monthly Prices",https://thedocs.worldbank.org/en/doc/74e8be41ceb20fa0da750cda2f6b9e4e-0050012026/related/CMO-Historical-Data-Monthly.xlsx
2014-04-01,coal_australian,72.8,usd_per_tonne,"World Bank Commodity Markets (Pink Sheet), Monthly Prices",https://thedocs.worldbank.org/en/doc/74e8be41ceb20fa0da750cda2f6b9e4e-0050012026/related/CMO-Historical-Data-Monthly.xlsx
2014-05-01,coal_australian,73.7,usd_per_tonne,"World Bank Commodity Markets (Pink Sheet), Monthly Prices",https://thedocs.worldbank.org/en/doc/74e8be41ceb20fa0da750cda2f6b9e4e-0050012026/related/CMO-Historical-Data-Monthly.xlsx
2014-06-01,coal_australian,71.5,usd_per_tonne,"World Bank Commodity Markets (Pink Sheet), Monthly Prices",https://thedocs.worldbank.org/en/doc/74e8be41ceb20fa0da750cda2f6b9e4e-0050012026/related/CMO-Historical-Data-Monthly.xlsx
2014-07-01,coal_australian,68.8,usd_per_tonne,"World Bank Commodity Markets (Pink Sheet), Monthly Prices",https://thedocs.worldbank.org/en/doc/74e8be41ceb20fa0da750cda2f6b9e4e-0050012026/related/CMO-Historical-Data-Monthly.xlsx
2014-08-01,coal_australian,68.9,usd_per_tonne,"World Bank Commodity Markets (Pink Sheet), Monthly Prices",https://thedocs.worldbank.org/en/doc/74e8be41ceb20fa0da750cda2f6b9e4e-0050012026/related/CMO-Historical-Data-Monthly.xlsx
2014-09-01,coal_australian,65.9,usd_per_tonne,"World Bank Commodity Markets (Pink Sheet), Monthly Prices",https://thedocs.worldbank.org/en/doc/74e8be41ceb20fa0da750cda2f6b9e4e-0050012026/related/CMO-Historical-Data-Monthly.xlsx
2014-10-01,coal_australian,63.7,usd_per_tonne,"World Bank Commodity Markets (Pink Sheet), Monthly Prices",https://thedocs.worldbank.org/en/doc/74e8be41ceb20fa0da750cda2f6b9e4e-0050012026/related/CMO-Historical-Data-Monthly.xlsx
2014-11-01,coal_australian,62.6,usd_per_tonne,"World Bank Commodity Markets (Pink Sheet), Monthly Prices",https://thedocs.worldbank.org/en/doc/74e8be41ceb20fa0da750cda2f6b9e4e-0050012026/related/CMO-Historical-Data-Monthly.xlsx
2014-12-01,coal_australian,62.4,usd_per_tonne,"World Bank Commodity Markets (Pink Sheet), Monthly Prices",https://thedocs.worldbank.org/en/doc/74e8be41ceb20fa0da750cda2f6b9e4e-0050012026/related/CMO-Historical-Data-Monthly.xlsx
2015-01-01,coal_australian,61.4,usd_per_tonne,"World Bank Commodity Markets (Pink Sheet), Monthly Prices",https://thedocs.worldbank.org/en/doc/74e8be41ceb20fa0da750cda2f6b9e4e-0050012026/related/CMO-Historical-Data-Monthly.xlsx
2015-02-01,coal_australian,69.1,usd_per_tonne,"World Bank Commodity Markets (Pink Sheet), Monthly Prices",https://thedocs.worldbank.org/en/doc/74e8be41ceb20fa0da750cda2f6b9e4e-0050012026/related/CMO-Historical-Data-Monthly.xlsx
2015-03-01,coal_australian,64.8,usd_per_tonne,"World Bank Commodity Markets (Pink Sheet), Monthly Prices",https://thedocs.worldbank.org/en/doc/74e8be41ceb20fa0da750cda2f6b9e4e-0050012026/related/CMO-Historical-Data-Monthly.xlsx
2015-04-01,coal_australian,56.2,usd_per_tonne,"World Bank Commodity Markets (Pink Sheet), Monthly Prices",https://thedocs.worldbank.org/en/doc/74e8be41ceb20fa0da750cda2f6b9e4e-0050012026/related/CMO-Historical-Data-Monthly.xlsx
2015-05-01,coal_australian,61.2,usd_per_tonne,"World Bank Commodity Markets (Pink Sheet), Monthly Prices",https://thedocs.worldbank.org/en/doc/74e8be41ceb20fa0da750cda2f6b9e4e-0050012026/related/CMO-Historical-Data-Monthly.xlsx
2015-06-01,coal_australian,59.0,usd_per_tonne,"World Bank Commodity Markets (Pink Sheet), Monthly Prices",https://thedocs.worldbank.org/en/doc/74e8be41ceb20fa0da750cda2f6b9e4e-0050012026/related/CMO-Historical-Data-Monthly.xlsx
2015-07-01,coal_australian,59.9,usd_per_tonne,"World Bank Commodity Markets (Pink Sheet), Monthly Prices",https://thedocs.worldbank.org/en/doc/74e8be41ceb20fa0da750cda2f6b9e4e-0050012026/related/CMO-Historical-Data-Monthly.xlsx
2015-08-01,coal_australian,59.1,usd_per_tonne,"World Bank Commodity Markets (Pink Sheet), Monthly Prices",https://thedocs.worldbank.org/en/doc/74e8be41ceb20fa0da750cda2f6b9e4e-0050012026/related/CMO-Historical-Data-Monthly.xlsx
2015-09-01,coal_australian,57.7,usd_per_tonne,"World Bank Commodity Markets (Pink Sheet), Monthly Prices",https://thedocs.worldbank.org/en/doc/74e8be41ceb20fa0da750cda2f6b9e4e-0050012026/related/CMO-Historical-Data-Monthly.xlsx
2015-10-01,coal_australian,54.3,usd_per_tonne,"World Bank Commodity Markets (Pink Sheet), Monthly Prices",https://thedocs.worldbank.org/en/doc/74e8be41ceb20fa0da750cda2f6b9e4e-0050012026/related/CMO-Historical-Data-Monthly.xlsx
2015-11-01,coal_australian,52.5,usd_per_tonne,"World Bank Commodity Markets (Pink Sheet), Monthly Prices",https://thedocs.worldbank.org/en/doc/74e8be41ceb20fa0da750cda2f6b9e4e-0050012026/related/CMO-Historical-Data-Monthly.xlsx
2015-12-01,coal_australian,52.2,usd_per_tonne,"World Bank Commodity Markets (Pink Sheet), Monthly Prices",https://thedocs.worldbank.org/en/doc/74e8be41ceb20fa0da750cda2f6b9e4e-0050012026/related/CMO-Historical-Data-Monthly.xlsx
2016-01-01,coal_australian,49.0,usd_per_tonne,"World Bank Commodity Markets (Pink Sheet), Monthly Prices",https://thedocs.worldbank.org/en/doc/74e8be41ceb20fa0da750cda2f6b9e4e-0050012026/related/CMO-Historical-Data-Monthly.xlsx
2016-02-01,coal_australian,50.3,usd_per_tonne,"World Bank Commodity Markets (Pink Sheet), Monthly Prices",https://thedocs.worldbank.org/en/doc/74e8be41ceb20fa0da750cda2f6b9e4e-0050012026/related/CMO-Historical-Data-Monthly.xlsx
2016-03-01,coal_australian,52.2,usd_per_tonne,"World Bank Commodity Markets (Pink Sheet), Monthly Prices",https://thedocs.worldbank.org/en/doc/74e8be41ceb20fa0da750cda2f6b9e4e-0050012026/related/CMO-Historical-Data-Monthly.xlsx
2016-04-01,coal_australian,50.7,usd_per_tonne,"World Bank Commodity Markets (Pink Sheet), Monthly Prices",https://thedocs.worldbank.org/en/doc/74e8be41ceb20fa0da750cda2f6b9e4e-0050012026/related/CMO-Historical-Data-Monthly.xlsx
2016-05-01,coal_australian,51.3,usd_per_tonne,"World Bank Commodity Markets (Pink Sheet), Monthly Prices",https://thedocs.worldbank.org/en/doc/74e8be41ceb20fa0da750cda2f6b9e4e-0050012026/related/CMO-Historical-Data-Monthly.xlsx
2016-06-01,coal_australian,52.9,usd_per_tonne,"World Bank Commodity Markets (Pink Sheet), Monthly Prices",https://thedocs.worldbank.org/en/doc/74e8be41ceb20fa0da750cda2f6b9e4e-0050012026/related/CMO-Historical-Data-Monthly.xlsx
2016-07-01,coal_australian,61.2,usd_per_tonne,"World Bank Commodity Markets (Pink Sheet), Monthly Prices",https://thedocs.worldbank.org/en/doc/74e8be41ceb20fa0da750cda2f6b9e4e-0050012026/related/CMO-Historical-Data-Monthly.xlsx
2016-08-01,coal_australian,67.4,usd_per_tonne,"World Bank Commodity Markets (Pink Sheet), Monthly Prices",https://thedocs.worldbank.org/en/doc/74e8be41ceb20fa0da750cda2f6b9e4e-0050012026/related/CMO-Historical-Data-Monthly.xlsx
2016-09-01,coal_australian,72.7,usd_per_tonne,"World Bank Commodity Markets (Pink Sheet), Monthly Prices",https://thedocs.worldbank.org/en/doc/74e8be41ceb20fa0da750cda2f6b9e4e-0050012026/related/CMO-Historical-Data-Monthly.xlsx
2016-10-01,coal_australian,94.2,usd_per_tonne,"World Bank Commodity Markets (Pink Sheet), Monthly Prices",https://thedocs.worldbank.org/en/doc/74e8be41ceb20fa0da750cda2f6b9e4e-0050012026/related/CMO-Historical-Data-Monthly.xlsx
2016-11-01,coal_australian,103.4,usd_per_tonne,"World Bank Commodity Markets (Pink Sheet), Monthly Prices",https://thedocs.worldbank.org/en/doc/74e8be41ceb20fa0da750cda2f6b9e4e-0050012026/related/CMO-Historical-Data-Monthly.xlsx
2016-12-01,coal_australian,88.2,usd_per_tonne,"World Bank Commodity Markets (Pink Sheet), Monthly Prices",https://thedocs.worldbank.org/en/doc/74e8be41ceb20fa0da750cda2f6b9e4e-0050012026/related/CMO-Historical-Data-Monthly.xlsx
2017-01-01,coal_australian,83.7,usd_per_tonne,"World Bank Commodity Markets (Pink Sheet), Monthly Prices",https://thedocs.worldbank.org/en/doc/74e8be41ceb20fa0da750cda2f6b9e4e-0050012026/related/CMO-Historical-Data-Monthly.xlsx
2017-02-01,coal_australian,80.0,usd_per_tonne,"World Bank Commodity Markets (Pink Sheet), Monthly Prices",https://thedocs.worldbank.org/en/doc/74e8be41ceb20fa0da750cda2f6b9e4e-0050012026/related/CMO-Historical-Data-Monthly.xlsx
2017-03-01,coal_australian,80.9,usd_per_tonne,"World Bank Commodity Markets (Pink Sheet), Monthly Prices",https://thedocs.worldbank.org/en/doc/74e8be41ceb20fa0da750cda2f6b9e4e-0050012026/related/CMO-Historical-Data-Monthly.xlsx
2017-04-01,coal_australian,83.7,usd_per_tonne,"World Bank Commodity Markets (Pink Sheet), Monthly Prices",https://thedocs.worldbank.org/en/doc/74e8be41ceb20fa0da750cda2f6b9e4e-0050012026/related/CMO-Historical-Data-Monthly.xlsx
2017-05-01,coal_australian,74.4,usd_per_tonne,"World Bank Commodity Markets (Pink Sheet), Monthly Prices",https://thedocs.worldbank.org/en/doc/74e8be41ceb20fa0da750cda2f6b9e4e-0050012026/related/CMO-Historical-Data-Monthly.xlsx
2017-06-01,coal_australian,81.1,usd_per_tonne,"World Bank Commodity Markets (Pink Sheet), Monthly Prices",https://thedocs.worldbank.org/en/doc/74e8be41ceb20fa0da750cda2f6b9e4e-0050012026/related/CMO-Historical-Data-Monthly.xlsx
2017-07-01,coal_australian,87.5,usd_per_tonne,"World Bank Commodity Markets (Pink Sheet), Monthly Prices",https://thedocs.worldbank.org/en/doc/74e8be41ceb20fa0da750cda2f6b9e4e-0050012026/related/CMO-Historical-Data-Monthly.xlsx
2017-08-01,coal_australian,98.6,usd_per_tonne,"World Bank Commodity Markets (Pink Sheet), Monthly Prices",https://thedocs.worldbank.org/en/doc/74e8be41ceb20fa0da750cda2f6b9e4e-0050012026/related/CMO-Historical-Data-Monthly.xlsx
2017-09-01,coal_australian,97.8,usd_per_tonne,"World Bank Commodity Markets (Pink Sheet), Monthly Prices",https://thedocs.worldbank.org/en/doc/74e8be41ceb20fa0da750cda2f6b9e4e-0050012026/related/CMO-Historical-Data-Monthly.xlsx
2017-10-01,coal_australian,97.1,usd_per_tonne,"World Bank Commodity Markets (Pink Sheet), Monthly Prices",https://thedocs.worldbank.org/en/doc/74e8be41ceb20fa0da750cda2f6b9e4e-0050012026/related/CMO-Historical-Data-Monthly.xlsx
2017-11-01,coal_australian,96.6,usd_per_tonne,"World Bank Commodity Markets (Pink Sheet), Monthly Prices",https://thedocs.worldbank.org/en/doc/74e8be41ceb20fa0da750cda2f6b9e4e-0050012026/related/CMO-Historical-Data-Monthly.xlsx
2017-12-01,coal_australian,100.8,usd_per_tonne,"World Bank Commodity Markets (Pink Sheet), Monthly Prices",https://thedocs.worldbank.org/en/doc/74e8be41ceb20fa0da750cda2f6b9e4e-0050012026/related/CMO-Historical-Data-Monthly.xlsx
2018-01-01,coal_australian,106.5,usd_per_tonne,"World Bank Commodity Markets (Pink Sheet), Monthly Prices",https://thedocs.worldbank.org/en/doc/74e8be41ceb20fa0da750cda2f6b9e4e-0050012026/related/CMO-Historical-Data-Monthly.xlsx
2018-02-01,coal_australian,106.0,usd_per_tonne,"World Bank Commodity Markets (Pink Sheet), Monthly Prices",https://thedocs.worldbank.org/en/doc/74e8be41ceb20fa0da750cda2f6b9e4e-0050012026/related/CMO-Historical-Data-Monthly.xlsx
2018-03-01,coal_australian,96.7,usd_per_tonne,"World Bank Commodity Markets (Pink Sheet), Monthly Prices",https://thedocs.worldbank.org/en/doc/74e8be41ceb20fa0da750cda2f6b9e4e-0050012026/related/CMO-Historical-Data-Monthly.xlsx
2018-04-01,coal_australian,93.7,usd_per_tonne,"World Bank Commodity Markets (Pink Sheet), Monthly Prices",https://thedocs.worldbank.org/en/doc/74e8be41ceb20fa0da750cda2f6b9e4e-0050012026/related/CMO-Historical-Data-Monthly.xlsx
2018-05-01,coal_australian,105.3,usd_per_tonne,"World Bank Commodity Markets (Pink Sheet), Monthly Prices",https://thedocs.worldbank.org/en/doc/74e8be41ceb20fa0da750cda2f6b9e4e-0050012026/related/CMO-Historical-Data-Monthly.xlsx
2018-06-01,coal_australian,114.3,usd_per_tonne,"World Bank Commodity Markets (Pink Sheet), Monthly Prices",https://thedocs.worldbank.org/en/doc/74e8be41ceb20fa0da750cda2f6b9e4e-0050012026/related/CMO-Historical-Data-Monthly.xlsx
2018-07-01,coal_australian,119.6,usd_per_tonne,"World Bank Commodity Markets (Pink Sheet), Monthly Prices",https://thedocs.worldbank.org/en/doc/74e8be41ceb20fa0da750cda2f6b9e4e-0050012026/related/CMO-Historical-Data-Monthly.xlsx
2018-08-01,coal_australian,117.3,usd_per_tonne,"World Bank Commodity Markets (Pink Sheet), Monthly Prices",https://thedocs.worldbank.org/en/doc/74e8be41ceb20fa0da750cda2f6b9e4e-0050012026/related/CMO-Historical-Data-Monthly.xlsx
2018-09-01,coal_australian,114.2,usd_per_tonne,"World Bank Commodity Markets (Pink Sheet), Monthly Prices",https://thedocs.worldbank.org/en/doc/74e8be41ceb20fa0da750cda2f6b9e4e-0050012026/related/CMO-Historical-Data-Monthly.xlsx
2018-10-01,coal_australian,108.7,usd_per_tonne,"World Bank Commodity Markets (Pink Sheet), Monthly Prices",https://thedocs.worldbank.org/en/doc/74e8be41ceb20fa0da750cda2f6b9e4e-0050012026/related/CMO-Historical-Data-Monthly.xlsx
2018-11-01,coal_australian,100.7,usd_per_tonne,"World Bank Commodity Markets (Pink Sheet), Monthly Prices",https://thedocs.worldbank.org/en/doc/74e8be41ceb20fa0da750cda2f6b9e4e-0050012026/related/CMO-Historical-Data-Monthly.xlsx
2018-12-01,coal_australian,101.4,usd_per_tonne,"World Bank Commodity Markets (Pink Sheet), Monthly Prices",https://thedocs.worldbank.org/en/doc/74e8be41ceb20fa0da750cda2f6b9e4e-0050012026/related/CMO-Historical-Data-Monthly.xlsx
2019-01-01,coal_australian,98.6,usd_per_tonne,"World Bank Commodity Markets (Pink Sheet), Monthly Prices",https://thedocs.worldbank.org/en/doc/74e8be41ceb20fa0da750cda2f6b9e4e-0050012026/related/CMO-Historical-Data-Monthly.xlsx
2019-02-01,coal_australian,95.4,usd_per_tonne,"World Bank Commodity Markets (Pink Sheet), Monthly Prices",https://thedocs.worldbank.org/en/doc/74e8be41ceb20fa0da750cda2f6b9e4e-0050012026/related/CMO-Historical-Data-Monthly.xlsx
2019-03-01,coal_australian,93.1,usd_per_tonne,"World Bank Commodity Markets (Pink Sheet), Monthly Prices",https://thedocs.worldbank.org/en/doc/74e8be41ceb20fa0da750cda2f6b9e4e-0050012026/related/CMO-Historical-Data-Monthly.xlsx
2019-04-01,coal_australian,86.8,usd_per_tonne,"World Bank Commodity Markets (Pink Sheet), Monthly Prices",https://thedocs.worldbank.org/en/doc/74e8be41ceb20fa0da750cda2f6b9e4e-0050012026/related/CMO-Historical-Data-Monthly.xlsx
2019-05-01,coal_australian,82.3,usd_per_tonne,"World Bank Commodity Markets (Pink Sheet), Monthly Prices",https://thedocs.worldbank.org/en/doc/74e8be41ceb20fa0da750cda2f6b9e4e-0050012026/related/CMO-Historical-Data-Monthly.xlsx
2019-06-01,coal_australian,72.5,usd_per_tonne,"World Bank Commodity Markets (Pink Sheet), Monthly Prices",https://thedocs.worldbank.org/en/doc/74e8be41ceb20fa0da750cda2f6b9e4e-0050012026/related/CMO-Historical-Data-Monthly.xlsx
2019-07-01,coal_australian,72.1,usd_per_tonne,"World Bank Commodity Markets (Pink Sheet), Monthly Prices",https://thedocs.worldbank.org/en/doc/74e8be41ceb20fa0da750cda2f6b9e4e-0050012026/related/CMO-Historical-Data-Monthly.xlsx
2019-08-01,coal_australian,65.6,usd_per_tonne,"World Bank Commodity Markets (Pink Sheet), Monthly Prices",https://thedocs.worldbank.org/en/doc/74e8be41ceb20fa0da750cda2f6b9e4e-0050012026/related/CMO-Historical-Data-Monthly.xlsx
2019-09-01,coal_australian,66.0,usd_per_tonne,"World Bank Commodity Markets (Pink Sheet), Monthly Prices",https://thedocs.worldbank.org/en/doc/74e8be41ceb20fa0da750cda2f6b9e4e-0050012026/related/CMO-Historical-Data-Monthly.xlsx
2019-10-01,coal_australian,69.2,usd_per_tonne,"World Bank Commodity Markets (Pink Sheet), Monthly Prices",https://thedocs.worldbank.org/en/doc/74e8be41ceb20fa0da750cda2f6b9e4e-0050012026/related/CMO-Historical-Data-Monthly.xlsx
2019-11-01,coal_australian,67.0,usd_per_tonne,"World Bank Commodity Markets (Pink Sheet), Monthly Prices",https://thedocs.worldbank.org/en/doc/74e8be41ceb20fa0da750cda2f6b9e4e-0050012026/related/CMO-Historical-Data-Monthly.xlsx
2019-12-01,coal_australian,66.2,usd_per_tonne,"World Bank Commodity Markets (Pink Sheet), Monthly Prices",https://thedocs.worldbank.org/en/doc/74e8be41ceb20fa0da750cda2f6b9e4e-0050012026/related/CMO-Historical-Data-Monthly.xlsx
2020-01-01,coal_australian,69.7,usd_per_tonne,"World Bank Commodity Markets (Pink Sheet), Monthly Prices",https://thedocs.worldbank.org/en/doc/74e8be41ceb20fa0da750cda2f6b9e4e-0050012026/related/CMO-Historical-Data-Monthly.xlsx
2020-02-01,coal_australian,67.6,usd_per_tonne,"World Bank Commodity Markets (Pink Sheet), Monthly Prices",https://thedocs.worldbank.org/en/doc/74e8be41ceb20fa0da750cda2f6b9e4e-0050012026/related/CMO-Historical-Data-Monthly.xlsx
2020-03-01,coal_australian,66.7,usd_per_tonne,"World Bank Commodity Markets (Pink Sheet), Monthly Prices",https://thedocs.worldbank.org/en/doc/74e8be41ceb20fa0da750cda2f6b9e4e-0050012026/related/CMO-Historical-Data-Monthly.xlsx
2020-04-01,coal_australian,58.6,usd_per_tonne,"World Bank Commodity Markets (Pink Sheet), Monthly Prices",https://thedocs.worldbank.org/en/doc/74e8be41ceb20fa0da750cda2f6b9e4e-0050012026/related/CMO-Historical-Data-Monthly.xlsx
2020-05-01,coal_australian,52.5,usd_per_tonne,"World Bank Commodity Markets (Pink Sheet), Monthly Prices",https://thedocs.worldbank.org/en/doc/74e8be41ceb20fa0da750cda2f6b9e4e-0050012026/related/CMO-Historical-Data-Monthly.xlsx
2020-06-01,coal_australian,52.2,usd_per_tonne,"World Bank Commodity Markets (Pink Sheet), Monthly Prices",https://thedocs.worldbank.org/en/doc/74e8be41ceb20fa0da750cda2f6b9e4e-0050012026/related/CMO-Historical-Data-Monthly.xlsx
2020-07-01,coal_australian,51.6,usd_per_tonne,"World Bank Commodity Markets (Pink Sheet), Monthly Prices",https://thedocs.worldbank.org/en/doc/74e8be41ceb20fa0da750cda2f6b9e4e-0050012026/related/CMO-Historical-Data-Monthly.xlsx
2020-08-01,coal_australian,50.1,usd_per_tonne,"World Bank Commodity Markets (Pink Sheet), Monthly Prices",https://thedocs.worldbank.org/en/doc/74e8be41ceb20fa0da750cda2f6b9e4e-0050012026/related/CMO-Historical-Data-Monthly.xlsx
2020-09-01,coal_australian,54.6,usd_per_tonne,"World Bank Commodity Markets (Pink Sheet), Monthly Prices",https://thedocs.worldbank.org/en/doc/74e8be41ceb20fa0da750cda2f6b9e4e-0050012026/related/CMO-Historical-Data-Monthly.xlsx
2020-10-01,coal_australian,58.4,usd_per_tonne,"World Bank Commodity Markets (Pink Sheet), Monthly Prices",https://thedocs.worldbank.org/en/doc/74e8be41ceb20fa0da750cda2f6b9e4e-0050012026/related/CMO-Historical-Data-Monthly.xlsx
2020-11-01,coal_australian,64.4,usd_per_tonne,"World Bank Commodity Markets (Pink Sheet), Monthly Prices",https://thedocs.worldbank.org/en/doc/74e8be41ceb20fa0da750cda2f6b9e4e-0050012026/related/CMO-Historical-Data-Monthly.xlsx
2020-12-01,coal_australian,83.0,usd_per_tonne,"World Bank Commodity Markets (Pink Sheet), Monthly Prices",https://thedocs.worldbank.org/en/doc/74e8be41ceb20fa0da750cda2f6b9e4e-0050012026/related/CMO-Historical-Data-Monthly.xlsx
2021-01-01,coal_australian,86.8,usd_per_tonne,"World Bank Commodity Markets (Pink Sheet), Monthly Prices",https://thedocs.worldbank.org/en/doc/74e8be41ceb20fa0da750cda2f6b9e4e-0050012026/related/CMO-Historical-Data-Monthly.xlsx
2021-02-01,coal_australian,86.7,usd_per_tonne,"World Bank Commodity Markets (Pink Sheet), Monthly Prices",https://thedocs.worldbank.org/en/doc/74e8be41ceb20fa0da750cda2f6b9e4e-0050012026/related/CMO-Historical-Data-Monthly.xlsx
2021-03-01,coal_australian,94.9,usd_per_tonne,"World Bank Commodity Markets (Pink Sheet), Monthly Prices",https://thedocs.worldbank.org/en/doc/74e8be41ceb20fa0da750cda2f6b9e4e-0050012026/related/CMO-Historical-Data-Monthly.xlsx
2021-04-01,coal_australian,92.2,usd_per_tonne,"World Bank Commodity Markets (Pink Sheet), Monthly Prices",https://thedocs.worldbank.org/en/doc/74e8be41ceb20fa0da750cda2f6b9e4e-0050012026/related/CMO-Historical-Data-Monthly.xlsx
2021-05-01,coal_australian,107.0,usd_per_tonne,"World Bank Commodity Markets (Pink Sheet), Monthly Prices",https://thedocs.worldbank.org/en/doc/74e8be41ceb20fa0da750cda2f6b9e4e-0050012026/related/CMO-Historical-Data-Monthly.xlsx
2021-06-01,coal_australian,130.0,usd_per_tonne,"World Bank Commodity Markets (Pink Sheet), Monthly Prices",https://thedocs.worldbank.org/en/doc/74e8be41ceb20fa0da750cda2f6b9e4e-0050012026/related/CMO-Historical-Data-Monthly.xlsx
2021-07-01,coal_australian,152.0,usd_per_tonne,"World Bank Commodity Markets (Pink Sheet), Monthly Prices",https://thedocs.worldbank.org/en/doc/74e8be41ceb20fa0da750cda2f6b9e4e-0050012026/related/CMO-Historical-Data-Monthly.xlsx
2021-08-01,coal_australian,169.6,usd_per_tonne,"World Bank Commodity Markets (Pink Sheet), Monthly Prices",https://thedocs.worldbank.org/en/doc/74e8be41ceb20fa0da750cda2f6b9e4e-0050012026/related/CMO-Historical-Data-Monthly.xlsx
2021-09-01,coal_australian,185.7,usd_per_tonne,"World Bank Commodity Markets (Pink Sheet), Monthly Prices",https://thedocs.worldbank.org/en/doc/74e8be41ceb20fa0da750cda2f6b9e4e-0050012026/related/CMO-Historical-Data-Monthly.xlsx
2021-10-01,coal_australian,224.5,usd_per_tonne,"World Bank Commodity Markets (Pink Sheet), Monthly Prices",https://thedocs.worldbank.org/en/doc/74e8be41ceb20fa0da750cda2f6b9e4e-0050012026/related/CMO-Historical-Data-Monthly.xlsx
2021-11-01,coal_australian,157.5,usd_per_tonne,"World Bank Commodity Markets (Pink Sheet), Monthly Prices",https://thedocs.worldbank.org/en/doc/74e8be41ceb20fa0da750cda2f6b9e4e-0050012026/related/CMO-Historical-Data-Monthly.xlsx
2021-12-01,coal_australian,169.7,usd_per_tonne,"World Bank Commodity Markets (Pink Sheet), Monthly Prices",https://thedocs.worldbank.org/en/doc/74e8be41ceb20fa0da750cda2f6b9e4e-0050012026/related/CMO-Historical-Data-Monthly.xlsx
2022-01-01,coal_australian,197.0,usd_per_tonne,"World Bank Commodity Markets (Pink Sheet), Monthly Prices",https://thedocs.worldbank.org/en/doc/74e8be41ceb20fa0da750cda2f6b9e4e-0050012026/related/CMO-Historical-Data-Monthly.xlsx
2022-02-01,coal_australian,219.8,usd_per_tonne,"World Bank Commodity Markets (Pink Sheet), Monthly Prices",https://thedocs.worldbank.org/en/doc/74e8be41ceb20fa0da750cda2f6b9e4e-0050012026/related/CMO-Historical-Data-Monthly.xlsx
2022-03-01,coal_australian,314.0,usd_per_tonne,"World Bank Commodity Markets (Pink Sheet), Monthly Prices",https://thedocs.worldbank.org/en/doc/74e8be41ceb20fa0da750cda2f6b9e4e-0050012026/related/CMO-Historical-Data-Monthly.xlsx
2022-04-01,coal_australian,310.9,usd_per_tonne,"World Bank Commodity Markets (Pink Sheet), Monthly Prices",https://thedocs.worldbank.org/en/doc/74e8be41ceb20fa0da750cda2f6b9e4e-0050012026/related/CMO-Historical-Data-Monthly.xlsx
2022-05-01,coal_australian,371.9,usd_per_tonne,"World Bank Commodity Markets (Pink Sheet), Monthly Prices",https://thedocs.worldbank.org/en/doc/74e8be41ceb20fa0da750cda2f6b9e4e-0050012026/related/CMO-Historical-Data-Monthly.xlsx
2022-06-01,coal_australian,374.1,usd_per_tonne,"World Bank Commodity Markets (Pink Sheet), Monthly Prices",https://thedocs.worldbank.org/en/doc/74e8be41ceb20fa0da750cda2f6b9e4e-0050012026/related/CMO-Historical-Data-Monthly.xlsx
2022-07-01,coal_australian,402.2,usd_per_tonne,"World Bank Commodity Markets (Pink Sheet), Monthly Prices",https://thedocs.worldbank.org/en/doc/74e8be41ceb20fa0da750cda2f6b9e4e-0050012026/related/CMO-Historical-Data-Monthly.xlsx
2022-08-01,coal_australian,407.0,usd_per_tonne,"World Bank Commodity Markets (Pink Sheet), Monthly Prices",https://thedocs.worldbank.org/en/doc/74e8be41ceb20fa0da750cda2f6b9e4e-0050012026/related/CMO-Historical-Data-Monthly.xlsx
2022-09-01,coal_australian,430.8,usd_per_tonne,"World Bank Commodity Markets (Pink Sheet), Monthly Prices",https://thedocs.worldbank.org/en/doc/74e8be41ceb20fa0da750cda2f6b9e4e-0050012026/related/CMO-Historical-Data-Monthly.xlsx
2022-10-01,coal_australian,389.8,usd_per_tonne,"World Bank Commodity Markets (Pink Sheet), Monthly Prices",https://thedocs.worldbank.org/en/doc/74e8be41ceb20fa0da750cda2f6b9e4e-0050012026/related/CMO-Historical-Data-Monthly.xlsx
2022-11-01,coal_australian,342.2,usd_per_tonne,"World Bank Commodity Markets (Pink Sheet), Monthly Prices",https://thedocs.worldbank.org/en/doc/74e8be41ceb20fa0da750cda2f6b9e4e-0050012026/related/CMO-Historical-Data-Monthly.xlsx
2022-12-01,coal_australian,379.2,usd_per_tonne,"World Bank Commodity Markets (Pink Sheet), Monthly Prices",https://thedocs.worldbank.org/en/doc/74e8be41ceb20fa0da750cda2f6b9e4e-0050012026/related/CMO-Historical-Data-Monthly.xlsx
2023-01-01,coal_australian,318.0,usd_per_tonne,"World Bank Commodity Markets (Pink Sheet), Monthly Prices",https://thedocs.worldbank.org/en/doc/74e8be41ceb20fa0da750cda2f6b9e4e-0050012026/related/CMO-Historical-Data-Monthly.xlsx
2023-02-01,coal_australian,207.5,usd_per_tonne,"World Bank Commodity Markets (Pink Sheet), Monthly Prices",https://thedocs.worldbank.org/en/doc/74e8be41ceb20fa0da750cda2f6b9e4e-0050012026/related/CMO-Historical-Data-Monthly.xlsx
2023-03-01,coal_australian,187.2,usd_per_tonne,"World Bank Commodity Markets (Pink Sheet), Monthly Prices",https://thedocs.worldbank.org/en/doc/74e8be41ceb20fa0da750cda2f6b9e4e-0050012026/related/CMO-Historical-Data-Monthly.xlsx
2023-04-01,coal_australian,194.3,usd_per_tonne,"World Bank Commodity Markets (Pink Sheet), Monthly Prices",https://thedocs.worldbank.org/en/doc/74e8be41ceb20fa0da750cda2f6b9e4e-0050012026/related/CMO-Historical-Data-Monthly.xlsx
2023-05-01,coal_australian,160.5,usd_per_tonne,"World Bank Commodity Markets (Pink Sheet), Monthly Prices",https://thedocs.worldbank.org/en/doc/74e8be41ceb20fa0da750cda2f6b9e4e-0050012026/related/CMO-Historical-Data-Monthly.xlsx
2023-06-01,coal_australian,139.4,usd_per_tonne,"World Bank Commodity Markets (Pink Sheet), Monthly Prices",https://thedocs.worldbank.org/en/doc/74e8be41ceb20fa0da750cda2f6b9e4e-0050012026/related/CMO-Historical-Data-Monthly.xlsx
2023-07-01,coal_australian,140.6,usd_per_tonne,"World Bank Commodity Markets (Pink Sheet), Monthly Prices",https://thedocs.worldbank.org/en/doc/74e8be41ceb20fa0da750cda2f6b9e4e-0050012026/related/CMO-Historical-Data-Monthly.xlsx
2023-08-01,coal_australian,152.6,usd_per_tonne,"World Bank Commodity Markets (Pink Sheet), Monthly Prices",https://thedocs.worldbank.org/en/doc/74e8be41ceb20fa0da750cda2f6b9e4e-0050012026/related/CMO-Historical-Data-Monthly.xlsx
2023-09-01,coal_australian,162.5,usd_per_tonne,"World Bank Commodity Markets (Pink Sheet), Monthly Prices",https://thedocs.worldbank.org/en/doc/74e8be41ceb20fa0da750cda2f6b9e4e-0050012026/related/CMO-Historical-Data-Monthly.xlsx
2023-10-01,coal_australian,142.1,usd_per_tonne,"World Bank Commodity Markets (Pink Sheet), Monthly Prices",https://thedocs.worldbank.org/en/doc/74e8be41ceb20fa0da750cda2f6b9e4e-0050012026/related/CMO-Historical-Data-Monthly.xlsx
2023-11-01,coal_australian,126.8,usd_per_tonne,"World Bank Commodity Markets (Pink Sheet), Monthly Prices",https://thedocs.worldbank.org/en/doc/74e8be41ceb20fa0da750cda2f6b9e4e-0050012026/related/CMO-Historical-Data-Monthly.xlsx
2023-12-01,coal_australian,141.8,usd_per_tonne,"World Bank Commodity Markets (Pink Sheet), Monthly Prices",https://thedocs.worldbank.org/en/doc/74e8be41ceb20fa0da750cda2f6b9e4e-0050012026/related/CMO-Historical-Data-Monthly.xlsx
2024-01-01,coal_australian,124.9,usd_per_tonne,"World Bank Commodity Markets (Pink Sheet), Monthly Prices",https://thedocs.worldbank.org/en/doc/74e8be41ceb20fa0da750cda2f6b9e4e-0050012026/related/CMO-Historical-Data-Monthly.xlsx
2024-02-01,coal_australian,124.2,usd_per_tonne,"World Bank Commodity Markets (Pink Sheet), Monthly Prices",https://thedocs.worldbank.org/en/doc/74e8be41ceb20fa0da750cda2f6b9e4e-0050012026/related/CMO-Historical-Data-Monthly.xlsx
2024-03-01,coal_australian,131.5,usd_per_tonne,"World Bank Commodity Markets (Pink Sheet), Monthly Prices",https://thedocs.worldbank.org/en/doc/74e8be41ceb20fa0da750cda2f6b9e4e-0050012026/related/CMO-Historical-Data-Monthly.xlsx
2024-04-01,coal_australian,135.0,usd_per_tonne,"World Bank Commodity Markets (Pink Sheet), Monthly Prices",https://thedocs.worldbank.org/en/doc/74e8be41ceb20fa0da750cda2f6b9e4e-0050012026/related/CMO-Historical-Data-Monthly.xlsx
2024-05-01,coal_australian,142.0,usd_per_tonne,"World Bank Commodity Markets (Pink Sheet), Monthly Prices",https://thedocs.worldbank.org/en/doc/74e8be41ceb20fa0da750cda2f6b9e4e-0050012026/related/CMO-Historical-Data-Monthly.xlsx
2024-06-01,coal_australian,135.1,usd_per_tonne,"World Bank Commodity Markets (Pink Sheet), Monthly Prices",https://thedocs.worldbank.org/en/doc/74e8be41ceb20fa0da750cda2f6b9e4e-0050012026/related/CMO-Historical-Data-Monthly.xlsx
2024-07-01,coal_australian,137.6,usd_per_tonne,"World Bank Commodity Markets (Pink Sheet), Monthly Prices",https://thedocs.worldbank.org/en/doc/74e8be41ceb20fa0da750cda2f6b9e4e-0050012026/related/CMO-Historical-Data-Monthly.xlsx
2024-08-01,coal_australian,145.8,usd_per_tonne,"World Bank Commodity Markets (Pink Sheet), Monthly Prices",https://thedocs.worldbank.org/en/doc/74e8be41ceb20fa0da750cda2f6b9e4e-0050012026/related/CMO-Historical-Data-Monthly.xlsx
2024-09-01,coal_australian,139.2,usd_per_tonne,"World Bank Commodity Markets (Pink Sheet), Monthly Prices",https://thedocs.worldbank.org/en/doc/74e8be41ceb20fa0da750cda2f6b9e4e-0050012026/related/CMO-Historical-Data-Monthly.xlsx
2024-10-01,coal_australian,146.6,usd_per_tonne,"World Bank Commodity Markets (Pink Sheet), Monthly Prices",https://thedocs.worldbank.org/en/doc/74e8be41ceb20fa0da750cda2f6b9e4e-0050012026/related/CMO-Historical-Data-Monthly.xlsx
2024-11-01,coal_australian,142.1,usd_per_tonne,"World Bank Commodity Markets (Pink Sheet), Monthly Prices",https://thedocs.worldbank.org/en/doc/74e8be41ceb20fa0da750cda2f6b9e4e-0050012026/related/CMO-Historical-Data-Monthly.xlsx
2024-12-01,coal_australian,129.8,usd_per_tonne,"World Bank Commodity Markets (Pink Sheet), Monthly Prices",https://thedocs.worldbank.org/en/doc/74e8be41ceb20fa0da750cda2f6b9e4e-0050012026/related/CMO-Historical-Data-Monthly.xlsx
2025-01-01,coal_australian,118.6,usd_per_tonne,"World Bank Commodity Markets (Pink Sheet), Monthly Prices",https://thedocs.worldbank.org/en/doc/74e8be41ceb20fa0da750cda2f6b9e4e-0050012026/related/CMO-Historical-Data-Monthly.xlsx
2025-02-01,coal_australian,106.9,usd_per_tonne,"World Bank Commodity Markets (Pink Sheet), Monthly Prices",https://thedocs.worldbank.org/en/doc/74e8be41ceb20fa0da750cda2f6b9e4e-0050012026/related/CMO-Historical-Data-Monthly.xlsx
2025-03-01,coal_australian,104.0,usd_per_tonne,"World Bank Commodity Markets (Pink Sheet), Monthly Prices",https://thedocs.worldbank.org/en/doc/74e8be41ceb20fa0da750cda2f6b9e4e-0050012026/related/CMO-Historical-Data-Monthly.xlsx
2025-04-01,coal_australian,98.6,usd_per_tonne,"World Bank Commodity Markets (Pink Sheet), Monthly Prices",https://thedocs.worldbank.org/en/doc/74e8be41ceb20fa0da750cda2f6b9e4e-0050012026/related/CMO-Historical-Data-Monthly.xlsx
2025-05-01,coal_australian,104.4,usd_per_tonne,"World Bank Commodity Markets (Pink Sheet), Monthly Prices",https://thedocs.worldbank.org/en/doc/74e8be41ceb20fa0da750cda2f6b9e4e-0050012026/related/CMO-Historical-Data-Monthly.xlsx
2025-06-01,coal_australian,109.0,usd_per_tonne,"World Bank Commodity Markets (Pink Sheet), Monthly Prices",https://thedocs.worldbank.org/en/doc/74e8be41ceb20fa0da750cda2f6b9e4e-0050012026/related/CMO-Historical-Data-Monthly.xlsx
2025-07-01,coal_australian,112.9,usd_per_tonne,"World Bank Commodity Markets (Pink Sheet), Monthly Prices",https://thedocs.worldbank.org/en/doc/74e8be41ceb20fa0da750cda2f6b9e4e-0050012026/related/CMO-Historical-Data-Monthly.xlsx
2025-08-01,coal_australian,112.2,usd_per_tonne,"World Bank Commodity Markets (Pink Sheet), Monthly Prices",https://thedocs.worldbank.org/en/doc/74e8be41ceb20fa0da750cda2f6b9e4e-0050012026/related/CMO-Historical-Data-Monthly.xlsx
2025-09-01,coal_australian,106.3,usd_per_tonne,"World Bank Commodity Markets (Pink Sheet), Monthly Prices",https://thedocs.worldbank.org/en/doc/74e8be41ceb20fa0da750cda2f6b9e4e-0050012026/related/CMO-Historical-Data-Monthly.xlsx
2025-10-01,coal_australian,107.5,usd_per_tonne,"World Bank Commodity Markets (Pink Sheet), Monthly Prices",https://thedocs.worldbank.org/en/doc/74e8be41ceb20fa0da750cda2f6b9e4e-0050012026/related/CMO-Historical-Data-Monthly.xlsx
2025-11-01,coal_australian,112.6,usd_per_tonne,"World Bank Commodity Markets (Pink Sheet), Monthly Prices",https://thedocs.worldbank.org/en/doc/74e8be41ceb20fa0da750cda2f6b9e4e-0050012026/related/CMO-Historical-Data-Monthly.xlsx
2025-12-01,coal_australian,107.7,usd_per_tonne,"World Bank Commodity Markets (Pink Sheet), Monthly Prices",https://thedocs.worldbank.org/en/doc/74e8be41ceb20fa0da750cda2f6b9e4e-0050012026/related/CMO-Historical-Data-Monthly.xlsx
2026-01-01,coal_australian,109.8,usd_per_tonne,"World Bank Commodity Markets (Pink Sheet), Monthly Prices",https://thedocs.worldbank.org/en/doc/74e8be41ceb20fa0da750cda2f6b9e4e-0050012026/related/CMO-Historical-Data-Monthly.xlsx
2026-02-01,coal_australian,118.4,usd_per_tonne,"World Bank Commodity Markets (Pink Sheet), Monthly Prices",https://thedocs.worldbank.org/en/doc/74e8be41ceb20fa0da750cda2f6b9e4e-0050012026/related/CMO-Historical-Data-Monthly.xlsx
2026-03-01,coal_australian,138.6,usd_per_tonne,"World Bank Commodity Markets (Pink Sheet), Monthly Prices",https://thedocs.worldbank.org/en/doc/74e8be41ceb20fa0da750cda2f6b9e4e-0050012026/related/CMO-Historical-Data-Monthly.xlsx
2026-04-01,coal_australian,130.9,usd_per_tonne,"World Bank Commodity Markets (Pink Sheet), Monthly Prices",https://thedocs.worldbank.org/en/doc/74e8be41ceb20fa0da750cda2f6b9e4e-0050012026/related/CMO-Historical-Data-Monthly.xlsx
2026-05-01,coal_australian,136.9,usd_per_tonne,"World Bank Commodity Markets (Pink Sheet), Monthly Prices",https://thedocs.worldbank.org/en/doc/74e8be41ceb20fa0da750cda2f6b9e4e-0050012026/related/CMO-Historical-Data-Monthly.xlsx
2026-06-01,coal_australian,138.5,usd_per_tonne,"World Bank Commodity Markets (Pink Sheet), Monthly Prices",https://thedocs.worldbank.org/en/doc/74e8be41ceb20fa0da750cda2f6b9e4e-0050012026/related/CMO-Historical-Data-Monthly.xlsx
2026-07-01,coal_australian,131.9,usd_per_tonne,"World Bank Commodity Markets (Pink Sheet), Monthly Prices",https://thedocs.worldbank.org/en/doc/74e8be41ceb20fa0da750cda2f6b9e4e-0050012026/related/CMO-Historical-Data-Monthly.xlsx
2026-08-01,coal_australian,135.2,usd_per_tonne,"World Bank Commodity Markets (Pink Sheet), Monthly Prices",https://thedocs.worldbank.org/en/doc/74e8be41ceb20fa0da750cda2f6b9e4e-0050012026/related/CMO-Historical-Data-Monthly.xlsx
1960-01-01,crude_oil_brent,1.6,usd_per_bbl,"World Bank Commodity Markets (Pink Sheet), Monthly Prices",https://thedocs.worldbank.org/en/doc/74e8be41ceb20fa0da750cda2f6b9e4e-0050012026/related/CMO-Historical-Data-Monthly.xlsx
1960-02-01,crude_oil_brent,1.6,usd_per_bbl,"World Bank Commodity Markets (Pink Sheet), Monthly Prices",https://thedocs.worldbank.org/en/doc/74e8be41ceb20fa0da750cda2f6b9e4e-0050012026/related/CMO-Historical-Data-Monthly.xlsx
1960-03-01,crude_oil_brent,1.6,usd_per_bbl,"World Bank Commodity Markets (Pink Sheet), Monthly Prices",https://thedocs.worldbank.org/en/doc/74e8be41ceb20fa0da750cda2f6b9e4e-0050012026/related/CMO-Historical-Data-Monthly.xlsx
1960-04-01,crude_oil_brent,1.6,usd_per_bbl,"World Bank Commodity Markets (Pink Sheet), Monthly Prices",https://thedocs.worldbank.org/en/doc/74e8be41ceb20fa0da750cda2f6b9e4e-0050012026/related/CMO-Historical-Data-Monthly.xlsx
1960-05-01,crude_oil_brent,1.6,usd_per_bbl,"World Bank Commodity Markets (Pink Sheet), Monthly Prices",https://thedocs.worldbank.org/en/doc/74e8be41ceb20fa0da750cda2f6b9e4e-0050012026/related/CMO-Historical-Data-Monthly.xlsx
1960-06-01,crude_oil_brent,1.6,usd_per_bbl,"World Bank Commodity Markets (Pink Sheet), Monthly Prices",https://thedocs.worldbank.org/en/doc/74e8be41ceb20fa0da750cda2f6b9e4e-0050012026/related/CMO-Historical-Data-Monthly.xlsx
1960-07-01,crude_oil_brent,1.6,usd_per_bbl,"World Bank Commodity Markets (Pink Sheet), Monthly Prices",https://thedocs.worldbank.org/en/doc/74e8be41ceb20fa0da750cda2f6b9e4e-0050012026/related/CMO-Historical-Data-Monthly.xlsx
1960-08-01,crude_oil_brent,1.6,usd_per_bbl,"World Bank Commodity Markets (Pink Sheet), Monthly Prices",https://thedocs.worldbank.org/en/doc/74e8be41ceb20fa0da750cda2f6b9e4e-0050012026/related/CMO-Historical-Data-Monthly.xlsx
1960-09-01,crude_oil_brent,1.6,usd_per_bbl,"World Bank Commodity Markets (Pink Sheet), Monthly Prices",https://thedocs.worldbank.org/en/doc/74e8be41ceb20fa0da750cda2f6b9e4e-0050012026/related/CMO-Historical-Data-Monthly.xlsx
1960-10-01,crude_oil_brent,1.6,usd_per_bbl,"World Bank Commodity Markets (Pink Sheet), Monthly Prices",https://thedocs.worldbank.org/en/doc/74e8be41ceb20fa0da750cda2f6b9e4e-0050012026/related/CMO-Historical-Data-Monthly.xlsx
1960-11-01,crude_oil_brent,1.6,usd_per_bbl,"World Bank Commodity Markets (Pink Sheet), Monthly Prices",https://thedocs.worldbank.org/en/doc/74e8be41ceb20fa0da750cda2f6b9e4e-0050012026/related/CMO-Historical-Data-Monthly.xlsx
1960-12-01,crude_oil_brent,1.6,usd_per_bbl,"World Bank Commodity Markets (Pink Sheet), Monthly Prices",https://thedocs.worldbank.org/en/doc/74e8be41ceb20fa0da750cda2f6b9e4e-0050012026/related/CMO-Historical-Data-Monthly.xlsx
1961-01-01,crude_oil_brent,1.6,usd_per_bbl,"World Bank Commodity Markets (Pink Sheet), Monthly Prices",https://thedocs.worldbank.org/en/doc/74e8be41ceb20fa0da750cda2f6b9e4e-0050012026/related/CMO-Historical-Data-Monthly.xlsx
1961-02-01,crude_oil_brent,1.6,usd_per_bbl,"World Bank Commodity Markets (Pink Sheet), Monthly Prices",https://thedocs.worldbank.org/en/doc/74e8be41ceb20fa0da750cda2f6b9e4e-0050012026/related/CMO-Historical-Data-Monthly.xlsx
1961-03-01,crude_oil_brent,1.6,usd_per_bbl,"World Bank Commodity Markets (Pink Sheet), Monthly Prices",https://thedocs.worldbank.org/en/doc/74e8be41ceb20fa0da750cda2f6b9e4e-0050012026/related/CMO-Historical-Data-Monthly.xlsx
1961-04-01,crude_oil_brent,1.6,usd_per_bbl,"World Bank Commodity Markets (Pink Sheet), Monthly Prices",https://thedocs.worldbank.org/en/doc/74e8be41ceb20fa0da750cda2f6b9e4e-0050012026/related/CMO-Historical-Data-Monthly.xlsx
1961-05-01,crude_oil_brent,1.6,usd_per_bbl,"World Bank Commodity Markets (Pink Sheet), Monthly Prices",https://thedocs.worldbank.org/en/doc/74e8be41ceb20fa0da750cda2f6b9e4e-0050012026/related/CMO-Historical-Data-Monthly.xlsx
1961-06-01,crude_oil_brent,1.6,usd_per_bbl,"World Bank Commodity Markets (Pink Sheet), Monthly Prices",https://thedocs.worldbank.org/en/doc/74e8be41ceb20fa0da750cda2f6b9e4e-0050012026/related/CMO-Historical-Data-Monthly.xlsx
1961-07-01,crude_oil_brent,1.6,usd_per_bbl,"World Bank Commodity Markets (Pink Sheet), Monthly Prices",https://thedocs.worldbank.org/en/doc/74e8be41ceb20fa0da750cda2f6b9e4e-0050012026/related/CMO-Historical-Data-Monthly.xlsx
1961-08-01,crude_oil_brent,1.6,usd_per_bbl,"World Bank Commodity Markets (Pink Sheet), Monthly Prices",https://thedocs.worldbank.org/en/doc/74e8be41ceb20fa0da750cda2f6b9e4e-0050012026/related/CMO-Historical-Data-Monthly.xlsx
1961-09-01,crude_oil_brent,1.6,usd_per_bbl,"World Bank Commodity Markets (Pink Sheet), Monthly Prices",https://thedocs.worldbank.org/en/doc/74e8be41ceb20fa0da750cda2f6b9e4e-0050012026/related/CMO-Historical-Data-Monthly.xlsx
1961-10-01,crude_oil_brent,1.6,usd_per_bbl,"World Bank Commodity Markets (Pink Sheet), Monthly Prices",https://thedocs.worldbank.org/en/doc/74e8be41ceb20fa0da750cda2f6b9e4e-0050012026/related/CMO-Historical-Data-Monthly.xlsx
1961-11-01,crude_oil_brent,1.6,usd_per_bbl,"World Bank Commodity Markets (Pink Sheet), Monthly Prices",https://thedocs.worldbank.org/en/doc/74e8be41ceb20fa0da750cda2f6b9e4e-0050012026/related/CMO-Historical-Data-Monthly.xlsx
1961-12-01,crude_oil_brent,1.6,usd_per_bbl,"World Bank Commodity Markets (Pink Sheet), Monthly Prices",https://thedocs.worldbank.org/en/doc/74e8be41ceb20fa0da750cda2f6b9e4e-0050012026/related/CMO-Historical-Data-Monthly.xlsx
1962-01-01,crude_oil_brent,1.5,usd_per_bbl,"World Bank Commodity Markets (Pink Sheet), Monthly Prices",https://thedocs.worldbank.org/en/doc/74e8be41ceb20fa0da750cda2f6b9e4e-0050012026/related/CMO-Historical-Data-Monthly.xlsx
1962-02-01,crude_oil_brent,1.5,usd_per_bbl,"World Bank Commodity Markets (Pink Sheet), Monthly Prices",https://thedocs.worldbank.org/en/doc/74e8be41ceb20fa0da750cda2f6b9e4e-0050012026/related/CMO-Historical-Data-Monthly.xlsx
1962-03-01,crude_oil_brent,1.5,usd_per_bbl,"World Bank Commodity Markets (Pink Sheet), Monthly Prices",https://thedocs.worldbank.org/en/doc/74e8be41ceb20fa0da750cda2f6b9e4e-0050012026/related/CMO-Historical-Data-Monthly.xlsx
1962-04-01,crude_oil_brent,1.5,usd_per_bbl,"World Bank Commodity Markets (Pink Sheet), Monthly Prices",https://thedocs.worldbank.org/en/doc/74e8be41ceb20fa0da750cda2f6b9e4e-0050012026/related/CMO-Historical-Data-Monthly.xlsx
1962-05-01,crude_oil_brent,1.5,usd_per_bbl,"World Bank Commodity Markets (Pink Sheet), Monthly Prices",https://thedocs.worldbank.org/en/doc/74e8be41ceb20fa0da750cda2f6b9e4e-0050012026/related/CMO-Historical-Data-Monthly.xlsx
1962-06-01,crude_oil_brent,1.5,usd_per_bbl,"World Bank Commodity Markets (Pink Sheet), Monthly Prices",https://thedocs.worldbank.org/en/doc/74e8be41ceb20fa0da750cda2f6b9e4e-0050012026/related/CMO-Historical-Data-Monthly.xlsx
1962-07-01,crude_oil_brent,1.5,usd_per_bbl,"World Bank Commodity Markets (Pink Sheet), Monthly Prices",https://thedocs.worldbank.org/en/doc/74e8be41ceb20fa0da750cda2f6b9e4e-0050012026/related/CMO-Historical-Data-Monthly.xlsx
1962-08-01,crude_oil_brent,1.5,usd_per_bbl,"World Bank Commodity Markets (Pink Sheet), Monthly Prices",https://thedocs.worldbank.org/en/doc/74e8be41ceb20fa0da750cda2f6b9e4e-0050012026/related/CMO-Historical-Data-Monthly.xlsx
1962-09-01,crude_oil_brent,1.5,usd_per_bbl,"World Bank Commodity Markets (Pink Sheet), Monthly Prices",https://thedocs.worldbank.org/en/doc/74e8be41ceb20fa0da750cda2f6b9e4e-0050012026/related/CMO-Historical-Data-Monthly.xlsx
1962-10-01,crude_oil_brent,1.5,usd_per_bbl,"World Bank Commodity Markets (Pink Sheet), Monthly Prices",https://thedocs.worldbank.org/en/doc/74e8be41ceb20fa0da750cda2f6b9e4e-0050012026/related/CMO-Historical-Data-Monthly.xlsx
1962-11-01,crude_oil_brent,1.5,usd_per_bbl,"World Bank Commodity Markets (Pink Sheet), Monthly Prices",https://thedocs.worldbank.org/en/doc/74e8be41ceb20fa0da750cda2f6b9e4e-0050012026/related/CMO-Historical-Data-Monthly.xlsx
1962-12-01,crude_oil_brent,1.5,usd_per_bbl,"World Bank Commodity Markets (Pink Sheet), Monthly Prices",https://thedocs.worldbank.org/en/doc/74e8be41ceb20fa0da750cda2f6b9e4e-0050012026/related/CMO-Historical-Data-Monthly.xlsx
1963-01-01,crude_oil_brent,1.5,usd_per_bbl,"World Bank Commodity Markets (Pink Sheet), Monthly Prices",https://thedocs.worldbank.org/en/doc/74e8be41ceb20fa0da750cda2f6b9e4e-0050012026/related/CMO-Historical-Data-Monthly.xlsx
1963-02-01,crude_oil_brent,1.5,usd_per_bbl,"World Bank Commodity Markets (Pink Sheet), Monthly Prices",https://thedocs.worldbank.org/en/doc/74e8be41ceb20fa0da750cda2f6b9e4e-0050012026/related/CMO-Historical-Data-Monthly.xlsx
1963-03-01,crude_oil_brent,1.5,usd_per_bbl,"World Bank Commodity Markets (Pink Sheet), Monthly Prices",https://thedocs.worldbank.org/en/doc/74e8be41ceb20fa0da750cda2f6b9e4e-0050012026/related/CMO-Historical-Data-Monthly.xlsx
1963-04-01,crude_oil_brent,1.5,usd_per_bbl,"World Bank Commodity Markets (Pink Sheet), Monthly Prices",https://thedocs.worldbank.org/en/doc/74e8be41ceb20fa0da750cda2f6b9e4e-0050012026/related/CMO-Historical-Data-Monthly.xlsx
1963-05-01,crude_oil_brent,1.5,usd_per_bbl,"World Bank Commodity Markets (Pink Sheet), Monthly Prices",https://thedocs.worldbank.org/en/doc/74e8be41ceb20fa0da750cda2f6b9e4e-0050012026/related/CMO-Historical-Data-Monthly.xlsx
1963-06-01,crude_oil_brent,1.5,usd_per_bbl,"World Bank Commodity Markets (Pink Sheet), Monthly Prices",https://thedocs.worldbank.org/en/doc/74e8be41ceb20fa0da750cda2f6b9e4e-0050012026/related/CMO-Historical-Data-Monthly.xlsx
1963-07-01,crude_oil_brent,1.5,usd_per_bbl,"World Bank Commodity Markets (Pink Sheet), Monthly Prices",https://thedocs.worldbank.org/en/doc/74e8be41ceb20fa0da750cda2f6b9e4e-0050012026/related/CMO-Historical-Data-Monthly.xlsx
1963-08-01,crude_oil_brent,1.5,usd_per_bbl,"World Bank Commodity Markets (Pink Sheet), Monthly Prices",https://thedocs.worldbank.org/en/doc/74e8be41ceb20fa0da750cda2f6b9e4e-0050012026/related/CMO-Historical-Data-Monthly.xlsx
1963-09-01,crude_oil_brent,1.5,usd_per_bbl,"World Bank Commodity Markets (Pink Sheet), Monthly Prices",https://thedocs.worldbank.org/en/doc/74e8be41ceb20fa0da750cda2f6b9e4e-0050012026/related/CMO-Historical-Data-Monthly.xlsx
1963-10-01,crude_oil_brent,1.5,usd_per_bbl,"World Bank Commodity Markets (Pink Sheet), Monthly Prices",https://thedocs.worldbank.org/en/doc/74e8be41ceb20fa0da750cda2f6b9e4e-0050012026/related/CMO-Historical-Data-Monthly.xlsx
1963-11-01,crude_oil_brent,1.5,usd_per_bbl,"World Bank Commodity Markets (Pink Sheet), Monthly Prices",https://thedocs.worldbank.org/en/doc/74e8be41ceb20fa0da750cda2f6b9e4e-0050012026/related/CMO-Historical-Data-Monthly.xlsx
1963-12-01,crude_oil_brent,1.5,usd_per_bbl,"World Bank Commodity Markets (Pink Sheet), Monthly Prices",https://thedocs.worldbank.org/en/doc/74e8be41ceb20fa0da750cda2f6b9e4e-0050012026/related/CMO-Historical-Data-Monthly.xlsx
1964-01-01,crude_oil_brent,1.5,usd_per_bbl,"World Bank Commodity Markets (Pink Sheet), Monthly Prices",https://thedocs.worldbank.org/en/doc/74e8be41ceb20fa0da750cda2f6b9e4e-0050012026/related/CMO-Historical-Data-Monthly.xlsx
1964-02-01,crude_oil_brent,1.5,usd_per_bbl,"World Bank Commodity Markets (Pink Sheet), Monthly Prices",https://thedocs.worldbank.org/en/doc/74e8be41ceb20fa0da750cda2f6b9e4e-0050012026/related/CMO-Historical-Data-Monthly.xlsx
1964-03-01,crude_oil_brent,1.5,usd_per_bbl,"World Bank Commodity Markets (Pink Sheet), Monthly Prices",https://thedocs.worldbank.org/en/doc/74e8be41ceb20fa0da750cda2f6b9e4e-0050012026/related/CMO-Historical-Data-Monthly.xlsx
1964-04-01,crude_oil_brent,1.5,usd_per_bbl,"World Bank Commodity Markets (Pink Sheet), Monthly Prices",https://thedocs.worldbank.org/en/doc/74e8be41ceb20fa0da750cda2f6b9e4e-0050012026/related/CMO-Historical-Data-Monthly.xlsx
1964-05-01,crude_oil_brent,1.5,usd_per_bbl,"World Bank Commodity Markets (Pink Sheet), Monthly Prices",https://thedocs.worldbank.org/en/doc/74e8be41ceb20fa0da750cda2f6b9e4e-0050012026/related/CMO-Historical-Data-Monthly.xlsx
1964-06-01,crude_oil_brent,1.5,usd_per_bbl,"World Bank Commodity Markets (Pink Sheet), Monthly Prices",https://thedocs.worldbank.org/en/doc/74e8be41ceb20fa0da750cda2f6b9e4e-0050012026/related/CMO-Historical-Data-Monthly.xlsx
1964-07-01,crude_oil_brent,1.5,usd_per_bbl,"World Bank Commodity Markets (Pink Sheet), Monthly Prices",https://thedocs.worldbank.org/en/doc/74e8be41ceb20fa0da750cda2f6b9e4e-0050012026/related/CMO-Historical-Data-Monthly.xlsx
1964-08-01,crude_oil_brent,1.5,usd_per_bbl,"World Bank Commodity Markets (Pink Sheet), Monthly Prices",https://thedocs.worldbank.org/en/doc/74e8be41ceb20fa0da750cda2f6b9e4e-0050012026/related/CMO-Historical-Data-Monthly.xlsx
1964-09-01,crude_oil_brent,1.5,usd_per_bbl,"World Bank Commodity Markets (Pink Sheet), Monthly Prices",https://thedocs.worldbank.org/en/doc/74e8be41ceb20fa0da750cda2f6b9e4e-0050012026/related/CMO-Historical-Data-Monthly.xlsx
1964-10-01,crude_oil_brent,1.5,usd_per_bbl,"World Bank Commodity Markets (Pink Sheet), Monthly Prices",https://thedocs.worldbank.org/en/doc/74e8be41ceb20fa0da750cda2f6b9e4e-0050012026/related/CMO-Historical-Data-Monthly.xlsx
1964-11-01,crude_oil_brent,1.5,usd_per_bbl,"World Bank Commodity Markets (Pink Sheet), Monthly Prices",https://thedocs.worldbank.org/en/doc/74e8be41ceb20fa0da750cda2f6b9e4e-0050012026/related/CMO-Historical-Data-Monthly.xlsx
1964-12-01,crude_oil_brent,1.5,usd_per_bbl,"World Bank Commodity Markets (Pink Sheet), Monthly Prices",https://thedocs.worldbank.org/en/doc/74e8be41ceb20fa0da750cda2f6b9e4e-0050012026/related/CMO-Historical-Data-Monthly.xlsx
1965-01-01,crude_oil_brent,1.4,usd_per_bbl,"World Bank Commodity Markets (Pink Sheet), Monthly Prices",https://thedocs.worldbank.org/en/doc/74e8be41ceb20fa0da750cda2f6b9e4e-0050012026/related/CMO-Historical-Data-Monthly.xlsx
1965-02-01,crude_oil_brent,1.4,usd_per_bbl,"World Bank Commodity Markets (Pink Sheet), Monthly Prices",https://thedocs.worldbank.org/en/doc/74e8be41ceb20fa0da750cda2f6b9e4e-0050012026/related/CMO-Historical-Data-Monthly.xlsx
1965-03-01,crude_oil_brent,1.4,usd_per_bbl,"World Bank Commodity Markets (Pink Sheet), Monthly Prices",https://thedocs.worldbank.org/en/doc/74e8be41ceb20fa0da750cda2f6b9e4e-0050012026/related/CMO-Historical-Data-Monthly.xlsx
1965-04-01,crude_oil_brent,1.4,usd_per_bbl,"World Bank Commodity Markets (Pink Sheet), Monthly Prices",https://thedocs.worldbank.org/en/doc/74e8be41ceb20fa0da750cda2f6b9e4e-0050012026/related/CMO-Historical-Data-Monthly.xlsx
1965-05-01,crude_oil_brent,1.4,usd_per_bbl,"World Bank Commodity Markets (Pink Sheet), Monthly Prices",https://thedocs.worldbank.org/en/doc/74e8be41ceb20fa0da750cda2f6b9e4e-0050012026/related/CMO-Historical-Data-Monthly.xlsx
1965-06-01,crude_oil_brent,1.4,usd_per_bbl,"World Bank Commodity Markets (Pink Sheet), Monthly Prices",https://thedocs.worldbank.org/en/doc/74e8be41ceb20fa0da750cda2f6b9e4e-0050012026/related/CMO-Historical-Data-Monthly.xlsx
1965-07-01,crude_oil_brent,1.4,usd_per_bbl,"World Bank Commodity Markets (Pink Sheet), Monthly Prices",https://thedocs.worldbank.org/en/doc/74e8be41ceb20fa0da750cda2f6b9e4e-0050012026/related/CMO-Historical-Data-Monthly.xlsx
1965-08-01,crude_oil_brent,1.4,usd_per_bbl,"World Bank Commodity Markets (Pink Sheet), Monthly Prices",https://thedocs.worldbank.org/en/doc/74e8be41ceb20fa0da750cda2f6b9e4e-0050012026/related/CMO-Historical-Data-Monthly.xlsx
1965-09-01,crude_oil_brent,1.4,usd_per_bbl,"World Bank Commodity Markets (Pink Sheet), Monthly Prices",https://thedocs.worldbank.org/en/doc/74e8be41ceb20fa0da750cda2f6b9e4e-0050012026/related/CMO-Historical-Data-Monthly.xlsx
1965-10-01,crude_oil_brent,1.4,usd_per_bbl,"World Bank Commodity Markets (Pink Sheet), Monthly Prices",https://thedocs.worldbank.org/en/doc/74e8be41ceb20fa0da750cda2f6b9e4e-0050012026/related/CMO-Historical-Data-Monthly.xlsx
1965-11-01,crude_oil_brent,1.4,usd_per_bbl,"World Bank Commodity Markets (Pink Sheet), Monthly Prices",https://thedocs.worldbank.org/en/doc/74e8be41ceb20fa0da750cda2f6b9e4e-0050012026/related/CMO-Historical-Data-Monthly.xlsx
1965-12-01,crude_oil_brent,1.4,usd_per_bbl,"World Bank Commodity Markets (Pink Sheet), Monthly Prices",https://thedocs.worldbank.org/en/doc/74e8be41ceb20fa0da750cda2f6b9e4e-0050012026/related/CMO-Historical-Data-Monthly.xlsx
1966-01-01,crude_oil_brent,1.4,usd_per_bbl,"World Bank Commodity Markets (Pink Sheet), Monthly Prices",https://thedocs.worldbank.org/en/doc/74e8be41ceb20fa0da750cda2f6b9e4e-0050012026/related/CMO-Historical-Data-Monthly.xlsx
1966-02-01,crude_oil_brent,1.4,usd_per_bbl,"World Bank Commodity Markets (Pink Sheet), Monthly Prices",https://thedocs.worldbank.org/en/doc/74e8be41ceb20fa0da750cda2f6b9e4e-0050012026/related/CMO-Historical-Data-Monthly.xlsx
1966-03-01,crude_oil_brent,1.4,usd_per_bbl,"World Bank Commodity Markets (Pink Sheet), Monthly Prices",https://thedocs.worldbank.org/en/doc/74e8be41ceb20fa0da750cda2f6b9e4e-0050012026/related/CMO-Historical-Data-Monthly.xlsx
1966-04-01,crude_oil_brent,1.4,usd_per_bbl,"World Bank Commodity Markets (Pink Sheet), Monthly Prices",https://thedocs.worldbank.org/en/doc/74e8be41ceb20fa0da750cda2f6b9e4e-0050012026/related/CMO-Historical-Data-Monthly.xlsx
1966-05-01,crude_oil_brent,1.4,usd_per_bbl,"World Bank Commodity Markets (Pink Sheet), Monthly Prices",https://thedocs.worldbank.org/en/doc/74e8be41ceb20fa0da750cda2f6b9e4e-0050012026/related/CMO-Historical-Data-Monthly.xlsx
1966-06-01,crude_oil_brent,1.4,usd_per_bbl,"World Bank Commodity Markets (Pink Sheet), Monthly Prices",https://thedocs.worldbank.org/en/doc/74e8be41ceb20fa0da750cda2f6b9e4e-0050012026/related/CMO-Historical-Data-Monthly.xlsx
1966-07-01,crude_oil_brent,1.4,usd_per_bbl,"World Bank Commodity Markets (Pink Sheet), Monthly Prices",https://thedocs.worldbank.org/en/doc/74e8be41ceb20fa0da750cda2f6b9e4e-0050012026/related/CMO-Historical-Data-Monthly.xlsx
1966-08-01,crude_oil_brent,1.4,usd_per_bbl,"World Bank Commodity Markets (Pink Sheet), Monthly Prices",https://thedocs.worldbank.org/en/doc/74e8be41ceb20fa0da750cda2f6b9e4e-0050012026/related/CMO-Historical-Data-Monthly.xlsx
1966-09-01,crude_oil_brent,1.4,usd_per_bbl,"World Bank Commodity Markets (Pink Sheet), Monthly Prices",https://thedocs.worldbank.org/en/doc/74e8be41ceb20fa0da750cda2f6b9e4e-0050012026/related/CMO-Historical-Data-Monthly.xlsx
1966-10-01,crude_oil_brent,1.4,usd_per_bbl,"World Bank Commodity Markets (Pink Sheet), Monthly Prices",https://thedocs.worldbank.org/en/doc/74e8be41ceb20fa0da750cda2f6b9e4e-0050012026/related/CMO-Historical-Data-Monthly.xlsx
1966-11-01,crude_oil_brent,1.4,usd_per_bbl,"World Bank Commodity Markets (Pink Sheet), Monthly Prices",https://thedocs.worldbank.org/en/doc/74e8be41ceb20fa0da750cda2f6b9e4e-0050012026/related/CMO-Historical-Data-Monthly.xlsx
1966-12-01,crude_oil_brent,1.4,usd_per_bbl,"World Bank Commodity Markets (Pink Sheet), Monthly Prices",https://thedocs.worldbank.org/en/doc/74e8be41ceb20fa0da750cda2f6b9e4e-0050012026/related/CMO-Historical-Data-Monthly.xlsx
1967-01-01,crude_oil_brent,1.3,usd_per_bbl,"World Bank Commodity Markets (Pink Sheet), Monthly Prices",https://thedocs.worldbank.org/en/doc/74e8be41ceb20fa0da750cda2f6b9e4e-0050012026/related/CMO-Historical-Data-Monthly.xlsx
1967-02-01,crude_oil_brent,1.3,usd_per_bbl,"World Bank Commodity Markets (Pink Sheet), Monthly Prices",https://thedocs.worldbank.org/en/doc/74e8be41ceb20fa0da750cda2f6b9e4e-0050012026/related/CMO-Historical-Data-Monthly.xlsx
1967-03-01,crude_oil_brent,1.3,usd_per_bbl,"World Bank Commodity Markets (Pink Sheet), Monthly Prices",https://thedocs.worldbank.org/en/doc/74e8be41ceb20fa0da750cda2f6b9e4e-0050012026/related/CMO-Historical-Data-Monthly.xlsx
1967-04-01,crude_oil_brent,1.3,usd_per_bbl,"World Bank Commodity Markets (Pink Sheet), Monthly Prices",https://thedocs.worldbank.org/en/doc/74e8be41ceb20fa0da750cda2f6b9e4e-0050012026/related/CMO-Historical-Data-Monthly.xlsx
1967-05-01,crude_oil_brent,1.3,usd_per_bbl,"World Bank Commodity Markets (Pink Sheet), Monthly Prices",https://thedocs.worldbank.org/en/doc/74e8be41ceb20fa0da750cda2f6b9e4e-0050012026/related/CMO-Historical-Data-Monthly.xlsx
1967-06-01,crude_oil_brent,1.3,usd_per_bbl,"World Bank Commodity Markets (Pink Sheet), Monthly Prices",https://thedocs.worldbank.org/en/doc/74e8be41ceb20fa0da750cda2f6b9e4e-0050012026/related/CMO-Historical-Data-Monthly.xlsx
1967-07-01,crude_oil_brent,1.3,usd_per_bbl,"World Bank Commodity Markets (Pink Sheet), Monthly Prices",https://thedocs.worldbank.org/en/doc/74e8be41ceb20fa0da750cda2f6b9e4e-0050012026/related/CMO-Historical-Data-Monthly.xlsx
1967-08-01,crude_oil_brent,1.3,usd_per_bbl,"World Bank Commodity Markets (Pink Sheet), Monthly Prices",https://thedocs.worldbank.org/en/doc/74e8be41ceb20fa0da750cda2f6b9e4e-0050012026/related/CMO-Historical-Data-Monthly.xlsx
1967-09-01,crude_oil_brent,1.3,usd_per_bbl,"World Bank Commodity Markets (Pink Sheet), Monthly Prices",https://thedocs.worldbank.org/en/doc/74e8be41ceb20fa0da750cda2f6b9e4e-0050012026/related/CMO-Historical-Data-Monthly.xlsx
1967-10-01,crude_oil_brent,1.3,usd_per_bbl,"World Bank Commodity Markets (Pink Sheet), Monthly Prices",https://thedocs.worldbank.org/en/doc/74e8be41ceb20fa0da750cda2f6b9e4e-0050012026/related/CMO-Historical-Data-Monthly.xlsx
1967-11-01,crude_oil_brent,1.3,usd_per_bbl,"World Bank Commodity Markets (Pink Sheet), Monthly Prices",https://thedocs.worldbank.org/en/doc/74e8be41ceb20fa0da750cda2f6b9e4e-0050012026/related/CMO-Historical-Data-Monthly.xlsx
1967-12-01,crude_oil_brent,1.3,usd_per_bbl,"World Bank Commodity Markets (Pink Sheet), Monthly Prices",https://thedocs.worldbank.org/en/doc/74e8be41ceb20fa0da750cda2f6b9e4e-0050012026/related/CMO-Historical-Data-Monthly.xlsx
1968-01-01,crude_oil_brent,1.3,usd_per_bbl,"World Bank Commodity Markets (Pink Sheet), Monthly Prices",https://thedocs.worldbank.org/en/doc/74e8be41ceb20fa0da750cda2f6b9e4e-0050012026/related/CMO-Historical-Data-Monthly.xlsx
1968-02-01,crude_oil_brent,1.3,usd_per_bbl,"World Bank Commodity Markets (Pink Sheet), Monthly Prices",https://thedocs.worldbank.org/en/doc/74e8be41ceb20fa0da750cda2f6b9e4e-0050012026/related/CMO-Historical-Data-Monthly.xlsx
1968-03-01,crude_oil_brent,1.3,usd_per_bbl,"World Bank Commodity Markets (Pink Sheet), Monthly Prices",https://thedocs.worldbank.org/en/doc/74e8be41ceb20fa0da750cda2f6b9e4e-0050012026/related/CMO-Historical-Data-Monthly.xlsx
1968-04-01,crude_oil_brent,1.3,usd_per_bbl,"World Bank Commodity Markets (Pink Sheet), Monthly Prices",https://thedocs.worldbank.org/en/doc/74e8be41ceb20fa0da750cda2f6b9e4e-0050012026/related/CMO-Historical-Data-Monthly.xlsx
1968-05-01,crude_oil_brent,1.3,usd_per_bbl,"World Bank Commodity Markets (Pink Sheet), Monthly Prices",https://thedocs.worldbank.org/en/doc/74e8be41ceb20fa0da750cda2f6b9e4e-0050012026/related/CMO-Historical-Data-Monthly.xlsx
1968-06-01,crude_oil_brent,1.3,usd_per_bbl,"World Bank Commodity Markets (Pink Sheet), Monthly Prices",https://thedocs.worldbank.org/en/doc/74e8be41ceb20fa0da750cda2f6b9e4e-0050012026/related/CMO-Historical-Data-Monthly.xlsx
1968-07-01,crude_oil_brent,1.3,usd_per_bbl,"World Bank Commodity Markets (Pink Sheet), Monthly Prices",https://thedocs.worldbank.org/en/doc/74e8be41ceb20fa0da750cda2f6b9e4e-0050012026/related/CMO-Historical-Data-Monthly.xlsx
1968-08-01,crude_oil_brent,1.3,usd_per_bbl,"World Bank Commodity Markets (Pink Sheet), Monthly Prices",https://thedocs.worldbank.org/en/doc/74e8be41ceb20fa0da750cda2f6b9e4e-0050012026/related/CMO-Historical-Data-Monthly.xlsx
1968-09-01,crude_oil_brent,1.3,usd_per_bbl,"World Bank Commodity Markets (Pink Sheet), Monthly Prices",https://thedocs.worldbank.org/en/doc/74e8be41ceb20fa0da750cda2f6b9e4e-0050012026/related/CMO-Historical-Data-Monthly.xlsx
1968-10-01,crude_oil_brent,1.3,usd_per_bbl,"World Bank Commodity Markets (Pink Sheet), Monthly Prices",https://thedocs.worldbank.org/en/doc/74e8be41ceb20fa0da750cda2f6b9e4e-0050012026/related/CMO-Historical-Data-Monthly.xlsx
1968-11-01,crude_oil_brent,1.3,usd_per_bbl,"World Bank Commodity Markets (Pink Sheet), Monthly Prices",https://thedocs.worldbank.org/en/doc/74e8be41ceb20fa0da750cda2f6b9e4e-0050012026/related/CMO-Historical-Data-Monthly.xlsx
1968-12-01,crude_oil_brent,1.3,usd_per_bbl,"World Bank Commodity Markets (Pink Sheet), Monthly Prices",https://thedocs.worldbank.org/en/doc/74e8be41ceb20fa0da750cda2f6b9e4e-0050012026/related/CMO-Historical-Data-Monthly.xlsx
1969-01-01,crude_oil_brent,1.3,usd_per_bbl,"World Bank Commodity Markets (Pink Sheet), Monthly Prices",https://thedocs.worldbank.org/en/doc/74e8be41ceb20fa0da750cda2f6b9e4e-0050012026/related/CMO-Historical-Data-Monthly.xlsx
1969-02-01,crude_oil_brent,1.3,usd_per_bbl,"World Bank Commodity Markets (Pink Sheet), Monthly Prices",https://thedocs.worldbank.org/en/doc/74e8be41ceb20fa0da750cda2f6b9e4e-0050012026/related/CMO-Historical-Data-Monthly.xlsx
1969-03-01,crude_oil_brent,1.3,usd_per_bbl,"World Bank Commodity Markets (Pink Sheet), Monthly Prices",https://thedocs.worldbank.org/en/doc/74e8be41ceb20fa0da750cda2f6b9e4e-0050012026/related/CMO-Historical-Data-Monthly.xlsx
1969-04-01,crude_oil_brent,1.3,usd_per_bbl,"World Bank Commodity Markets (Pink Sheet), Monthly Prices",https://thedocs.worldbank.org/en/doc/74e8be41ceb20fa0da750cda2f6b9e4e-0050012026/related/CMO-Historical-Data-Monthly.xlsx
1969-05-01,crude_oil_brent,1.3,usd_per_bbl,"World Bank Commodity Markets (Pink Sheet), Monthly Prices",https://thedocs.worldbank.org/en/doc/74e8be41ceb20fa0da750cda2f6b9e4e-0050012026/related/CMO-Historical-Data-Monthly.xlsx
1969-06-01,crude_oil_brent,1.3,usd_per_bbl,"World Bank Commodity Markets (Pink Sheet), Monthly Prices",https://thedocs.worldbank.org/en/doc/74e8be41ceb20fa0da750cda2f6b9e4e-0050012026/related/CMO-Historical-Data-Monthly.xlsx
1969-07-01,crude_oil_brent,1.3,usd_per_bbl,"World Bank Commodity Markets (Pink Sheet), Monthly Prices",https://thedocs.worldbank.org/en/doc/74e8be41ceb20fa0da750cda2f6b9e4e-0050012026/related/CMO-Historical-Data-Monthly.xlsx
1969-08-01,crude_oil_brent,1.3,usd_per_bbl,"World Bank Commodity Markets (Pink Sheet), Monthly Prices",https://thedocs.worldbank.org/en/doc/74e8be41ceb20fa0da750cda2f6b9e4e-0050012026/related/CMO-Historical-Data-Monthly.xlsx
1969-09-01,crude_oil_brent,1.3,usd_per_bbl,"World Bank Commodity Markets (Pink Sheet), Monthly Prices",https://thedocs.worldbank.org/en/doc/74e8be41ceb20fa0da750cda2f6b9e4e-0050012026/related/CMO-Historical-Data-Monthly.xlsx
1969-10-01,crude_oil_brent,1.3,usd_per_bbl,"World Bank Commodity Markets (Pink Sheet), Monthly Prices",https://thedocs.worldbank.org/en/doc/74e8be41ceb20fa0da750cda2f6b9e4e-0050012026/related/CMO-Historical-Data-Monthly.xlsx
1969-11-01,crude_oil_brent,1.3,usd_per_bbl,"World Bank Commodity Markets (Pink Sheet), Monthly Prices",https://thedocs.worldbank.org/en/doc/74e8be41ceb20fa0da750cda2f6b9e4e-0050012026/related/CMO-Historical-Data-Monthly.xlsx
1969-12-01,crude_oil_brent,1.3,usd_per_bbl,"World Bank Commodity Markets (Pink Sheet), Monthly Prices",https://thedocs.worldbank.org/en/doc/74e8be41ceb20fa0da750cda2f6b9e4e-0050012026/related/CMO-Historical-Data-Monthly.xlsx
1970-01-01,crude_oil_brent,1.2,usd_per_bbl,"World Bank Commodity Markets (Pink Sheet), Monthly Prices",https://thedocs.worldbank.org/en/doc/74e8be41ceb20fa0da750cda2f6b9e4e-0050012026/related/CMO-Historical-Data-Monthly.xlsx
1970-02-01,crude_oil_brent,1.2,usd_per_bbl,"World Bank Commodity Markets (Pink Sheet), Monthly Prices",https://thedocs.worldbank.org/en/doc/74e8be41ceb20fa0da750cda2f6b9e4e-0050012026/related/CMO-Historical-Data-Monthly.xlsx
1970-03-01,crude_oil_brent,1.2,usd_per_bbl,"World Bank Commodity Markets (Pink Sheet), Monthly Prices",https://thedocs.worldbank.org/en/doc/74e8be41ceb20fa0da750cda2f6b9e4e-0050012026/related/CMO-Historical-Data-Monthly.xlsx
1970-04-01,crude_oil_brent,1.2,usd_per_bbl,"World Bank Commodity Markets (Pink Sheet), Monthly Prices",https://thedocs.worldbank.org/en/doc/74e8be41ceb20fa0da750cda2f6b9e4e-0050012026/related/CMO-Historical-Data-Monthly.xlsx
1970-05-01,crude_oil_brent,1.2,usd_per_bbl,"World Bank Commodity Markets (Pink Sheet), Monthly Prices",https://thedocs.worldbank.org/en/doc/74e8be41ceb20fa0da750cda2f6b9e4e-0050012026/related/CMO-Historical-Data-Monthly.xlsx
1970-06-01,crude_oil_brent,1.2,usd_per_bbl,"World Bank Commodity Markets (Pink Sheet), Monthly Prices",https://thedocs.worldbank.org/en/doc/74e8be41ceb20fa0da750cda2f6b9e4e-0050012026/related/CMO-Historical-Data-Monthly.xlsx
1970-07-01,crude_oil_brent,1.2,usd_per_bbl,"World Bank Commodity Markets (Pink Sheet), Monthly Prices",https://thedocs.worldbank.org/en/doc/74e8be41ceb20fa0da750cda2f6b9e4e-0050012026/related/CMO-Historical-Data-Monthly.xlsx
1970-08-01,crude_oil_brent,1.2,usd_per_bbl,"World Bank Commodity Markets (Pink Sheet), Monthly Prices",https://thedocs.worldbank.org/en/doc/74e8be41ceb20fa0da750cda2f6b9e4e-0050012026/related/CMO-Historical-Data-Monthly.xlsx
1970-09-01,crude_oil_brent,1.2,usd_per_bbl,"World Bank Commodity Markets (Pink Sheet), Monthly Prices",https://thedocs.worldbank.org/en/doc/74e8be41ceb20fa0da750cda2f6b9e4e-0050012026/related/CMO-Historical-Data-Monthly.xlsx
1970-10-01,crude_oil_brent,1.2,usd_per_bbl,"World Bank Commodity Markets (Pink Sheet), Monthly Prices",https://thedocs.worldbank.org/en/doc/74e8be41ceb20fa0da750cda2f6b9e4e-0050012026/related/CMO-Historical-Data-Monthly.xlsx
1970-11-01,crude_oil_brent,1.2,usd_per_bbl,"World Bank Commodity Markets (Pink Sheet), Monthly Prices",https://thedocs.worldbank.org/en/doc/74e8be41ceb20fa0da750cda2f6b9e4e-0050012026/related/CMO-Historical-Data-Monthly.xlsx
1970-12-01,crude_oil_brent,1.2,usd_per_bbl,"World Bank Commodity Markets (Pink Sheet), Monthly Prices",https://thedocs.worldbank.org/en/doc/74e8be41ceb20fa0da750cda2f6b9e4e-0050012026/related/CMO-Historical-Data-Monthly.xlsx
1971-01-01,crude_oil_brent,1.6,usd_per_bbl,"World Bank Commodity Markets (Pink Sheet), Monthly Prices",https://thedocs.worldbank.org/en/doc/74e8be41ceb20fa0da750cda2f6b9e4e-0050012026/related/CMO-Historical-Data-Monthly.xlsx
1971-02-01,crude_oil_brent,1.6,usd_per_bbl,"World Bank Commodity Markets (Pink Sheet), Monthly Prices",https://thedocs.worldbank.org/en/doc/74e8be41ceb20fa0da750cda2f6b9e4e-0050012026/related/CMO-Historical-Data-Monthly.xlsx
1971-03-01,crude_oil_brent,1.6,usd_per_bbl,"World Bank Commodity Markets (Pink Sheet), Monthly Prices",https://thedocs.worldbank.org/en/doc/74e8be41ceb20fa0da750cda2f6b9e4e-0050012026/related/CMO-Historical-Data-Monthly.xlsx
1971-04-01,crude_oil_brent,1.6,usd_per_bbl,"World Bank Commodity Markets (Pink Sheet), Monthly Prices",https://thedocs.worldbank.org/en/doc/74e8be41ceb20fa0da750cda2f6b9e4e-0050012026/related/CMO-Historical-Data-Monthly.xlsx
1971-05-01,crude_oil_brent,1.6,usd_per_bbl,"World Bank Commodity Markets (Pink Sheet), Monthly Prices",https://thedocs.worldbank.org/en/doc/74e8be41ceb20fa0da750cda2f6b9e4e-0050012026/related/CMO-Historical-Data-Monthly.xlsx
1971-06-01,crude_oil_brent,1.6,usd_per_bbl,"World Bank Commodity Markets (Pink Sheet), Monthly Prices",https://thedocs.worldbank.org/en/doc/74e8be41ceb20fa0da750cda2f6b9e4e-0050012026/related/CMO-Historical-Data-Monthly.xlsx
1971-07-01,crude_oil_brent,1.7,usd_per_bbl,"World Bank Commodity Markets (Pink Sheet), Monthly Prices",https://thedocs.worldbank.org/en/doc/74e8be41ceb20fa0da750cda2f6b9e4e-0050012026/related/CMO-Historical-Data-Monthly.xlsx
1971-08-01,crude_oil_brent,1.7,usd_per_bbl,"World Bank Commodity Markets (Pink Sheet), Monthly Prices",https://thedocs.worldbank.org/en/doc/74e8be41ceb20fa0da750cda2f6b9e4e-0050012026/related/CMO-Historical-Data-Monthly.xlsx
1971-09-01,crude_oil_brent,1.7,usd_per_bbl,"World Bank Commodity Markets (Pink Sheet), Monthly Prices",https://thedocs.worldbank.org/en/doc/74e8be41ceb20fa0da750cda2f6b9e4e-0050012026/related/CMO-Historical-Data-Monthly.xlsx
1971-10-01,crude_oil_brent,1.7,usd_per_bbl,"World Bank Commodity Markets (Pink Sheet), Monthly Prices",https://thedocs.worldbank.org/en/doc/74e8be41ceb20fa0da750cda2f6b9e4e-0050012026/related/CMO-Historical-Data-Monthly.xlsx
1971-11-01,crude_oil_brent,1.7,usd_per_bbl,"World Bank Commodity Markets (Pink Sheet), Monthly Prices",https://thedocs.worldbank.org/en/doc/74e8be41ceb20fa0da750cda2f6b9e4e-0050012026/related/CMO-Historical-Data-Monthly.xlsx
1971-12-01,crude_oil_brent,1.7,usd_per_bbl,"World Bank Commodity Markets (Pink Sheet), Monthly Prices",https://thedocs.worldbank.org/en/doc/74e8be41ceb20fa0da750cda2f6b9e4e-0050012026/related/CMO-Historical-Data-Monthly.xlsx
1972-01-01,crude_oil_brent,1.8,usd_per_bbl,"World Bank Commodity Markets (Pink Sheet), Monthly Prices",https://thedocs.worldbank.org/en/doc/74e8be41ceb20fa0da750cda2f6b9e4e-0050012026/related/CMO-Historical-Data-Monthly.xlsx
1972-02-01,crude_oil_brent,1.8,usd_per_bbl,"World Bank Commodity Markets (Pink Sheet), Monthly Prices",https://thedocs.worldbank.org/en/doc/74e8be41ceb20fa0da750cda2f6b9e4e-0050012026/related/CMO-Historical-Data-Monthly.xlsx
1972-03-01,crude_oil_brent,1.8,usd_per_bbl,"World Bank Commodity Markets (Pink Sheet), Monthly Prices",https://thedocs.worldbank.org/en/doc/74e8be41ceb20fa0da750cda2f6b9e4e-0050012026/related/CMO-Historical-Data-Monthly.xlsx
1972-04-01,crude_oil_brent,1.8,usd_per_bbl,"World Bank Commodity Markets (Pink Sheet), Monthly Prices",https://thedocs.worldbank.org/en/doc/74e8be41ceb20fa0da750cda2f6b9e4e-0050012026/related/CMO-Historical-Data-Monthly.xlsx
1972-05-01,crude_oil_brent,1.8,usd_per_bbl,"World Bank Commodity Markets (Pink Sheet), Monthly Prices",https://thedocs.worldbank.org/en/doc/74e8be41ceb20fa0da750cda2f6b9e4e-0050012026/related/CMO-Historical-Data-Monthly.xlsx
1972-06-01,crude_oil_brent,1.8,usd_per_bbl,"World Bank Commodity Markets (Pink Sheet), Monthly Prices",https://thedocs.worldbank.org/en/doc/74e8be41ceb20fa0da750cda2f6b9e4e-0050012026/related/CMO-Historical-Data-Monthly.xlsx
1972-07-01,crude_oil_brent,1.9,usd_per_bbl,"World Bank Commodity Markets (Pink Sheet), Monthly Prices",https://thedocs.worldbank.org/en/doc/74e8be41ceb20fa0da750cda2f6b9e4e-0050012026/related/CMO-Historical-Data-Monthly.xlsx
1972-08-01,crude_oil_brent,1.9,usd_per_bbl,"World Bank Commodity Markets (Pink Sheet), Monthly Prices",https://thedocs.worldbank.org/en/doc/74e8be41ceb20fa0da750cda2f6b9e4e-0050012026/related/CMO-Historical-Data-Monthly.xlsx
1972-09-01,crude_oil_brent,1.9,usd_per_bbl,"World Bank Commodity Markets (Pink Sheet), Monthly Prices",https://thedocs.worldbank.org/en/doc/74e8be41ceb20fa0da750cda2f6b9e4e-0050012026/related/CMO-Historical-Data-Monthly.xlsx
1972-10-01,crude_oil_brent,1.9,usd_per_bbl,"World Bank Commodity Markets (Pink Sheet), Monthly Prices",https://thedocs.worldbank.org/en/doc/74e8be41ceb20fa0da750cda2f6b9e4e-0050012026/related/CMO-Historical-Data-Monthly.xlsx
1972-11-01,crude_oil_brent,1.9,usd_per_bbl,"World Bank Commodity Markets (Pink Sheet), Monthly Prices",https://thedocs.worldbank.org/en/doc/74e8be41ceb20fa0da750cda2f6b9e4e-0050012026/related/CMO-Historical-Data-Monthly.xlsx
1972-12-01,crude_oil_brent,1.9,usd_per_bbl,"World Bank Commodity Markets (Pink Sheet), Monthly Prices",https://thedocs.worldbank.org/en/doc/74e8be41ceb20fa0da750cda2f6b9e4e-0050012026/related/CMO-Historical-Data-Monthly.xlsx
1973-01-01,crude_oil_brent,2.1,usd_per_bbl,"World Bank Commodity Markets (Pink Sheet), Monthly Prices",https://thedocs.worldbank.org/en/doc/74e8be41ceb20fa0da750cda2f6b9e4e-0050012026/related/CMO-Historical-Data-Monthly.xlsx
1973-02-01,crude_oil_brent,2.1,usd_per_bbl,"World Bank Commodity Markets (Pink Sheet), Monthly Prices",https://thedocs.worldbank.org/en/doc/74e8be41ceb20fa0da750cda2f6b9e4e-0050012026/related/CMO-Historical-Data-Monthly.xlsx
1973-03-01,crude_oil_brent,2.1,usd_per_bbl,"World Bank Commodity Markets (Pink Sheet), Monthly Prices",https://thedocs.worldbank.org/en/doc/74e8be41ceb20fa0da750cda2f6b9e4e-0050012026/related/CMO-Historical-Data-Monthly.xlsx
1973-04-01,crude_oil_brent,2.4,usd_per_bbl,"World Bank Commodity Markets (Pink Sheet), Monthly Prices",https://thedocs.worldbank.org/en/doc/74e8be41ceb20fa0da750cda2f6b9e4e-0050012026/related/CMO-Historical-Data-Monthly.xlsx
1973-05-01,crude_oil_brent,2.4,usd_per_bbl,"World Bank Commodity Markets (Pink Sheet), Monthly Prices",https://thedocs.worldbank.org/en/doc/74e8be41ceb20fa0da750cda2f6b9e4e-0050012026/related/CMO-Historical-Data-Monthly.xlsx
1973-06-01,crude_oil_brent,2.4,usd_per_bbl,"World Bank Commodity Markets (Pink Sheet), Monthly Prices",https://thedocs.worldbank.org/en/doc/74e8be41ceb20fa0da750cda2f6b9e4e-0050012026/related/CMO-Historical-Data-Monthly.xlsx
1973-07-01,crude_oil_brent,2.7,usd_per_bbl,"World Bank Commodity Markets (Pink Sheet), Monthly Prices",https://thedocs.worldbank.org/en/doc/74e8be41ceb20fa0da750cda2f6b9e4e-0050012026/related/CMO-Historical-Data-Monthly.xlsx
1973-08-01,crude_oil_brent,2.7,usd_per_bbl,"World Bank Commodity Markets (Pink Sheet), Monthly Prices",https://thedocs.worldbank.org/en/doc/74e8be41ceb20fa0da750cda2f6b9e4e-0050012026/related/CMO-Historical-Data-Monthly.xlsx
1973-09-01,crude_oil_brent,2.7,usd_per_bbl,"World Bank Commodity Markets (Pink Sheet), Monthly Prices",https://thedocs.worldbank.org/en/doc/74e8be41ceb20fa0da750cda2f6b9e4e-0050012026/related/CMO-Historical-Data-Monthly.xlsx
1973-10-01,crude_oil_brent,4.1,usd_per_bbl,"World Bank Commodity Markets (Pink Sheet), Monthly Prices",https://thedocs.worldbank.org/en/doc/74e8be41ceb20fa0da750cda2f6b9e4e-0050012026/related/CMO-Historical-Data-Monthly.xlsx
1973-11-01,crude_oil_brent,4.1,usd_per_bbl,"World Bank Commodity Markets (Pink Sheet), Monthly Prices",https://thedocs.worldbank.org/en/doc/74e8be41ceb20fa0da750cda2f6b9e4e-0050012026/related/CMO-Historical-Data-Monthly.xlsx
1973-12-01,crude_oil_brent,4.1,usd_per_bbl,"World Bank Commodity Markets (Pink Sheet), Monthly Prices",https://thedocs.worldbank.org/en/doc/74e8be41ceb20fa0da750cda2f6b9e4e-0050012026/related/CMO-Historical-Data-Monthly.xlsx
1974-01-01,crude_oil_brent,13.0,usd_per_bbl,"World Bank Commodity Markets (Pink Sheet), Monthly Prices",https://thedocs.worldbank.org/en/doc/74e8be41ceb20fa0da750cda2f6b9e4e-0050012026/related/CMO-Historical-Data-Monthly.xlsx
1974-02-01,crude_oil_brent,13.0,usd_per_bbl,"World Bank Commodity Markets (Pink Sheet), Monthly Prices",https://thedocs.worldbank.org/en/doc/74e8be41ceb20fa0da750cda2f6b9e4e-0050012026/related/CMO-Historical-Data-Monthly.xlsx
1974-03-01,crude_oil_brent,13.0,usd_per_bbl,"World Bank Commodity Markets (Pink Sheet), Monthly Prices",https://thedocs.worldbank.org/en/doc/74e8be41ceb20fa0da750cda2f6b9e4e-0050012026/related/CMO-Historical-Data-Monthly.xlsx
1974-04-01,crude_oil_brent,10.6,usd_per_bbl,"World Bank Commodity Markets (Pink Sheet), Monthly Prices",https://thedocs.worldbank.org/en/doc/74e8be41ceb20fa0da750cda2f6b9e4e-0050012026/related/CMO-Historical-Data-Monthly.xlsx
1974-05-01,crude_oil_brent,10.6,usd_per_bbl,"World Bank Commodity Markets (Pink Sheet), Monthly Prices",https://thedocs.worldbank.org/en/doc/74e8be41ceb20fa0da750cda2f6b9e4e-0050012026/related/CMO-Historical-Data-Monthly.xlsx
1974-06-01,crude_oil_brent,10.6,usd_per_bbl,"World Bank Commodity Markets (Pink Sheet), Monthly Prices",https://thedocs.worldbank.org/en/doc/74e8be41ceb20fa0da750cda2f6b9e4e-0050012026/related/CMO-Historical-Data-Monthly.xlsx
1974-07-01,crude_oil_brent,10.0,usd_per_bbl,"World Bank Commodity Markets (Pink Sheet), Monthly Prices",https://thedocs.worldbank.org/en/doc/74e8be41ceb20fa0da750cda2f6b9e4e-0050012026/related/CMO-Historical-Data-Monthly.xlsx
1974-08-01,crude_oil_brent,10.0,usd_per_bbl,"World Bank Commodity Markets (Pink Sheet), Monthly Prices",https://thedocs.worldbank.org/en/doc/74e8be41ceb20fa0da750cda2f6b9e4e-0050012026/related/CMO-Historical-Data-Monthly.xlsx
1974-09-01,crude_oil_brent,10.0,usd_per_bbl,"World Bank Commodity Markets (Pink Sheet), Monthly Prices",https://thedocs.worldbank.org/en/doc/74e8be41ceb20fa0da750cda2f6b9e4e-0050012026/related/CMO-Historical-Data-Monthly.xlsx
1974-10-01,crude_oil_brent,10.3,usd_per_bbl,"World Bank Commodity Markets (Pink Sheet), Monthly Prices",https://thedocs.worldbank.org/en/doc/74e8be41ceb20fa0da750cda2f6b9e4e-0050012026/related/CMO-Historical-Data-Monthly.xlsx
1974-11-01,crude_oil_brent,10.3,usd_per_bbl,"World Bank Commodity Markets (Pink Sheet), Monthly Prices",https://thedocs.worldbank.org/en/doc/74e8be41ceb20fa0da750cda2f6b9e4e-0050012026/related/CMO-Historical-Data-Monthly.xlsx
1974-12-01,crude_oil_brent,10.3,usd_per_bbl,"World Bank Commodity Markets (Pink Sheet), Monthly Prices",https://thedocs.worldbank.org/en/doc/74e8be41ceb20fa0da750cda2f6b9e4e-0050012026/related/CMO-Historical-Data-Monthly.xlsx
1975-01-01,crude_oil_brent,10.4,usd_per_bbl,"World Bank Commodity Markets (Pink Sheet), Monthly Prices",https://thedocs.worldbank.org/en/doc/74e8be41ceb20fa0da750cda2f6b9e4e-0050012026/related/CMO-Historical-Data-Monthly.xlsx
1975-02-01,crude_oil_brent,10.4,usd_per_bbl,"World Bank Commodity Markets (Pink Sheet), Monthly Prices",https://thedocs.worldbank.org/en/doc/74e8be41ceb20fa0da750cda2f6b9e4e-0050012026/related/CMO-Historical-Data-Monthly.xlsx
1975-03-01,crude_oil_brent,10.4,usd_per_bbl,"World Bank Commodity Markets (Pink Sheet), Monthly Prices",https://thedocs.worldbank.org/en/doc/74e8be41ceb20fa0da750cda2f6b9e4e-0050012026/related/CMO-Historical-Data-Monthly.xlsx
1975-04-01,crude_oil_brent,10.4,usd_per_bbl,"World Bank Commodity Markets (Pink Sheet), Monthly Prices",https://thedocs.worldbank.org/en/doc/74e8be41ceb20fa0da750cda2f6b9e4e-0050012026/related/CMO-Historical-Data-Monthly.xlsx
1975-05-01,crude_oil_brent,10.4,usd_per_bbl,"World Bank Commodity Markets (Pink Sheet), Monthly Prices",https://thedocs.worldbank.org/en/doc/74e8be41ceb20fa0da750cda2f6b9e4e-0050012026/related/CMO-Historical-Data-Monthly.xlsx
1975-06-01,crude_oil_brent,10.4,usd_per_bbl,"World Bank Commodity Markets (Pink Sheet), Monthly Prices",https://thedocs.worldbank.org/en/doc/74e8be41ceb20fa0da750cda2f6b9e4e-0050012026/related/CMO-Historical-Data-Monthly.xlsx
1975-07-01,crude_oil_brent,10.4,usd_per_bbl,"World Bank Commodity Markets (Pink Sheet), Monthly Prices",https://thedocs.worldbank.org/en/doc/74e8be41ceb20fa0da750cda2f6b9e4e-0050012026/related/CMO-Historical-Data-Monthly.xlsx
1975-08-01,crude_oil_brent,10.4,usd_per_bbl,"World Bank Commodity Markets (Pink Sheet), Monthly Prices",https://thedocs.worldbank.org/en/doc/74e8be41ceb20fa0da750cda2f6b9e4e-0050012026/related/CMO-Historical-Data-Monthly.xlsx
1975-09-01,crude_oil_brent,10.4,usd_per_bbl,"World Bank Commodity Markets (Pink Sheet), Monthly Prices",https://thedocs.worldbank.org/en/doc/74e8be41ceb20fa0da750cda2f6b9e4e-0050012026/related/CMO-Historical-Data-Monthly.xlsx
1975-10-01,crude_oil_brent,10.5,usd_per_bbl,"World Bank Commodity Markets (Pink Sheet), Monthly Prices",https://thedocs.worldbank.org/en/doc/74e8be41ceb20fa0da750cda2f6b9e4e-0050012026/related/CMO-Historical-Data-Monthly.xlsx
1975-11-01,crude_oil_brent,10.5,usd_per_bbl,"World Bank Commodity Markets (Pink Sheet), Monthly Prices",https://thedocs.worldbank.org/en/doc/74e8be41ceb20fa0da750cda2f6b9e4e-0050012026/related/CMO-Historical-Data-Monthly.xlsx
1975-12-01,crude_oil_brent,10.5,usd_per_bbl,"World Bank Commodity Markets (Pink Sheet), Monthly Prices",https://thedocs.worldbank.org/en/doc/74e8be41ceb20fa0da750cda2f6b9e4e-0050012026/related/CMO-Historical-Data-Monthly.xlsx
1976-01-01,crude_oil_brent,11.5,usd_per_bbl,"World Bank Commodity Markets (Pink Sheet), Monthly Prices",https://thedocs.worldbank.org/en/doc/74e8be41ceb20fa0da750cda2f6b9e4e-0050012026/related/CMO-Historical-Data-Monthly.xlsx
1976-02-01,crude_oil_brent,11.5,usd_per_bbl,"World Bank Commodity Markets (Pink Sheet), Monthly Prices",https://thedocs.worldbank.org/en/doc/74e8be41ceb20fa0da750cda2f6b9e4e-0050012026/related/CMO-Historical-Data-Monthly.xlsx
1976-03-01,crude_oil_brent,11.5,usd_per_bbl,"World Bank Commodity Markets (Pink Sheet), Monthly Prices",https://thedocs.worldbank.org/en/doc/74e8be41ceb20fa0da750cda2f6b9e4e-0050012026/related/CMO-Historical-Data-Monthly.xlsx
1976-04-01,crude_oil_brent,11.5,usd_per_bbl,"World Bank Commodity Markets (Pink Sheet), Monthly Prices",https://thedocs.worldbank.org/en/doc/74e8be41ceb20fa0da750cda2f6b9e4e-0050012026/related/CMO-Historical-Data-Monthly.xlsx
1976-05-01,crude_oil_brent,11.5,usd_per_bbl,"World Bank Commodity Markets (Pink Sheet), Monthly Prices",https://thedocs.worldbank.org/en/doc/74e8be41ceb20fa0da750cda2f6b9e4e-0050012026/related/CMO-Historical-Data-Monthly.xlsx
1976-06-01,crude_oil_brent,11.5,usd_per_bbl,"World Bank Commodity Markets (Pink Sheet), Monthly Prices",https://thedocs.worldbank.org/en/doc/74e8be41ceb20fa0da750cda2f6b9e4e-0050012026/related/CMO-Historical-Data-Monthly.xlsx
1976-07-01,crude_oil_brent,11.6,usd_per_bbl,"World Bank Commodity Markets (Pink Sheet), Monthly Prices",https://thedocs.worldbank.org/en/doc/74e8be41ceb20fa0da750cda2f6b9e4e-0050012026/related/CMO-Historical-Data-Monthly.xlsx
1976-08-01,crude_oil_brent,11.6,usd_per_bbl,"World Bank Commodity Markets (Pink Sheet), Monthly Prices",https://thedocs.worldbank.org/en/doc/74e8be41ceb20fa0da750cda2f6b9e4e-0050012026/related/CMO-Historical-Data-Monthly.xlsx
1976-09-01,crude_oil_brent,11.6,usd_per_bbl,"World Bank Commodity Markets (Pink Sheet), Monthly Prices",https://thedocs.worldbank.org/en/doc/74e8be41ceb20fa0da750cda2f6b9e4e-0050012026/related/CMO-Historical-Data-Monthly.xlsx
1976-10-01,crude_oil_brent,11.9,usd_per_bbl,"World Bank Commodity Markets (Pink Sheet), Monthly Prices",https://thedocs.worldbank.org/en/doc/74e8be41ceb20fa0da750cda2f6b9e4e-0050012026/related/CMO-Historical-Data-Monthly.xlsx
1976-11-01,crude_oil_brent,11.9,usd_per_bbl,"World Bank Commodity Markets (Pink Sheet), Monthly Prices",https://thedocs.worldbank.org/en/doc/74e8be41ceb20fa0da750cda2f6b9e4e-0050012026/related/CMO-Historical-Data-Monthly.xlsx
1976-12-01,crude_oil_brent,11.9,usd_per_bbl,"World Bank Commodity Markets (Pink Sheet), Monthly Prices",https://thedocs.worldbank.org/en/doc/74e8be41ceb20fa0da750cda2f6b9e4e-0050012026/related/CMO-Historical-Data-Monthly.xlsx
1977-01-01,crude_oil_brent,12.5,usd_per_bbl,"World Bank Commodity Markets (Pink Sheet), Monthly Prices",https://thedocs.worldbank.org/en/doc/74e8be41ceb20fa0da750cda2f6b9e4e-0050012026/related/CMO-Historical-Data-Monthly.xlsx
1977-02-01,crude_oil_brent,12.5,usd_per_bbl,"World Bank Commodity Markets (Pink Sheet), Monthly Prices",https://thedocs.worldbank.org/en/doc/74e8be41ceb20fa0da750cda2f6b9e4e-0050012026/related/CMO-Historical-Data-Monthly.xlsx
1977-03-01,crude_oil_brent,12.5,usd_per_bbl,"World Bank Commodity Markets (Pink Sheet), Monthly Prices",https://thedocs.worldbank.org/en/doc/74e8be41ceb20fa0da750cda2f6b9e4e-0050012026/related/CMO-Historical-Data-Monthly.xlsx
1977-04-01,crude_oil_brent,12.4,usd_per_bbl,"World Bank Commodity Markets (Pink Sheet), Monthly Prices",https://thedocs.worldbank.org/en/doc/74e8be41ceb20fa0da750cda2f6b9e4e-0050012026/related/CMO-Historical-Data-Monthly.xlsx
1977-05-01,crude_oil_brent,12.4,usd_per_bbl,"World Bank Commodity Markets (Pink Sheet), Monthly Prices",https://thedocs.worldbank.org/en/doc/74e8be41ceb20fa0da750cda2f6b9e4e-0050012026/related/CMO-Historical-Data-Monthly.xlsx
1977-06-01,crude_oil_brent,12.4,usd_per_bbl,"World Bank Commodity Markets (Pink Sheet), Monthly Prices",https://thedocs.worldbank.org/en/doc/74e8be41ceb20fa0da750cda2f6b9e4e-0050012026/related/CMO-Historical-Data-Monthly.xlsx
1977-07-01,crude_oil_brent,12.6,usd_per_bbl,"World Bank Commodity Markets (Pink Sheet), Monthly Prices",https://thedocs.worldbank.org/en/doc/74e8be41ceb20fa0da750cda2f6b9e4e-0050012026/related/CMO-Historical-Data-Monthly.xlsx
1977-08-01,crude_oil_brent,12.6,usd_per_bbl,"World Bank Commodity Markets (Pink Sheet), Monthly Prices",https://thedocs.worldbank.org/en/doc/74e8be41ceb20fa0da750cda2f6b9e4e-0050012026/related/CMO-Historical-Data-Monthly.xlsx
1977-09-01,crude_oil_brent,12.6,usd_per_bbl,"World Bank Commodity Markets (Pink Sheet), Monthly Prices",https://thedocs.worldbank.org/en/doc/74e8be41ceb20fa0da750cda2f6b9e4e-0050012026/related/CMO-Historical-Data-Monthly.xlsx
1977-10-01,crude_oil_brent,12.7,usd_per_bbl,"World Bank Commodity Markets (Pink Sheet), Monthly Prices",https://thedocs.worldbank.org/en/doc/74e8be41ceb20fa0da750cda2f6b9e4e-0050012026/related/CMO-Historical-Data-Monthly.xlsx
1977-11-01,crude_oil_brent,12.7,usd_per_bbl,"World Bank Commodity Markets (Pink Sheet), Monthly Prices",https://thedocs.worldbank.org/en/doc/74e8be41ceb20fa0da750cda2f6b9e4e-0050012026/related/CMO-Historical-Data-Monthly.xlsx
1977-12-01,crude_oil_brent,12.7,usd_per_bbl,"World Bank Commodity Markets (Pink Sheet), Monthly Prices",https://thedocs.worldbank.org/en/doc/74e8be41ceb20fa0da750cda2f6b9e4e-0050012026/related/CMO-Historical-Data-Monthly.xlsx
1978-01-01,crude_oil_brent,12.7,usd_per_bbl,"World Bank Commodity Markets (Pink Sheet), Monthly Prices",https://thedocs.worldbank.org/en/doc/74e8be41ceb20fa0da750cda2f6b9e4e-0050012026/related/CMO-Historical-Data-Monthly.xlsx
1978-02-01,crude_oil_brent,12.7,usd_per_bbl,"World Bank Commodity Markets (Pink Sheet), Monthly Prices",https://thedocs.worldbank.org/en/doc/74e8be41ceb20fa0da750cda2f6b9e4e-0050012026/related/CMO-Historical-Data-Monthly.xlsx
1978-03-01,crude_oil_brent,12.7,usd_per_bbl,"World Bank Commodity Markets (Pink Sheet), Monthly Prices",https://thedocs.worldbank.org/en/doc/74e8be41ceb20fa0da750cda2f6b9e4e-0050012026/related/CMO-Historical-Data-Monthly.xlsx
1978-04-01,crude_oil_brent,12.7,usd_per_bbl,"World Bank Commodity Markets (Pink Sheet), Monthly Prices",https://thedocs.worldbank.org/en/doc/74e8be41ceb20fa0da750cda2f6b9e4e-0050012026/related/CMO-Historical-Data-Monthly.xlsx
1978-05-01,crude_oil_brent,12.7,usd_per_bbl,"World Bank Commodity Markets (Pink Sheet), Monthly Prices",https://thedocs.worldbank.org/en/doc/74e8be41ceb20fa0da750cda2f6b9e4e-0050012026/related/CMO-Historical-Data-Monthly.xlsx
1978-06-01,crude_oil_brent,12.7,usd_per_bbl,"World Bank Commodity Markets (Pink Sheet), Monthly Prices",https://thedocs.worldbank.org/en/doc/74e8be41ceb20fa0da750cda2f6b9e4e-0050012026/related/CMO-Historical-Data-Monthly.xlsx
1978-07-01,crude_oil_brent,12.8,usd_per_bbl,"World Bank Commodity Markets (Pink Sheet), Monthly Prices",https://thedocs.worldbank.org/en/doc/74e8be41ceb20fa0da750cda2f6b9e4e-0050012026/related/CMO-Historical-Data-Monthly.xlsx
1978-08-01,crude_oil_brent,12.8,usd_per_bbl,"World Bank Commodity Markets (Pink Sheet), Monthly Prices",https://thedocs.worldbank.org/en/doc/74e8be41ceb20fa0da750cda2f6b9e4e-0050012026/related/CMO-Historical-Data-Monthly.xlsx
1978-09-01,crude_oil_brent,12.8,usd_per_bbl,"World Bank Commodity Markets (Pink Sheet), Monthly Prices",https://thedocs.worldbank.org/en/doc/74e8be41ceb20fa0da750cda2f6b9e4e-0050012026/related/CMO-Historical-Data-Monthly.xlsx
1978-10-01,crude_oil_brent,12.9,usd_per_bbl,"World Bank Commodity Markets (Pink Sheet), Monthly Prices",https://thedocs.worldbank.org/en/doc/74e8be41ceb20fa0da750cda2f6b9e4e-0050012026/related/CMO-Historical-Data-Monthly.xlsx
1978-11-01,crude_oil_brent,13.2,usd_per_bbl,"World Bank Commodity Markets (Pink Sheet), Monthly Prices",https://thedocs.worldbank.org/en/doc/74e8be41ceb20fa0da750cda2f6b9e4e-0050012026/related/CMO-Historical-Data-Monthly.xlsx
1978-12-01,crude_oil_brent,14.5,usd_per_bbl,"World Bank Commodity Markets (Pink Sheet), Monthly Prices",https://thedocs.worldbank.org/en/doc/74e8be41ceb20fa0da750cda2f6b9e4e-0050012026/related/CMO-Historical-Data-Monthly.xlsx
1979-01-01,crude_oil_brent,19.0,usd_per_bbl,"World Bank Commodity Markets (Pink Sheet), Monthly Prices",https://thedocs.worldbank.org/en/doc/74e8be41ceb20fa0da750cda2f6b9e4e-0050012026/related/CMO-Historical-Data-Monthly.xlsx
1979-02-01,crude_oil_brent,22.0,usd_per_bbl,"World Bank Commodity Markets (Pink Sheet), Monthly Prices",https://thedocs.worldbank.org/en/doc/74e8be41ceb20fa0da750cda2f6b9e4e-0050012026/related/CMO-Historical-Data-Monthly.xlsx
1979-03-01,crude_oil_brent,23.3,usd_per_bbl,"World Bank Commodity Markets (Pink Sheet), Monthly Prices",https://thedocs.worldbank.org/en/doc/74e8be41ceb20fa0da750cda2f6b9e4e-0050012026/related/CMO-Historical-Data-Monthly.xlsx
1979-04-01,crude_oil_brent,23.6,usd_per_bbl,"World Bank Commodity Markets (Pink Sheet), Monthly Prices",https://thedocs.worldbank.org/en/doc/74e8be41ceb20fa0da750cda2f6b9e4e-0050012026/related/CMO-Historical-Data-Monthly.xlsx
1979-05-01,crude_oil_brent,32.8,usd_per_bbl,"World Bank Commodity Markets (Pink Sheet), Monthly Prices",https://thedocs.worldbank.org/en/doc/74e8be41ceb20fa0da750cda2f6b9e4e-0050012026/related/CMO-Historical-Data-Monthly.xlsx
1979-06-01,crude_oil_brent,36.5,usd_per_bbl,"World Bank Commodity Markets (Pink Sheet), Monthly Prices",https://thedocs.worldbank.org/en/doc/74e8be41ceb20fa0da750cda2f6b9e4e-0050012026/related/CMO-Historical-Data-Monthly.xlsx
1979-07-01,crude_oil_brent,35.0,usd_per_bbl,"World Bank Commodity Markets (Pink Sheet), Monthly Prices",https://thedocs.worldbank.org/en/doc/74e8be41ceb20fa0da750cda2f6b9e4e-0050012026/related/CMO-Historical-Data-Monthly.xlsx
1979-08-01,crude_oil_brent,35.8,usd_per_bbl,"World Bank Commodity Markets (Pink Sheet), Monthly Prices",https://thedocs.worldbank.org/en/doc/74e8be41ceb20fa0da750cda2f6b9e4e-0050012026/related/CMO-Historical-Data-Monthly.xlsx
1979-09-01,crude_oil_brent,36.5,usd_per_bbl,"World Bank Commodity Markets (Pink Sheet), Monthly Prices",https://thedocs.worldbank.org/en/doc/74e8be41ceb20fa0da750cda2f6b9e4e-0050012026/related/CMO-Historical-Data-Monthly.xlsx
1979-10-01,crude_oil_brent,38.5,usd_per_bbl,"World Bank Commodity Markets (Pink Sheet), Monthly Prices",https://thedocs.worldbank.org/en/doc/74e8be41ceb20fa0da750cda2f6b9e4e-0050012026/related/CMO-Historical-Data-Monthly.xlsx
1979-11-01,crude_oil_brent,42.0,usd_per_bbl,"World Bank Commodity Markets (Pink Sheet), Monthly Prices",https://thedocs.worldbank.org/en/doc/74e8be41ceb20fa0da750cda2f6b9e4e-0050012026/related/CMO-Historical-Data-Monthly.xlsx
1979-12-01,crude_oil_brent,40.5,usd_per_bbl,"World Bank Commodity Markets (Pink Sheet), Monthly Prices",https://thedocs.worldbank.org/en/doc/74e8be41ceb20fa0da750cda2f6b9e4e-0050012026/related/CMO-Historical-Data-Monthly.xlsx
1980-01-01,crude_oil_brent,40.0,usd_per_bbl,"World Bank Commodity Markets (Pink Sheet), Monthly Prices",https://thedocs.worldbank.org/en/doc/74e8be41ceb20fa0da750cda2f6b9e4e-0050012026/related/CMO-Historical-Data-Monthly.xlsx
1980-02-01,crude_oil_brent,38.5,usd_per_bbl,"World Bank Commodity Markets (Pink Sheet), Monthly Prices",https://thedocs.worldbank.org/en/doc/74e8be41ceb20fa0da750cda2f6b9e4e-0050012026/related/CMO-Historical-Data-Monthly.xlsx
1980-03-01,crude_oil_brent,38.3,usd_per_bbl,"World Bank Commodity Markets (Pink Sheet), Monthly Prices",https://thedocs.worldbank.org/en/doc/74e8be41ceb20fa0da750cda2f6b9e4e-0050012026/related/CMO-Historical-Data-Monthly.xlsx
1980-04-01,crude_oil_brent,38.2,usd_per_bbl,"World Bank Commodity Markets (Pink Sheet), Monthly Prices",https://thedocs.worldbank.org/en/doc/74e8be41ceb20fa0da750cda2f6b9e4e-0050012026/related/CMO-Historical-Data-Monthly.xlsx
1980-05-01,crude_oil_brent,38.5,usd_per_bbl,"World Bank Commodity Markets (Pink Sheet), Monthly Prices",https://thedocs.worldbank.org/en/doc/74e8be41ceb20fa0da750cda2f6b9e4e-0050012026/related/CMO-Historical-Data-Monthly.xlsx
1980-06-01,crude_oil_brent,38.0,usd_per_bbl,"World Bank Commodity Markets (Pink Sheet), Monthly Prices",https://thedocs.worldbank.org/en/doc/74e8be41ceb20fa0da750cda2f6b9e4e-0050012026/related/CMO-Historical-Data-Monthly.xlsx
1980-07-01,crude_oil_brent,37.4,usd_per_bbl,"World Bank Commodity Markets (Pink Sheet), Monthly Prices",https://thedocs.worldbank.org/en/doc/74e8be41ceb20fa0da750cda2f6b9e4e-0050012026/related/CMO-Historical-Data-Monthly.xlsx
1980-08-01,crude_oil_brent,33.6,usd_per_bbl,"World Bank Commodity Markets (Pink Sheet), Monthly Prices",https://thedocs.worldbank.org/en/doc/74e8be41ceb20fa0da750cda2f6b9e4e-0050012026/related/CMO-Historical-Data-Monthly.xlsx
1980-09-01,crude_oil_brent,33.4,usd_per_bbl,"World Bank Commodity Markets (Pink Sheet), Monthly Prices",https://thedocs.worldbank.org/en/doc/74e8be41ceb20fa0da750cda2f6b9e4e-0050012026/related/CMO-Historical-Data-Monthly.xlsx
1980-10-01,crude_oil_brent,37.9,usd_per_bbl,"World Bank Commodity Markets (Pink Sheet), Monthly Prices",https://thedocs.worldbank.org/en/doc/74e8be41ceb20fa0da750cda2f6b9e4e-0050012026/related/CMO-Historical-Data-Monthly.xlsx
1980-11-01,crude_oil_brent,40.8,usd_per_bbl,"World Bank Commodity Markets (Pink Sheet), Monthly Prices",https://thedocs.worldbank.org/en/doc/74e8be41ceb20fa0da750cda2f6b9e4e-0050012026/related/CMO-Historical-Data-Monthly.xlsx
1980-12-01,crude_oil_brent,40.2,usd_per_bbl,"World Bank Commodity Markets (Pink Sheet), Monthly Prices",https://thedocs.worldbank.org/en/doc/74e8be41ceb20fa0da750cda2f6b9e4e-0050012026/related/CMO-Historical-Data-Monthly.xlsx
1981-01-01,crude_oil_brent,40.3,usd_per_bbl,"World Bank Commodity Markets (Pink Sheet), Monthly Prices",https://thedocs.worldbank.org/en/doc/74e8be41ceb20fa0da750cda2f6b9e4e-0050012026/related/CMO-Historical-Data-Monthly.xlsx
1981-02-01,crude_oil_brent,38.7,usd_per_bbl,"World Bank Commodity Markets (Pink Sheet), Monthly Prices",https://thedocs.worldbank.org/en/doc/74e8be41ceb20fa0da750cda2f6b9e4e-0050012026/related/CMO-Historical-Data-Monthly.xlsx
1981-03-01,crude_oil_brent,38.3,usd_per_bbl,"World Bank Commodity Markets (Pink Sheet), Monthly Prices",https://thedocs.worldbank.org/en/doc/74e8be41ceb20fa0da750cda2f6b9e4e-0050012026/related/CMO-Historical-Data-Monthly.xlsx
1981-04-01,crude_oil_brent,37.2,usd_per_bbl,"World Bank Commodity Markets (Pink Sheet), Monthly Prices",https://thedocs.worldbank.org/en/doc/74e8be41ceb20fa0da750cda2f6b9e4e-0050012026/related/CMO-Historical-Data-Monthly.xlsx
1981-05-01,crude_oil_brent,35.2,usd_per_bbl,"World Bank Commodity Markets (Pink Sheet), Monthly Prices",https://thedocs.worldbank.org/en/doc/74e8be41ceb20fa0da750cda2f6b9e4e-0050012026/related/CMO-Historical-Data-Monthly.xlsx
1981-06-01,crude_oil_brent,33.3,usd_per_bbl,"World Bank Commodity Markets (Pink Sheet), Monthly Prices",https://thedocs.worldbank.org/en/doc/74e8be41ceb20fa0da750cda2f6b9e4e-0050012026/related/CMO-Historical-Data-Monthly.xlsx
1981-07-01,crude_oil_brent,35.1,usd_per_bbl,"World Bank Commodity Markets (Pink Sheet), Monthly Prices",https://thedocs.worldbank.org/en/doc/74e8be41ceb20fa0da750cda2f6b9e4e-0050012026/related/CMO-Historical-Data-Monthly.xlsx
1981-08-01,crude_oil_brent,35.8,usd_per_bbl,"World Bank Commodity Markets (Pink Sheet), Monthly Prices",https://thedocs.worldbank.org/en/doc/74e8be41ceb20fa0da750cda2f6b9e4e-0050012026/related/CMO-Historical-Data-Monthly.xlsx
1981-09-01,crude_oil_brent,35.9,usd_per_bbl,"World Bank Commodity Markets (Pink Sheet), Monthly Prices",https://thedocs.worldbank.org/en/doc/74e8be41ceb20fa0da750cda2f6b9e4e-0050012026/related/CMO-Historical-Data-Monthly.xlsx
1981-10-01,crude_oil_brent,36.5,usd_per_bbl,"World Bank Commodity Markets (Pink Sheet), Monthly Prices",https://thedocs.worldbank.org/en/doc/74e8be41ceb20fa0da750cda2f6b9e4e-0050012026/related/CMO-Historical-Data-Monthly.xlsx
1981-11-01,crude_oil_brent,37.1,usd_per_bbl,"World Bank Commodity Markets (Pink Sheet), Monthly Prices",https://thedocs.worldbank.org/en/doc/74e8be41ceb20fa0da750cda2f6b9e4e-0050012026/related/CMO-Historical-Data-Monthly.xlsx
1981-12-01,crude_oil_brent,36.7,usd_per_bbl,"World Bank Commodity Markets (Pink Sheet), Monthly Prices",https://thedocs.worldbank.org/en/doc/74e8be41ceb20fa0da750cda2f6b9e4e-0050012026/related/CMO-Historical-Data-Monthly.xlsx
1982-01-01,crude_oil_brent,35.8,usd_per_bbl,"World Bank Commodity Markets (Pink Sheet), Monthly Prices",https://thedocs.worldbank.org/en/doc/74e8be41ceb20fa0da750cda2f6b9e4e-0050012026/related/CMO-Historical-Data-Monthly.xlsx
1982-02-01,crude_oil_brent,31.6,usd_per_bbl,"World Bank Commodity Markets (Pink Sheet), Monthly Prices",https://thedocs.worldbank.org/en/doc/74e8be41ceb20fa0da750cda2f6b9e4e-0050012026/related/CMO-Historical-Data-Monthly.xlsx
1982-03-01,crude_oil_brent,29.3,usd_per_bbl,"World Bank Commodity Markets (Pink Sheet), Monthly Prices",https://thedocs.worldbank.org/en/doc/74e8be41ceb20fa0da750cda2f6b9e4e-0050012026/related/CMO-Historical-Data-Monthly.xlsx
1982-04-01,crude_oil_brent,33.1,usd_per_bbl,"World Bank Commodity Markets (Pink Sheet), Monthly Prices",https://thedocs.worldbank.org/en/doc/74e8be41ceb20fa0da750cda2f6b9e4e-0050012026/related/CMO-Historical-Data-Monthly.xlsx
1982-05-01,crude_oil_brent,35.2,usd_per_bbl,"World Bank Commodity Markets (Pink Sheet), Monthly Prices",https://thedocs.worldbank.org/en/doc/74e8be41ceb20fa0da750cda2f6b9e4e-0050012026/related/CMO-Historical-Data-Monthly.xlsx
1982-06-01,crude_oil_brent,34.6,usd_per_bbl,"World Bank Commodity Markets (Pink Sheet), Monthly Prices",https://thedocs.worldbank.org/en/doc/74e8be41ceb20fa0da750cda2f6b9e4e-0050012026/related/CMO-Historical-Data-Monthly.xlsx
1982-07-01,crude_oil_brent,33.7,usd_per_bbl,"World Bank Commodity Markets (Pink Sheet), Monthly Prices",https://thedocs.worldbank.org/en/doc/74e8be41ceb20fa0da750cda2f6b9e4e-0050012026/related/CMO-Historical-Data-Monthly.xlsx
1982-08-01,crude_oil_brent,32.8,usd_per_bbl,"World Bank Commodity Markets (Pink Sheet), Monthly Prices",https://thedocs.worldbank.org/en/doc/74e8be41ceb20fa0da750cda2f6b9e4e-0050012026/related/CMO-Historical-Data-Monthly.xlsx
1982-09-01,crude_oil_brent,34.3,usd_per_bbl,"World Bank Commodity Markets (Pink Sheet), Monthly Prices",https://thedocs.worldbank.org/en/doc/74e8be41ceb20fa0da750cda2f6b9e4e-0050012026/related/CMO-Historical-Data-Monthly.xlsx
1982-10-01,crude_oil_brent,35.0,usd_per_bbl,"World Bank Commodity Markets (Pink Sheet), Monthly Prices",https://thedocs.worldbank.org/en/doc/74e8be41ceb20fa0da750cda2f6b9e4e-0050012026/related/CMO-Historical-Data-Monthly.xlsx
1982-11-01,crude_oil_brent,33.8,usd_per_bbl,"World Bank Commodity Markets (Pink Sheet), Monthly Prices",https://thedocs.worldbank.org/en/doc/74e8be41ceb20fa0da750cda2f6b9e4e-0050012026/related/CMO-Historical-Data-Monthly.xlsx
1982-12-01,crude_oil_brent,31.8,usd_per_bbl,"World Bank Commodity Markets (Pink Sheet), Monthly Prices",https://thedocs.worldbank.org/en/doc/74e8be41ceb20fa0da750cda2f6b9e4e-0050012026/related/CMO-Historical-Data-Monthly.xlsx
1983-01-01,crude_oil_brent,30.9,usd_per_bbl,"World Bank Commodity Markets (Pink Sheet), Monthly Prices",https://thedocs.worldbank.org/en/doc/74e8be41ceb20fa0da750cda2f6b9e4e-0050012026/related/CMO-Historical-Data-Monthly.xlsx
1983-02-01,crude_oil_brent,29.1,usd_per_bbl,"World Bank Commodity Markets (Pink Sheet), Monthly Prices",https://thedocs.worldbank.org/en/doc/74e8be41ceb20fa0da750cda2f6b9e4e-0050012026/related/CMO-Historical-Data-Monthly.xlsx
1983-03-01,crude_oil_brent,28.2,usd_per_bbl,"World Bank Commodity Markets (Pink Sheet), Monthly Prices",https://thedocs.worldbank.org/en/doc/74e8be41ceb20fa0da750cda2f6b9e4e-0050012026/related/CMO-Historical-Data-Monthly.xlsx
1983-04-01,crude_oil_brent,29.8,usd_per_bbl,"World Bank Commodity Markets (Pink Sheet), Monthly Prices",https://thedocs.worldbank.org/en/doc/74e8be41ceb20fa0da750cda2f6b9e4e-0050012026/related/CMO-Historical-Data-Monthly.xlsx
1983-05-01,crude_oil_brent,29.6,usd_per_bbl,"World Bank Commodity Markets (Pink Sheet), Monthly Prices",https://thedocs.worldbank.org/en/doc/74e8be41ceb20fa0da750cda2f6b9e4e-0050012026/related/CMO-Historical-Data-Monthly.xlsx
1983-06-01,crude_oil_brent,30.2,usd_per_bbl,"World Bank Commodity Markets (Pink Sheet), Monthly Prices",https://thedocs.worldbank.org/en/doc/74e8be41ceb20fa0da750cda2f6b9e4e-0050012026/related/CMO-Historical-Data-Monthly.xlsx
1983-07-01,crude_oil_brent,30.8,usd_per_bbl,"World Bank Commodity Markets (Pink Sheet), Monthly Prices",https://thedocs.worldbank.org/en/doc/74e8be41ceb20fa0da750cda2f6b9e4e-0050012026/related/CMO-Historical-Data-Monthly.xlsx
1983-08-01,crude_oil_brent,31.1,usd_per_bbl,"World Bank Commodity Markets (Pink Sheet), Monthly Prices",https://thedocs.worldbank.org/en/doc/74e8be41ceb20fa0da750cda2f6b9e4e-0050012026/related/CMO-Historical-Data-Monthly.xlsx
1983-09-01,crude_oil_brent,30.4,usd_per_bbl,"World Bank Commodity Markets (Pink Sheet), Monthly Prices",https://thedocs.worldbank.org/en/doc/74e8be41ceb20fa0da750cda2f6b9e4e-0050012026/related/CMO-Historical-Data-Monthly.xlsx
1983-10-01,crude_oil_brent,29.9,usd_per_bbl,"World Bank Commodity Markets (Pink Sheet), Monthly Prices",https://thedocs.worldbank.org/en/doc/74e8be41ceb20fa0da750cda2f6b9e4e-0050012026/related/CMO-Historical-Data-Monthly.xlsx
1983-11-01,crude_oil_brent,29.2,usd_per_bbl,"World Bank Commodity Markets (Pink Sheet), Monthly Prices",https://thedocs.worldbank.org/en/doc/74e8be41ceb20fa0da750cda2f6b9e4e-0050012026/related/CMO-Historical-Data-Monthly.xlsx
1983-12-01,crude_oil_brent,29.0,usd_per_bbl,"World Bank Commodity Markets (Pink Sheet), Monthly Prices",https://thedocs.worldbank.org/en/doc/74e8be41ceb20fa0da750cda2f6b9e4e-0050012026/related/CMO-Historical-Data-Monthly.xlsx
1984-01-01,crude_oil_brent,29.6,usd_per_bbl,"World Bank Commodity Markets (Pink Sheet), Monthly Prices",https://thedocs.worldbank.org/en/doc/74e8be41ceb20fa0da750cda2f6b9e4e-0050012026/related/CMO-Historical-Data-Monthly.xlsx
1984-02-01,crude_oil_brent,29.9,usd_per_bbl,"World Bank Commodity Markets (Pink Sheet), Monthly Prices",https://thedocs.worldbank.org/en/doc/74e8be41ceb20fa0da750cda2f6b9e4e-0050012026/related/CMO-Historical-Data-Monthly.xlsx
1984-03-01,crude_oil_brent,30.1,usd_per_bbl,"World Bank Commodity Markets (Pink Sheet), Monthly Prices",https://thedocs.worldbank.org/en/doc/74e8be41ceb20fa0da750cda2f6b9e4e-0050012026/related/CMO-Historical-Data-Monthly.xlsx
1984-04-01,crude_oil_brent,30.1,usd_per_bbl,"World Bank Commodity Markets (Pink Sheet), Monthly Prices",https://thedocs.worldbank.org/en/doc/74e8be41ceb20fa0da750cda2f6b9e4e-0050012026/related/CMO-Historical-Data-Monthly.xlsx
1984-05-01,crude_oil_brent,29.9,usd_per_bbl,"World Bank Commodity Markets (Pink Sheet), Monthly Prices",https://thedocs.worldbank.org/en/doc/74e8be41ceb20fa0da750cda2f6b9e4e-0050012026/related/CMO-Historical-Data-Monthly.xlsx
1984-06-01,crude_oil_brent,29.2,usd_per_bbl,"World Bank Commodity Markets (Pink Sheet), Monthly Prices",https://thedocs.worldbank.org/en/doc/74e8be41ceb20fa0da750cda2f6b9e4e-0050012026/related/CMO-Historical-Data-Monthly.xlsx
1984-07-01,crude_oil_brent,27.9,usd_per_bbl,"World Bank Commodity Markets (Pink Sheet), Monthly Prices",https://thedocs.worldbank.org/en/doc/74e8be41ceb20fa0da750cda2f6b9e4e-0050012026/related/CMO-Historical-Data-Monthly.xlsx
1984-08-01,crude_oil_brent,28.1,usd_per_bbl,"World Bank Commodity Markets (Pink Sheet), Monthly Prices",https://thedocs.worldbank.org/en/doc/74e8be41ceb20fa0da750cda2f6b9e4e-0050012026/related/CMO-Historical-Data-Monthly.xlsx
1984-09-01,crude_oil_brent,28.4,usd_per_bbl,"World Bank Commodity Markets (Pink Sheet), Monthly Prices",https://thedocs.worldbank.org/en/doc/74e8be41ceb20fa0da750cda2f6b9e4e-0050012026/related/CMO-Historical-Data-Monthly.xlsx
1984-10-01,crude_oil_brent,27.8,usd_per_bbl,"World Bank Commodity Markets (Pink Sheet), Monthly Prices",https://thedocs.worldbank.org/en/doc/74e8be41ceb20fa0da750cda2f6b9e4e-0050012026/related/CMO-Historical-Data-Monthly.xlsx
1984-11-01,crude_oil_brent,27.7,usd_per_bbl,"World Bank Commodity Markets (Pink Sheet), Monthly Prices",https://thedocs.worldbank.org/en/doc/74e8be41ceb20fa0da750cda2f6b9e4e-0050012026/related/CMO-Historical-Data-Monthly.xlsx
1984-12-01,crude_oil_brent,27.0,usd_per_bbl,"World Bank Commodity Markets (Pink Sheet), Monthly Prices",https://thedocs.worldbank.org/en/doc/74e8be41ceb20fa0da750cda2f6b9e4e-0050012026/related/CMO-Historical-Data-Monthly.xlsx
1985-01-01,crude_oil_brent,27.0,usd_per_bbl,"World Bank Commodity Markets (Pink Sheet), Monthly Prices",https://thedocs.worldbank.org/en/doc/74e8be41ceb20fa0da750cda2f6b9e4e-0050012026/related/CMO-Historical-Data-Monthly.xlsx
1985-02-01,crude_oil_brent,28.2,usd_per_bbl,"World Bank Commodity Markets (Pink Sheet), Monthly Prices",https://thedocs.worldbank.org/en/doc/74e8be41ceb20fa0da750cda2f6b9e4e-0050012026/related/CMO-Historical-Data-Monthly.xlsx
1985-03-01,crude_oil_brent,28.1,usd_per_bbl,"World Bank Commodity Markets (Pink Sheet), Monthly Prices",https://thedocs.worldbank.org/en/doc/74e8be41ceb20fa0da750cda2f6b9e4e-0050012026/related/CMO-Historical-Data-Monthly.xlsx
1985-04-01,crude_oil_brent,27.9,usd_per_bbl,"World Bank Commodity Markets (Pink Sheet), Monthly Prices",https://thedocs.worldbank.org/en/doc/74e8be41ceb20fa0da750cda2f6b9e4e-0050012026/related/CMO-Historical-Data-Monthly.xlsx
1985-05-01,crude_oil_brent,26.7,usd_per_bbl,"World Bank Commodity Markets (Pink Sheet), Monthly Prices",https://thedocs.worldbank.org/en/doc/74e8be41ceb20fa0da750cda2f6b9e4e-0050012026/related/CMO-Historical-Data-Monthly.xlsx
1985-06-01,crude_oil_brent,26.5,usd_per_bbl,"World Bank Commodity Markets (Pink Sheet), Monthly Prices",https://thedocs.worldbank.org/en/doc/74e8be41ceb20fa0da750cda2f6b9e4e-0050012026/related/CMO-Historical-Data-Monthly.xlsx
1985-07-01,crude_oil_brent,26.6,usd_per_bbl,"World Bank Commodity Markets (Pink Sheet), Monthly Prices",https://thedocs.worldbank.org/en/doc/74e8be41ceb20fa0da750cda2f6b9e4e-0050012026/related/CMO-Historical-Data-Monthly.xlsx
1985-08-01,crude_oil_brent,27.2,usd_per_bbl,"World Bank Commodity Markets (Pink Sheet), Monthly Prices",https://thedocs.worldbank.org/en/doc/74e8be41ceb20fa0da750cda2f6b9e4e-0050012026/related/CMO-Historical-Data-Monthly.xlsx
1985-09-01,crude_oil_brent,27.2,usd_per_bbl,"World Bank Commodity Markets (Pink Sheet), Monthly Prices",https://thedocs.worldbank.org/en/doc/74e8be41ceb20fa0da750cda2f6b9e4e-0050012026/related/CMO-Historical-Data-Monthly.xlsx
1985-10-01,crude_oil_brent,27.9,usd_per_bbl,"World Bank Commodity Markets (Pink Sheet), Monthly Prices",https://thedocs.worldbank.org/en/doc/74e8be41ceb20fa0da750cda2f6b9e4e-0050012026/related/CMO-Historical-Data-Monthly.xlsx
1985-11-01,crude_oil_brent,29.1,usd_per_bbl,"World Bank Commodity Markets (Pink Sheet), Monthly Prices",https://thedocs.worldbank.org/en/doc/74e8be41ceb20fa0da750cda2f6b9e4e-0050012026/related/CMO-Historical-Data-Monthly.xlsx
1985-12-01,crude_oil_brent,25.9,usd_per_bbl,"World Bank Commodity Markets (Pink Sheet), Monthly Prices",https://thedocs.worldbank.org/en/doc/74e8be41ceb20fa0da750cda2f6b9e4e-0050012026/related/CMO-Historical-Data-Monthly.xlsx
1986-01-01,crude_oil_brent,25.8,usd_per_bbl,"World Bank Commodity Markets (Pink Sheet), Monthly Prices",https://thedocs.worldbank.org/en/doc/74e8be41ceb20fa0da750cda2f6b9e4e-0050012026/related/CMO-Historical-Data-Monthly.xlsx
1986-02-01,crude_oil_brent,17.6,usd_per_bbl,"World Bank Commodity Markets (Pink Sheet), Monthly Prices",https://thedocs.worldbank.org/en/doc/74e8be41ceb20fa0da750cda2f6b9e4e-0050012026/related/CMO-Historical-Data-Monthly.xlsx
1986-03-01,crude_oil_brent,13.9,usd_per_bbl,"World Bank Commodity Markets (Pink Sheet), Monthly Prices",https://thedocs.worldbank.org/en/doc/74e8be41ceb20fa0da750cda2f6b9e4e-0050012026/related/CMO-Historical-Data-Monthly.xlsx
1986-04-01,crude_oil_brent,12.5,usd_per_bbl,"World Bank Commodity Markets (Pink Sheet), Monthly Prices",https://thedocs.worldbank.org/en/doc/74e8be41ceb20fa0da750cda2f6b9e4e-0050012026/related/CMO-Historical-Data-Monthly.xlsx
1986-05-01,crude_oil_brent,14.2,usd_per_bbl,"World Bank Commodity Markets (Pink Sheet), Monthly Prices",https://thedocs.worldbank.org/en/doc/74e8be41ceb20fa0da750cda2f6b9e4e-0050012026/related/CMO-Historical-Data-Monthly.xlsx
1986-06-01,crude_oil_brent,11.9,usd_per_bbl,"World Bank Commodity Markets (Pink Sheet), Monthly Prices",https://thedocs.worldbank.org/en/doc/74e8be41ceb20fa0da750cda2f6b9e4e-0050012026/related/CMO-Historical-Data-Monthly.xlsx
1986-07-01,crude_oil_brent,9.5,usd_per_bbl,"World Bank Commodity Markets (Pink Sheet), Monthly Prices",https://thedocs.worldbank.org/en/doc/74e8be41ceb20fa0da750cda2f6b9e4e-0050012026/related/CMO-Historical-Data-Monthly.xlsx
1986-08-01,crude_oil_brent,13.7,usd_per_bbl,"World Bank Commodity Markets (Pink Sheet), Monthly Prices",https://thedocs.worldbank.org/en/doc/74e8be41ceb20fa0da750cda2f6b9e4e-0050012026/related/CMO-Historical-Data-Monthly.xlsx
1986-09-01,crude_oil_brent,14.2,usd_per_bbl,"World Bank Commodity Markets (Pink Sheet), Monthly Prices",https://thedocs.worldbank.org/en/doc/74e8be41ceb20fa0da750cda2f6b9e4e-0050012026/related/CMO-Historical-Data-Monthly.xlsx
1986-10-01,crude_oil_brent,13.8,usd_per_bbl,"World Bank Commodity Markets (Pink Sheet), Monthly Prices",https://thedocs.worldbank.org/en/doc/74e8be41ceb20fa0da750cda2f6b9e4e-0050012026/related/CMO-Historical-Data-Monthly.xlsx
1986-11-01,crude_oil_brent,14.6,usd_per_bbl,"World Bank Commodity Markets (Pink Sheet), Monthly Prices",https://thedocs.worldbank.org/en/doc/74e8be41ceb20fa0da750cda2f6b9e4e-0050012026/related/CMO-Historical-Data-Monthly.xlsx
1986-12-01,crude_oil_brent,15.9,usd_per_bbl,"World Bank Commodity Markets (Pink Sheet), Monthly Prices",https://thedocs.worldbank.org/en/doc/74e8be41ceb20fa0da750cda2f6b9e4e-0050012026/related/CMO-Historical-Data-Monthly.xlsx
1987-01-01,crude_oil_brent,18.4,usd_per_bbl,"World Bank Commodity Markets (Pink Sheet), Monthly Prices",https://thedocs.worldbank.org/en/doc/74e8be41ceb20fa0da750cda2f6b9e4e-0050012026/related/CMO-Historical-Data-Monthly.xlsx
1987-02-01,crude_oil_brent,17.3,usd_per_bbl,"World Bank Commodity Markets (Pink Sheet), Monthly Prices",https://thedocs.worldbank.org/en/doc/74e8be41ceb20fa0da750cda2f6b9e4e-0050012026/related/CMO-Historical-Data-Monthly.xlsx
1987-03-01,crude_oil_brent,17.9,usd_per_bbl,"World Bank Commodity Markets (Pink Sheet), Monthly Prices",https://thedocs.worldbank.org/en/doc/74e8be41ceb20fa0da750cda2f6b9e4e-0050012026/related/CMO-Historical-Data-Monthly.xlsx
1987-04-01,crude_oil_brent,18.1,usd_per_bbl,"World Bank Commodity Markets (Pink Sheet), Monthly Prices",https://thedocs.worldbank.org/en/doc/74e8be41ceb20fa0da750cda2f6b9e4e-0050012026/related/CMO-Historical-Data-Monthly.xlsx
1987-05-01,crude_oil_brent,18.8,usd_per_bbl,"World Bank Commodity Markets (Pink Sheet), Monthly Prices",https://thedocs.worldbank.org/en/doc/74e8be41ceb20fa0da750cda2f6b9e4e-0050012026/related/CMO-Historical-Data-Monthly.xlsx
1987-06-01,crude_oil_brent,18.9,usd_per_bbl,"World Bank Commodity Markets (Pink Sheet), Monthly Prices",https://thedocs.worldbank.org/en/doc/74e8be41ceb20fa0da750cda2f6b9e4e-0050012026/related/CMO-Historical-Data-Monthly.xlsx
1987-07-01,crude_oil_brent,19.8,usd_per_bbl,"World Bank Commodity Markets (Pink Sheet), Monthly Prices",https://thedocs.worldbank.org/en/doc/74e8be41ceb20fa0da750cda2f6b9e4e-0050012026/related/CMO-Historical-Data-Monthly.xlsx
1987-08-01,crude_oil_brent,19.0,usd_per_bbl,"World Bank Commodity Markets (Pink Sheet), Monthly Prices",https://thedocs.worldbank.org/en/doc/74e8be41ceb20fa0da750cda2f6b9e4e-0050012026/related/CMO-Historical-Data-Monthly.xlsx
1987-09-01,crude_oil_brent,18.4,usd_per_bbl,"World Bank Commodity Markets (Pink Sheet), Monthly Prices",https://thedocs.worldbank.org/en/doc/74e8be41ceb20fa0da750cda2f6b9e4e-0050012026/related/CMO-Historical-Data-Monthly.xlsx
1987-10-01,crude_oil_brent,18.8,usd_per_bbl,"World Bank Commodity Markets (Pink Sheet), Monthly Prices",https://thedocs.worldbank.org/en/doc/74e8be41ceb20fa0da750cda2f6b9e4e-0050012026/related/CMO-Historical-Data-Monthly.xlsx
1987-11-01,crude_oil_brent,17.8,usd_per_bbl,"World Bank Commodity Markets (Pink Sheet), Monthly Prices",https://thedocs.worldbank.org/en/doc/74e8be41ceb20fa0da750cda2f6b9e4e-0050012026/related/CMO-Historical-Data-Monthly.xlsx
1987-12-01,crude_oil_brent,17.1,usd_per_bbl,"World Bank Commodity Markets (Pink Sheet), Monthly Prices",https://thedocs.worldbank.org/en/doc/74e8be41ceb20fa0da750cda2f6b9e4e-0050012026/related/CMO-Historical-Data-Monthly.xlsx
1988-01-01,crude_oil_brent,16.9,usd_per_bbl,"World Bank Commodity Markets (Pink Sheet), Monthly Prices",https://thedocs.worldbank.org/en/doc/74e8be41ceb20fa0da750cda2f6b9e4e-0050012026/related/CMO-Historical-Data-Monthly.xlsx
1988-02-01,crude_oil_brent,15.8,usd_per_bbl,"World Bank Commodity Markets (Pink Sheet), Monthly Prices",https://thedocs.worldbank.org/en/doc/74e8be41ceb20fa0da750cda2f6b9e4e-0050012026/related/CMO-Historical-Data-Monthly.xlsx
1988-03-01,crude_oil_brent,14.8,usd_per_bbl,"World Bank Commodity Markets (Pink Sheet), Monthly Prices",https://thedocs.worldbank.org/en/doc/74e8be41ceb20fa0da750cda2f6b9e4e-0050012026/related/CMO-Historical-Data-Monthly.xlsx
1988-04-01,crude_oil_brent,16.6,usd_per_bbl,"World Bank Commodity Markets (Pink Sheet), Monthly Prices",https://thedocs.worldbank.org/en/doc/74e8be41ceb20fa0da750cda2f6b9e4e-0050012026/related/CMO-Historical-Data-Monthly.xlsx
1988-05-01,crude_oil_brent,16.4,usd_per_bbl,"World Bank Commodity Markets (Pink Sheet), Monthly Prices",https://thedocs.worldbank.org/en/doc/74e8be41ceb20fa0da750cda2f6b9e4e-0050012026/related/CMO-Historical-Data-Monthly.xlsx
1988-06-01,crude_oil_brent,15.6,usd_per_bbl,"World Bank Commodity Markets (Pink Sheet), Monthly Prices",https://thedocs.worldbank.org/en/doc/74e8be41ceb20fa0da750cda2f6b9e4e-0050012026/related/CMO-Historical-Data-Monthly.xlsx
1988-07-01,crude_oil_brent,14.9,usd_per_bbl,"World Bank Commodity Markets (Pink Sheet), Monthly Prices",https://thedocs.worldbank.org/en/doc/74e8be41ceb20fa0da750cda2f6b9e4e-0050012026/related/CMO-Historical-Data-Monthly.xlsx
1988-08-01,crude_oil_brent,15.0,usd_per_bbl,"World Bank Commodity Markets (Pink Sheet), Monthly Prices",https://thedocs.worldbank.org/en/doc/74e8be41ceb20fa0da750cda2f6b9e4e-0050012026/related/CMO-Historical-Data-Monthly.xlsx
1988-09-01,crude_oil_brent,13.3,usd_per_bbl,"World Bank Commodity Markets (Pink Sheet), Monthly Prices",https://thedocs.worldbank.org/en/doc/74e8be41ceb20fa0da750cda2f6b9e4e-0050012026/related/CMO-Historical-Data-Monthly.xlsx
1988-10-01,crude_oil_brent,12.5,usd_per_bbl,"World Bank Commodity Markets (Pink Sheet), Monthly Prices",https://thedocs.worldbank.org/en/doc/74e8be41ceb20fa0da750cda2f6b9e4e-0050012026/related/CMO-Historical-Data-Monthly.xlsx
1988-11-01,crude_oil_brent,13.0,usd_per_bbl,"World Bank Commodity Markets (Pink Sheet), Monthly Prices",https://thedocs.worldbank.org/en/doc/74e8be41ceb20fa0da750cda2f6b9e4e-0050012026/related/CMO-Historical-Data-Monthly.xlsx
1988-12-01,crude_oil_brent,15.2,usd_per_bbl,"World Bank Commodity Markets (Pink Sheet), Monthly Prices",https://thedocs.worldbank.org/en/doc/74e8be41ceb20fa0da750cda2f6b9e4e-0050012026/related/CMO-Historical-Data-Monthly.xlsx
1989-01-01,crude_oil_brent,17.0,usd_per_bbl,"World Bank Commodity Markets (Pink Sheet), Monthly Prices",https://thedocs.worldbank.org/en/doc/74e8be41ceb20fa0da750cda2f6b9e4e-0050012026/related/CMO-Historical-Data-Monthly.xlsx
1989-02-01,crude_oil_brent,16.7,usd_per_bbl,"World Bank Commodity Markets (Pink Sheet), Monthly Prices",https://thedocs.worldbank.org/en/doc/74e8be41ceb20fa0da750cda2f6b9e4e-0050012026/related/CMO-Historical-Data-Monthly.xlsx
1989-03-01,crude_oil_brent,18.7,usd_per_bbl,"World Bank Commodity Markets (Pink Sheet), Monthly Prices",https://thedocs.worldbank.org/en/doc/74e8be41ceb20fa0da750cda2f6b9e4e-0050012026/related/CMO-Historical-Data-Monthly.xlsx
1989-04-01,crude_oil_brent,19.8,usd_per_bbl,"World Bank Commodity Markets (Pink Sheet), Monthly Prices",https://thedocs.worldbank.org/en/doc/74e8be41ceb20fa0da750cda2f6b9e4e-0050012026/related/CMO-Historical-Data-Monthly.xlsx
1989-05-01,crude_oil_brent,18.4,usd_per_bbl,"World Bank Commodity Markets (Pink Sheet), Monthly Prices",https://thedocs.worldbank.org/en/doc/74e8be41ceb20fa0da750cda2f6b9e4e-0050012026/related/CMO-Historical-Data-Monthly.xlsx
1989-06-01,crude_oil_brent,17.5,usd_per_bbl,"World Bank Commodity Markets (Pink Sheet), Monthly Prices",https://thedocs.worldbank.org/en/doc/74e8be41ceb20fa0da750cda2f6b9e4e-0050012026/related/CMO-Historical-Data-Monthly.xlsx
1989-07-01,crude_oil_brent,17.8,usd_per_bbl,"World Bank Commodity Markets (Pink Sheet), Monthly Prices",https://thedocs.worldbank.org/en/doc/74e8be41ceb20fa0da750cda2f6b9e4e-0050012026/related/CMO-Historical-Data-Monthly.xlsx
1989-08-01,crude_oil_brent,17.1,usd_per_bbl,"World Bank Commodity Markets (Pink Sheet), Monthly Prices",https://thedocs.worldbank.org/en/doc/74e8be41ceb20fa0da750cda2f6b9e4e-0050012026/related/CMO-Historical-Data-Monthly.xlsx
1989-09-01,crude_oil_brent,17.8,usd_per_bbl,"World Bank Commodity Markets (Pink Sheet), Monthly Prices",https://thedocs.worldbank.org/en/doc/74e8be41ceb20fa0da750cda2f6b9e4e-0050012026/related/CMO-Historical-Data-Monthly.xlsx
1989-10-01,crude_oil_brent,19.0,usd_per_bbl,"World Bank Commodity Markets (Pink Sheet), Monthly Prices",https://thedocs.worldbank.org/en/doc/74e8be41ceb20fa0da750cda2f6b9e4e-0050012026/related/CMO-Historical-Data-Monthly.xlsx
1989-11-01,crude_oil_brent,19.2,usd_per_bbl,"World Bank Commodity Markets (Pink Sheet), Monthly Prices",https://thedocs.worldbank.org/en/doc/74e8be41ceb20fa0da750cda2f6b9e4e-0050012026/related/CMO-Historical-Data-Monthly.xlsx
1989-12-01,crude_oil_brent,19.9,usd_per_bbl,"World Bank Commodity Markets (Pink Sheet), Monthly Prices",https://thedocs.worldbank.org/en/doc/74e8be41ceb20fa0da750cda2f6b9e4e-0050012026/related/CMO-Historical-Data-Monthly.xlsx
1990-01-01,crude_oil_brent,21.0,usd_per_bbl,"World Bank Commodity Markets (Pink Sheet), Monthly Prices",https://thedocs.worldbank.org/en/doc/74e8be41ceb20fa0da750cda2f6b9e4e-0050012026/related/CMO-Historical-Data-Monthly.xlsx
1990-02-01,crude_oil_brent,19.9,usd_per_bbl,"World Bank Commodity Markets (Pink Sheet), Monthly Prices",https://thedocs.worldbank.org/en/doc/74e8be41ceb20fa0da750cda2f6b9e4e-0050012026/related/CMO-Historical-Data-Monthly.xlsx
1990-03-01,crude_oil_brent,18.5,usd_per_bbl,"World Bank Commodity Markets (Pink Sheet), Monthly Prices",https://thedocs.worldbank.org/en/doc/74e8be41ceb20fa0da750cda2f6b9e4e-0050012026/related/CMO-Historical-Data-Monthly.xlsx
1990-04-01,crude_oil_brent,16.8,usd_per_bbl,"World Bank Commodity Markets (Pink Sheet), Monthly Prices",https://thedocs.worldbank.org/en/doc/74e8be41ceb20fa0da750cda2f6b9e4e-0050012026/related/CMO-Historical-Data-Monthly.xlsx
1990-05-01,crude_oil_brent,16.7,usd_per_bbl,"World Bank Commodity Markets (Pink Sheet), Monthly Prices",https://thedocs.worldbank.org/en/doc/74e8be41ceb20fa0da750cda2f6b9e4e-0050012026/related/CMO-Historical-Data-Monthly.xlsx
1990-06-01,crude_oil_brent,15.7,usd_per_bbl,"World Bank Commodity Markets (Pink Sheet), Monthly Prices",https://thedocs.worldbank.org/en/doc/74e8be41ceb20fa0da750cda2f6b9e4e-0050012026/related/CMO-Historical-Data-Monthly.xlsx
1990-07-01,crude_oil_brent,17.6,usd_per_bbl,"World Bank Commodity Markets (Pink Sheet), Monthly Prices",https://thedocs.worldbank.org/en/doc/74e8be41ceb20fa0da750cda2f6b9e4e-0050012026/related/CMO-Historical-Data-Monthly.xlsx
1990-08-01,crude_oil_brent,27.1,usd_per_bbl,"World Bank Commodity Markets (Pink Sheet), Monthly Prices",https://thedocs.worldbank.org/en/doc/74e8be41ceb20fa0da750cda2f6b9e4e-0050012026/related/CMO-Historical-Data-Monthly.xlsx
1990-09-01,crude_oil_brent,34.1,usd_per_bbl,"World Bank Commodity Markets (Pink Sheet), Monthly Prices",https://thedocs.worldbank.org/en/doc/74e8be41ceb20fa0da750cda2f6b9e4e-0050012026/related/CMO-Historical-Data-Monthly.xlsx
1990-10-01,crude_oil_brent,36.1,usd_per_bbl,"World Bank Commodity Markets (Pink Sheet), Monthly Prices",https://thedocs.worldbank.org/en/doc/74e8be41ceb20fa0da750cda2f6b9e4e-0050012026/related/CMO-Historical-Data-Monthly.xlsx
1990-11-01,crude_oil_brent,33.0,usd_per_bbl,"World Bank Commodity Markets (Pink Sheet), Monthly Prices",https://thedocs.worldbank.org/en/doc/74e8be41ceb20fa0da750cda2f6b9e4e-0050012026/related/CMO-Historical-Data-Monthly.xlsx
1990-12-01,crude_oil_brent,28.0,usd_per_bbl,"World Bank Commodity Markets (Pink Sheet), Monthly Prices",https://thedocs.worldbank.org/en/doc/74e8be41ceb20fa0da750cda2f6b9e4e-0050012026/related/CMO-Historical-Data-Monthly.xlsx
1991-01-01,crude_oil_brent,23.7,usd_per_bbl,"World Bank Commodity Markets (Pink Sheet), Monthly Prices",https://thedocs.worldbank.org/en/doc/74e8be41ceb20fa0da750cda2f6b9e4e-0050012026/related/CMO-Historical-Data-Monthly.xlsx
1991-02-01,crude_oil_brent,19.4,usd_per_bbl,"World Bank Commodity Markets (Pink Sheet), Monthly Prices",https://thedocs.worldbank.org/en/doc/74e8be41ceb20fa0da750cda2f6b9e4e-0050012026/related/CMO-Historical-Data-Monthly.xlsx
1991-03-01,crude_oil_brent,19.5,usd_per_bbl,"World Bank Commodity Markets (Pink Sheet), Monthly Prices",https://thedocs.worldbank.org/en/doc/74e8be41ceb20fa0da750cda2f6b9e4e-0050012026/related/CMO-Historical-Data-Monthly.xlsx
1991-04-01,crude_oil_brent,19.3,usd_per_bbl,"World Bank Commodity Markets (Pink Sheet), Monthly Prices",https://thedocs.worldbank.org/en/doc/74e8be41ceb20fa0da750cda2f6b9e4e-0050012026/related/CMO-Historical-Data-Monthly.xlsx
1991-05-01,crude_oil_brent,19.3,usd_per_bbl,"World Bank Commodity Markets (Pink Sheet), Monthly Prices",https://thedocs.worldbank.org/en/doc/74e8be41ceb20fa0da750cda2f6b9e4e-0050012026/related/CMO-Historical-Data-Monthly.xlsx
1991-06-01,crude_oil_brent,18.2,usd_per_bbl,"World Bank Commodity Markets (Pink Sheet), Monthly Prices",https://thedocs.worldbank.org/en/doc/74e8be41ceb20fa0da750cda2f6b9e4e-0050012026/related/CMO-Historical-Data-Monthly.xlsx
1991-07-01,crude_oil_brent,19.5,usd_per_bbl,"World Bank Commodity Markets (Pink Sheet), Monthly Prices",https://thedocs.worldbank.org/en/doc/74e8be41ceb20fa0da750cda2f6b9e4e-0050012026/related/CMO-Historical-Data-Monthly.xlsx
1991-08-01,crude_oil_brent,19.8,usd_per_bbl,"World Bank Commodity Markets (Pink Sheet), Monthly Prices",https://thedocs.worldbank.org/en/doc/74e8be41ceb20fa0da750cda2f6b9e4e-0050012026/related/CMO-Historical-Data-Monthly.xlsx
1991-09-01,crude_oil_brent,20.5,usd_per_bbl,"World Bank Commodity Markets (Pink Sheet), Monthly Prices",https://thedocs.worldbank.org/en/doc/74e8be41ceb20fa0da750cda2f6b9e4e-0050012026/related/CMO-Historical-Data-Monthly.xlsx
1991-10-01,crude_oil_brent,22.2,usd_per_bbl,"World Bank Commodity Markets (Pink Sheet), Monthly Prices",https://thedocs.worldbank.org/en/doc/74e8be41ceb20fa0da750cda2f6b9e4e-0050012026/related/CMO-Historical-Data-Monthly.xlsx
1991-11-01,crude_oil_brent,21.3,usd_per_bbl,"World Bank Commodity Markets (Pink Sheet), Monthly Prices",https://thedocs.worldbank.org/en/doc/74e8be41ceb20fa0da750cda2f6b9e4e-0050012026/related/CMO-Historical-Data-Monthly.xlsx
1991-12-01,crude_oil_brent,18.4,usd_per_bbl,"World Bank Commodity Markets (Pink Sheet), Monthly Prices",https://thedocs.worldbank.org/en/doc/74e8be41ceb20fa0da750cda2f6b9e4e-0050012026/related/CMO-Historical-Data-Monthly.xlsx
1992-01-01,crude_oil_brent,18.2,usd_per_bbl,"World Bank Commodity Markets (Pink Sheet), Monthly Prices",https://thedocs.worldbank.org/en/doc/74e8be41ceb20fa0da750cda2f6b9e4e-0050012026/related/CMO-Historical-Data-Monthly.xlsx
1992-02-01,crude_oil_brent,18.1,usd_per_bbl,"World Bank Commodity Markets (Pink Sheet), Monthly Prices",https://thedocs.worldbank.org/en/doc/74e8be41ceb20fa0da750cda2f6b9e4e-0050012026/related/CMO-Historical-Data-Monthly.xlsx
1992-03-01,crude_oil_brent,17.6,usd_per_bbl,"World Bank Commodity Markets (Pink Sheet), Monthly Prices",https://thedocs.worldbank.org/en/doc/74e8be41ceb20fa0da750cda2f6b9e4e-0050012026/related/CMO-Historical-Data-Monthly.xlsx
1992-04-01,crude_oil_brent,19.0,usd_per_bbl,"World Bank Commodity Markets (Pink Sheet), Monthly Prices",https://thedocs.worldbank.org/en/doc/74e8be41ceb20fa0da750cda2f6b9e4e-0050012026/related/CMO-Historical-Data-Monthly.xlsx
1992-05-01,crude_oil_brent,19.9,usd_per_bbl,"World Bank Commodity Markets (Pink Sheet), Monthly Prices",https://thedocs.worldbank.org/en/doc/74e8be41ceb20fa0da750cda2f6b9e4e-0050012026/related/CMO-Historical-Data-Monthly.xlsx
1992-06-01,crude_oil_brent,21.2,usd_per_bbl,"World Bank Commodity Markets (Pink Sheet), Monthly Prices",https://thedocs.worldbank.org/en/doc/74e8be41ceb20fa0da750cda2f6b9e4e-0050012026/related/CMO-Historical-Data-Monthly.xlsx
1992-07-01,crude_oil_brent,20.3,usd_per_bbl,"World Bank Commodity Markets (Pink Sheet), Monthly Prices",https://thedocs.worldbank.org/en/doc/74e8be41ceb20fa0da750cda2f6b9e4e-0050012026/related/CMO-Historical-Data-Monthly.xlsx
1992-08-01,crude_oil_brent,19.8,usd_per_bbl,"World Bank Commodity Markets (Pink Sheet), Monthly Prices",https://thedocs.worldbank.org/en/doc/74e8be41ceb20fa0da750cda2f6b9e4e-0050012026/related/CMO-Historical-Data-Monthly.xlsx
1992-09-01,crude_oil_brent,20.3,usd_per_bbl,"World Bank Commodity Markets (Pink Sheet), Monthly Prices",https://thedocs.worldbank.org/en/doc/74e8be41ceb20fa0da750cda2f6b9e4e-0050012026/related/CMO-Historical-Data-Monthly.xlsx
1992-10-01,crude_oil_brent,20.3,usd_per_bbl,"World Bank Commodity Markets (Pink Sheet), Monthly Prices",https://thedocs.worldbank.org/en/doc/74e8be41ceb20fa0da750cda2f6b9e4e-0050012026/related/CMO-Historical-Data-Monthly.xlsx
1992-11-01,crude_oil_brent,19.2,usd_per_bbl,"World Bank Commodity Markets (Pink Sheet), Monthly Prices",https://thedocs.worldbank.org/en/doc/74e8be41ceb20fa0da750cda2f6b9e4e-0050012026/related/CMO-Historical-Data-Monthly.xlsx
1992-12-01,crude_oil_brent,18.2,usd_per_bbl,"World Bank Commodity Markets (Pink Sheet), Monthly Prices",https://thedocs.worldbank.org/en/doc/74e8be41ceb20fa0da750cda2f6b9e4e-0050012026/related/CMO-Historical-Data-Monthly.xlsx
1993-01-01,crude_oil_brent,17.4,usd_per_bbl,"World Bank Commodity Markets (Pink Sheet), Monthly Prices",https://thedocs.worldbank.org/en/doc/74e8be41ceb20fa0da750cda2f6b9e4e-0050012026/related/CMO-Historical-Data-Monthly.xlsx
1993-02-01,crude_oil_brent,18.5,usd_per_bbl,"World Bank Commodity Markets (Pink Sheet), Monthly Prices",https://thedocs.worldbank.org/en/doc/74e8be41ceb20fa0da750cda2f6b9e4e-0050012026/related/CMO-Historical-Data-Monthly.xlsx
1993-03-01,crude_oil_brent,18.8,usd_per_bbl,"World Bank Commodity Markets (Pink Sheet), Monthly Prices",https://thedocs.worldbank.org/en/doc/74e8be41ceb20fa0da750cda2f6b9e4e-0050012026/related/CMO-Historical-Data-Monthly.xlsx
1993-04-01,crude_oil_brent,18.7,usd_per_bbl,"World Bank Commodity Markets (Pink Sheet), Monthly Prices",https://thedocs.worldbank.org/en/doc/74e8be41ceb20fa0da750cda2f6b9e4e-0050012026/related/CMO-Historical-Data-Monthly.xlsx
1993-05-01,crude_oil_brent,18.5,usd_per_bbl,"World Bank Commodity Markets (Pink Sheet), Monthly Prices",https://thedocs.worldbank.org/en/doc/74e8be41ceb20fa0da750cda2f6b9e4e-0050012026/related/CMO-Historical-Data-Monthly.xlsx
1993-06-01,crude_oil_brent,17.7,usd_per_bbl,"World Bank Commodity Markets (Pink Sheet), Monthly Prices",https://thedocs.worldbank.org/en/doc/74e8be41ceb20fa0da750cda2f6b9e4e-0050012026/related/CMO-Historical-Data-Monthly.xlsx
1993-07-01,crude_oil_brent,16.8,usd_per_bbl,"World Bank Commodity Markets (Pink Sheet), Monthly Prices",https://thedocs.worldbank.org/en/doc/74e8be41ceb20fa0da750cda2f6b9e4e-0050012026/related/CMO-Historical-Data-Monthly.xlsx
1993-08-01,crude_oil_brent,16.7,usd_per_bbl,"World Bank Commodity Markets (Pink Sheet), Monthly Prices",https://thedocs.worldbank.org/en/doc/74e8be41ceb20fa0da750cda2f6b9e4e-0050012026/related/CMO-Historical-Data-Monthly.xlsx
1993-09-01,crude_oil_brent,16.0,usd_per_bbl,"World Bank Commodity Markets (Pink Sheet), Monthly Prices",https://thedocs.worldbank.org/en/doc/74e8be41ceb20fa0da750cda2f6b9e4e-0050012026/related/CMO-Historical-Data-Monthly.xlsx
1993-10-01,crude_oil_brent,16.6,usd_per_bbl,"World Bank Commodity Markets (Pink Sheet), Monthly Prices",https://thedocs.worldbank.org/en/doc/74e8be41ceb20fa0da750cda2f6b9e4e-0050012026/related/CMO-Historical-Data-Monthly.xlsx
1993-11-01,crude_oil_brent,15.2,usd_per_bbl,"World Bank Commodity Markets (Pink Sheet), Monthly Prices",https://thedocs.worldbank.org/en/doc/74e8be41ceb20fa0da750cda2f6b9e4e-0050012026/related/CMO-Historical-Data-Monthly.xlsx
1993-12-01,crude_oil_brent,13.6,usd_per_bbl,"World Bank Commodity Markets (Pink Sheet), Monthly Prices",https://thedocs.worldbank.org/en/doc/74e8be41ceb20fa0da750cda2f6b9e4e-0050012026/related/CMO-Historical-Data-Monthly.xlsx
1994-01-01,crude_oil_brent,14.3,usd_per_bbl,"World Bank Commodity Markets (Pink Sheet), Monthly Prices",https://thedocs.worldbank.org/en/doc/74e8be41ceb20fa0da750cda2f6b9e4e-0050012026/related/CMO-Historical-Data-Monthly.xlsx
1994-02-01,crude_oil_brent,13.8,usd_per_bbl,"World Bank Commodity Markets (Pink Sheet), Monthly Prices",https://thedocs.worldbank.org/en/doc/74e8be41ceb20fa0da750cda2f6b9e4e-0050012026/related/CMO-Historical-Data-Monthly.xlsx
1994-03-01,crude_oil_brent,14.0,usd_per_bbl,"World Bank Commodity Markets (Pink Sheet), Monthly Prices",https://thedocs.worldbank.org/en/doc/74e8be41ceb20fa0da750cda2f6b9e4e-0050012026/related/CMO-Historical-Data-Monthly.xlsx
1994-04-01,crude_oil_brent,15.2,usd_per_bbl,"World Bank Commodity Markets (Pink Sheet), Monthly Prices",https://thedocs.worldbank.org/en/doc/74e8be41ceb20fa0da750cda2f6b9e4e-0050012026/related/CMO-Historical-Data-Monthly.xlsx
1994-05-01,crude_oil_brent,16.2,usd_per_bbl,"World Bank Commodity Markets (Pink Sheet), Monthly Prices",https://thedocs.worldbank.org/en/doc/74e8be41ceb20fa0da750cda2f6b9e4e-0050012026/related/CMO-Historical-Data-Monthly.xlsx
1994-06-01,crude_oil_brent,16.8,usd_per_bbl,"World Bank Commodity Markets (Pink Sheet), Monthly Prices",https://thedocs.worldbank.org/en/doc/74e8be41ceb20fa0da750cda2f6b9e4e-0050012026/related/CMO-Historical-Data-Monthly.xlsx
1994-07-01,crude_oil_brent,17.6,usd_per_bbl,"World Bank Commodity Markets (Pink Sheet), Monthly Prices",https://thedocs.worldbank.org/en/doc/74e8be41ceb20fa0da750cda2f6b9e4e-0050012026/related/CMO-Historical-Data-Monthly.xlsx
1994-08-01,crude_oil_brent,16.8,usd_per_bbl,"World Bank Commodity Markets (Pink Sheet), Monthly Prices",https://thedocs.worldbank.org/en/doc/74e8be41ceb20fa0da750cda2f6b9e4e-0050012026/related/CMO-Historical-Data-Monthly.xlsx
1994-09-01,crude_oil_brent,15.9,usd_per_bbl,"World Bank Commodity Markets (Pink Sheet), Monthly Prices",https://thedocs.worldbank.org/en/doc/74e8be41ceb20fa0da750cda2f6b9e4e-0050012026/related/CMO-Historical-Data-Monthly.xlsx
1994-10-01,crude_oil_brent,16.4,usd_per_bbl,"World Bank Commodity Markets (Pink Sheet), Monthly Prices",https://thedocs.worldbank.org/en/doc/74e8be41ceb20fa0da750cda2f6b9e4e-0050012026/related/CMO-Historical-Data-Monthly.xlsx
1994-11-01,crude_oil_brent,17.2,usd_per_bbl,"World Bank Commodity Markets (Pink Sheet), Monthly Prices",https://thedocs.worldbank.org/en/doc/74e8be41ceb20fa0da750cda2f6b9e4e-0050012026/related/CMO-Historical-Data-Monthly.xlsx
1994-12-01,crude_oil_brent,16.0,usd_per_bbl,"World Bank Commodity Markets (Pink Sheet), Monthly Prices",https://thedocs.worldbank.org/en/doc/74e8be41ceb20fa0da750cda2f6b9e4e-0050012026/related/CMO-Historical-Data-Monthly.xlsx
1995-01-01,crude_oil_brent,16.6,usd_per_bbl,"World Bank Commodity Markets (Pink Sheet), Monthly Prices",https://thedocs.worldbank.org/en/doc/74e8be41ceb20fa0da750cda2f6b9e4e-0050012026/related/CMO-Historical-Data-Monthly.xlsx
1995-02-01,crude_oil_brent,17.1,usd_per_bbl,"World Bank Commodity Markets (Pink Sheet), Monthly Prices",https://thedocs.worldbank.org/en/doc/74e8be41ceb20fa0da750cda2f6b9e4e-0050012026/related/CMO-Historical-Data-Monthly.xlsx
1995-03-01,crude_oil_brent,17.0,usd_per_bbl,"World Bank Commodity Markets (Pink Sheet), Monthly Prices",https://thedocs.worldbank.org/en/doc/74e8be41ceb20fa0da750cda2f6b9e4e-0050012026/related/CMO-Historical-Data-Monthly.xlsx
1995-04-01,crude_oil_brent,18.7,usd_per_bbl,"World Bank Commodity Markets (Pink Sheet), Monthly Prices",https://thedocs.worldbank.org/en/doc/74e8be41ceb20fa0da750cda2f6b9e4e-0050012026/related/CMO-Historical-Data-Monthly.xlsx
1995-05-01,crude_oil_brent,18.4,usd_per_bbl,"World Bank Commodity Markets (Pink Sheet), Monthly Prices",https://thedocs.worldbank.org/en/doc/74e8be41ceb20fa0da750cda2f6b9e4e-0050012026/related/CMO-Historical-Data-Monthly.xlsx
1995-06-01,crude_oil_brent,17.4,usd_per_bbl,"World Bank Commodity Markets (Pink Sheet), Monthly Prices",https://thedocs.worldbank.org/en/doc/74e8be41ceb20fa0da750cda2f6b9e4e-0050012026/related/CMO-Historical-Data-Monthly.xlsx
1995-07-01,crude_oil_brent,15.9,usd_per_bbl,"World Bank Commodity Markets (Pink Sheet), Monthly Prices",https://thedocs.worldbank.org/en/doc/74e8be41ceb20fa0da750cda2f6b9e4e-0050012026/related/CMO-Historical-Data-Monthly.xlsx
1995-08-01,crude_oil_brent,16.1,usd_per_bbl,"World Bank Commodity Markets (Pink Sheet), Monthly Prices",https://thedocs.worldbank.org/en/doc/74e8be41ceb20fa0da750cda2f6b9e4e-0050012026/related/CMO-Historical-Data-Monthly.xlsx
1995-09-01,crude_oil_brent,16.8,usd_per_bbl,"World Bank Commodity Markets (Pink Sheet), Monthly Prices",https://thedocs.worldbank.org/en/doc/74e8be41ceb20fa0da750cda2f6b9e4e-0050012026/related/CMO-Historical-Data-Monthly.xlsx
1995-10-01,crude_oil_brent,16.1,usd_per_bbl,"World Bank Commodity Markets (Pink Sheet), Monthly Prices",https://thedocs.worldbank.org/en/doc/74e8be41ceb20fa0da750cda2f6b9e4e-0050012026/related/CMO-Historical-Data-Monthly.xlsx
1995-11-01,crude_oil_brent,16.9,usd_per_bbl,"World Bank Commodity Markets (Pink Sheet), Monthly Prices",https://thedocs.worldbank.org/en/doc/74e8be41ceb20fa0da750cda2f6b9e4e-0050012026/related/CMO-Historical-Data-Monthly.xlsx
1995-12-01,crude_oil_brent,18.0,usd_per_bbl,"World Bank Commodity Markets (Pink Sheet), Monthly Prices",https://thedocs.worldbank.org/en/doc/74e8be41ceb20fa0da750cda2f6b9e4e-0050012026/related/CMO-Historical-Data-Monthly.xlsx
1996-01-01,crude_oil_brent,17.9,usd_per_bbl,"World Bank Commodity Markets (Pink Sheet), Monthly Prices",https://thedocs.worldbank.org/en/doc/74e8be41ceb20fa0da750cda2f6b9e4e-0050012026/related/CMO-Historical-Data-Monthly.xlsx
1996-02-01,crude_oil_brent,18.0,usd_per_bbl,"World Bank Commodity Markets (Pink Sheet), Monthly Prices",https://thedocs.worldbank.org/en/doc/74e8be41ceb20fa0da750cda2f6b9e4e-0050012026/related/CMO-Historical-Data-Monthly.xlsx
1996-03-01,crude_oil_brent,20.0,usd_per_bbl,"World Bank Commodity Markets (Pink Sheet), Monthly Prices",https://thedocs.worldbank.org/en/doc/74e8be41ceb20fa0da750cda2f6b9e4e-0050012026/related/CMO-Historical-Data-Monthly.xlsx
1996-04-01,crude_oil_brent,21.0,usd_per_bbl,"World Bank Commodity Markets (Pink Sheet), Monthly Prices",https://thedocs.worldbank.org/en/doc/74e8be41ceb20fa0da750cda2f6b9e4e-0050012026/related/CMO-Historical-Data-Monthly.xlsx
1996-05-01,crude_oil_brent,19.1,usd_per_bbl,"World Bank Commodity Markets (Pink Sheet), Monthly Prices",https://thedocs.worldbank.org/en/doc/74e8be41ceb20fa0da750cda2f6b9e4e-0050012026/related/CMO-Historical-Data-Monthly.xlsx
1996-06-01,crude_oil_brent,18.3,usd_per_bbl,"World Bank Commodity Markets (Pink Sheet), Monthly Prices",https://thedocs.worldbank.org/en/doc/74e8be41ceb20fa0da750cda2f6b9e4e-0050012026/related/CMO-Historical-Data-Monthly.xlsx
1996-07-01,crude_oil_brent,19.6,usd_per_bbl,"World Bank Commodity Markets (Pink Sheet), Monthly Prices",https://thedocs.worldbank.org/en/doc/74e8be41ceb20fa0da750cda2f6b9e4e-0050012026/related/CMO-Historical-Data-Monthly.xlsx
1996-08-01,crude_oil_brent,20.6,usd_per_bbl,"World Bank Commodity Markets (Pink Sheet), Monthly Prices",https://thedocs.worldbank.org/en/doc/74e8be41ceb20fa0da750cda2f6b9e4e-0050012026/related/CMO-Historical-Data-Monthly.xlsx
1996-09-01,crude_oil_brent,22.6,usd_per_bbl,"World Bank Commodity Markets (Pink Sheet), Monthly Prices",https://thedocs.worldbank.org/en/doc/74e8be41ceb20fa0da750cda2f6b9e4e-0050012026/related/CMO-Historical-Data-Monthly.xlsx
1996-10-01,crude_oil_brent,24.2,usd_per_bbl,"World Bank Commodity Markets (Pink Sheet), Monthly Prices",https://thedocs.worldbank.org/en/doc/74e8be41ceb20fa0da750cda2f6b9e4e-0050012026/related/CMO-Historical-Data-Monthly.xlsx
1996-11-01,crude_oil_brent,22.6,usd_per_bbl,"World Bank Commodity Markets (Pink Sheet), Monthly Prices",https://thedocs.worldbank.org/en/doc/74e8be41ceb20fa0da750cda2f6b9e4e-0050012026/related/CMO-Historical-Data-Monthly.xlsx
1996-12-01,crude_oil_brent,23.9,usd_per_bbl,"World Bank Commodity Markets (Pink Sheet), Monthly Prices",https://thedocs.worldbank.org/en/doc/74e8be41ceb20fa0da750cda2f6b9e4e-0050012026/related/CMO-Historical-Data-Monthly.xlsx
1997-01-01,crude_oil_brent,23.5,usd_per_bbl,"World Bank Commodity Markets (Pink Sheet), Monthly Prices",https://thedocs.worldbank.org/en/doc/74e8be41ceb20fa0da750cda2f6b9e4e-0050012026/related/CMO-Historical-Data-Monthly.xlsx
1997-02-01,crude_oil_brent,20.8,usd_per_bbl,"World Bank Commodity Markets (Pink Sheet), Monthly Prices",https://thedocs.worldbank.org/en/doc/74e8be41ceb20fa0da750cda2f6b9e4e-0050012026/related/CMO-Historical-Data-Monthly.xlsx
1997-03-01,crude_oil_brent,19.2,usd_per_bbl,"World Bank Commodity Markets (Pink Sheet), Monthly Prices",https://thedocs.worldbank.org/en/doc/74e8be41ceb20fa0da750cda2f6b9e4e-0050012026/related/CMO-Historical-Data-Monthly.xlsx
1997-04-01,crude_oil_brent,17.5,usd_per_bbl,"World Bank Commodity Markets (Pink Sheet), Monthly Prices",https://thedocs.worldbank.org/en/doc/74e8be41ceb20fa0da750cda2f6b9e4e-0050012026/related/CMO-Historical-Data-Monthly.xlsx
1997-05-01,crude_oil_brent,19.1,usd_per_bbl,"World Bank Commodity Markets (Pink Sheet), Monthly Prices",https://thedocs.worldbank.org/en/doc/74e8be41ceb20fa0da750cda2f6b9e4e-0050012026/related/CMO-Historical-Data-Monthly.xlsx
1997-06-01,crude_oil_brent,17.6,usd_per_bbl,"World Bank Commodity Markets (Pink Sheet), Monthly Prices",https://thedocs.worldbank.org/en/doc/74e8be41ceb20fa0da750cda2f6b9e4e-0050012026/related/CMO-Historical-Data-Monthly.xlsx
1997-07-01,crude_oil_brent,18.4,usd_per_bbl,"World Bank Commodity Markets (Pink Sheet), Monthly Prices",https://thedocs.worldbank.org/en/doc/74e8be41ceb20fa0da750cda2f6b9e4e-0050012026/related/CMO-Historical-Data-Monthly.xlsx
1997-08-01,crude_oil_brent,18.7,usd_per_bbl,"World Bank Commodity Markets (Pink Sheet), Monthly Prices",https://thedocs.worldbank.org/en/doc/74e8be41ceb20fa0da750cda2f6b9e4e-0050012026/related/CMO-Historical-Data-Monthly.xlsx
1997-09-01,crude_oil_brent,18.5,usd_per_bbl,"World Bank Commodity Markets (Pink Sheet), Monthly Prices",https://thedocs.worldbank.org/en/doc/74e8be41ceb20fa0da750cda2f6b9e4e-0050012026/related/CMO-Historical-Data-Monthly.xlsx
1997-10-01,crude_oil_brent,19.9,usd_per_bbl,"World Bank Commodity Markets (Pink Sheet), Monthly Prices",https://thedocs.worldbank.org/en/doc/74e8be41ceb20fa0da750cda2f6b9e4e-0050012026/related/CMO-Historical-Data-Monthly.xlsx
1997-11-01,crude_oil_brent,19.0,usd_per_bbl,"World Bank Commodity Markets (Pink Sheet), Monthly Prices",https://thedocs.worldbank.org/en/doc/74e8be41ceb20fa0da750cda2f6b9e4e-0050012026/related/CMO-Historical-Data-Monthly.xlsx
1997-12-01,crude_oil_brent,17.0,usd_per_bbl,"World Bank Commodity Markets (Pink Sheet), Monthly Prices",https://thedocs.worldbank.org/en/doc/74e8be41ceb20fa0da750cda2f6b9e4e-0050012026/related/CMO-Historical-Data-Monthly.xlsx
1998-01-01,crude_oil_brent,15.1,usd_per_bbl,"World Bank Commodity Markets (Pink Sheet), Monthly Prices",https://thedocs.worldbank.org/en/doc/74e8be41ceb20fa0da750cda2f6b9e4e-0050012026/related/CMO-Historical-Data-Monthly.xlsx
1998-02-01,crude_oil_brent,14.1,usd_per_bbl,"World Bank Commodity Markets (Pink Sheet), Monthly Prices",https://thedocs.worldbank.org/en/doc/74e8be41ceb20fa0da750cda2f6b9e4e-0050012026/related/CMO-Historical-Data-Monthly.xlsx
1998-03-01,crude_oil_brent,13.1,usd_per_bbl,"World Bank Commodity Markets (Pink Sheet), Monthly Prices",https://thedocs.worldbank.org/en/doc/74e8be41ceb20fa0da750cda2f6b9e4e-0050012026/related/CMO-Historical-Data-Monthly.xlsx
1998-04-01,crude_oil_brent,13.4,usd_per_bbl,"World Bank Commodity Markets (Pink Sheet), Monthly Prices",https://thedocs.worldbank.org/en/doc/74e8be41ceb20fa0da750cda2f6b9e4e-0050012026/related/CMO-Historical-Data-Monthly.xlsx
1998-05-01,crude_oil_brent,14.4,usd_per_bbl,"World Bank Commodity Markets (Pink Sheet), Monthly Prices",https://thedocs.worldbank.org/en/doc/74e8be41ceb20fa0da750cda2f6b9e4e-0050012026/related/CMO-Historical-Data-Monthly.xlsx
1998-06-01,crude_oil_brent,12.1,usd_per_bbl,"World Bank Commodity Markets (Pink Sheet), Monthly Prices",https://thedocs.worldbank.org/en/doc/74e8be41ceb20fa0da750cda2f6b9e4e-0050012026/related/CMO-Historical-Data-Monthly.xlsx
1998-07-01,crude_oil_brent,12.0,usd_per_bbl,"World Bank Commodity Markets (Pink Sheet), Monthly Prices",https://thedocs.worldbank.org/en/doc/74e8be41ceb20fa0da750cda2f6b9e4e-0050012026/related/CMO-Historical-Data-Monthly.xlsx
1998-08-01,crude_oil_brent,11.9,usd_per_bbl,"World Bank Commodity Markets (Pink Sheet), Monthly Prices",https://thedocs.worldbank.org/en/doc/74e8be41ceb20fa0da750cda2f6b9e4e-0050012026/related/CMO-Historical-Data-Monthly.xlsx
1998-09-01,crude_oil_brent,13.4,usd_per_bbl,"World Bank Commodity Markets (Pink Sheet), Monthly Prices",https://thedocs.worldbank.org/en/doc/74e8be41ceb20fa0da750cda2f6b9e4e-0050012026/related/CMO-Historical-Data-Monthly.xlsx
1998-10-01,crude_oil_brent,12.6,usd_per_bbl,"World Bank Commodity Markets (Pink Sheet), Monthly Prices",https://thedocs.worldbank.org/en/doc/74e8be41ceb20fa0da750cda2f6b9e4e-0050012026/related/CMO-Historical-Data-Monthly.xlsx
1998-11-01,crude_oil_brent,10.9,usd_per_bbl,"World Bank Commodity Markets (Pink Sheet), Monthly Prices",https://thedocs.worldbank.org/en/doc/74e8be41ceb20fa0da750cda2f6b9e4e-0050012026/related/CMO-Historical-Data-Monthly.xlsx
1998-12-01,crude_oil_brent,9.8,usd_per_bbl,"World Bank Commodity Markets (Pink Sheet), Monthly Prices",https://thedocs.worldbank.org/en/doc/74e8be41ceb20fa0da750cda2f6b9e4e-0050012026/related/CMO-Historical-Data-Monthly.xlsx
1999-01-01,crude_oil_brent,11.1,usd_per_bbl,"World Bank Commodity Markets (Pink Sheet), Monthly Prices",https://thedocs.worldbank.org/en/doc/74e8be41ceb20fa0da750cda2f6b9e4e-0050012026/related/CMO-Historical-Data-Monthly.xlsx
1999-02-01,crude_oil_brent,10.2,usd_per_bbl,"World Bank Commodity Markets (Pink Sheet), Monthly Prices",https://thedocs.worldbank.org/en/doc/74e8be41ceb20fa0da750cda2f6b9e4e-0050012026/related/CMO-Historical-Data-Monthly.xlsx
1999-03-01,crude_oil_brent,12.5,usd_per_bbl,"World Bank Commodity Markets (Pink Sheet), Monthly Prices",https://thedocs.worldbank.org/en/doc/74e8be41ceb20fa0da750cda2f6b9e4e-0050012026/related/CMO-Historical-Data-Monthly.xlsx
1999-04-01,crude_oil_brent,15.3,usd_per_bbl,"World Bank Commodity Markets (Pink Sheet), Monthly Prices",https://thedocs.worldbank.org/en/doc/74e8be41ceb20fa0da750cda2f6b9e4e-0050012026/related/CMO-Historical-Data-Monthly.xlsx
1999-05-01,crude_oil_brent,15.1,usd_per_bbl,"World Bank Commodity Markets (Pink Sheet), Monthly Prices",https://thedocs.worldbank.org/en/doc/74e8be41ceb20fa0da750cda2f6b9e4e-0050012026/related/CMO-Historical-Data-Monthly.xlsx
1999-06-01,crude_oil_brent,15.8,usd_per_bbl,"World Bank Commodity Markets (Pink Sheet), Monthly Prices",https://thedocs.worldbank.org/en/doc/74e8be41ceb20fa0da750cda2f6b9e4e-0050012026/related/CMO-Historical-Data-Monthly.xlsx
1999-07-01,crude_oil_brent,19.0,usd_per_bbl,"World Bank Commodity Markets (Pink Sheet), Monthly Prices",https://thedocs.worldbank.org/en/doc/74e8be41ceb20fa0da750cda2f6b9e4e-0050012026/related/CMO-Historical-Data-Monthly.xlsx
1999-08-01,crude_oil_brent,20.2,usd_per_bbl,"World Bank Commodity Markets (Pink Sheet), Monthly Prices",https://thedocs.worldbank.org/en/doc/74e8be41ceb20fa0da750cda2f6b9e4e-0050012026/related/CMO-Historical-Data-Monthly.xlsx
1999-09-01,crude_oil_brent,22.4,usd_per_bbl,"World Bank Commodity Markets (Pink Sheet), Monthly Prices",https://thedocs.worldbank.org/en/doc/74e8be41ceb20fa0da750cda2f6b9e4e-0050012026/related/CMO-Historical-Data-Monthly.xlsx
1999-10-01,crude_oil_brent,22.0,usd_per_bbl,"World Bank Commodity Markets (Pink Sheet), Monthly Prices",https://thedocs.worldbank.org/en/doc/74e8be41ceb20fa0da750cda2f6b9e4e-0050012026/related/CMO-Historical-Data-Monthly.xlsx
1999-11-01,crude_oil_brent,24.6,usd_per_bbl,"World Bank Commodity Markets (Pink Sheet), Monthly Prices",https://thedocs.worldbank.org/en/doc/74e8be41ceb20fa0da750cda2f6b9e4e-0050012026/related/CMO-Historical-Data-Monthly.xlsx
1999-12-01,crude_oil_brent,25.6,usd_per_bbl,"World Bank Commodity Markets (Pink Sheet), Monthly Prices",https://thedocs.worldbank.org/en/doc/74e8be41ceb20fa0da750cda2f6b9e4e-0050012026/related/CMO-Historical-Data-Monthly.xlsx
2000-01-01,crude_oil_brent,25.4,usd_per_bbl,"World Bank Commodity Markets (Pink Sheet), Monthly Prices",https://thedocs.worldbank.org/en/doc/74e8be41ceb20fa0da750cda2f6b9e4e-0050012026/related/CMO-Historical-Data-Monthly.xlsx
2000-02-01,crude_oil_brent,27.7,usd_per_bbl,"World Bank Commodity Markets (Pink Sheet), Monthly Prices",https://thedocs.worldbank.org/en/doc/74e8be41ceb20fa0da750cda2f6b9e4e-0050012026/related/CMO-Historical-Data-Monthly.xlsx
2000-03-01,crude_oil_brent,27.5,usd_per_bbl,"World Bank Commodity Markets (Pink Sheet), Monthly Prices",https://thedocs.worldbank.org/en/doc/74e8be41ceb20fa0da750cda2f6b9e4e-0050012026/related/CMO-Historical-Data-Monthly.xlsx
2000-04-01,crude_oil_brent,22.5,usd_per_bbl,"World Bank Commodity Markets (Pink Sheet), Monthly Prices",https://thedocs.worldbank.org/en/doc/74e8be41ceb20fa0da750cda2f6b9e4e-0050012026/related/CMO-Historical-Data-Monthly.xlsx
2000-05-01,crude_oil_brent,27.3,usd_per_bbl,"World Bank Commodity Markets (Pink Sheet), Monthly Prices",https://thedocs.worldbank.org/en/doc/74e8be41ceb20fa0da750cda2f6b9e4e-0050012026/related/CMO-Historical-Data-Monthly.xlsx
2000-06-01,crude_oil_brent,29.7,usd_per_bbl,"World Bank Commodity Markets (Pink Sheet), Monthly Prices",https://thedocs.worldbank.org/en/doc/74e8be41ceb20fa0da750cda2f6b9e4e-0050012026/related/CMO-Historical-Data-Monthly.xlsx
2000-07-01,crude_oil_brent,28.5,usd_per_bbl,"World Bank Commodity Markets (Pink Sheet), Monthly Prices",https://thedocs.worldbank.org/en/doc/74e8be41ceb20fa0da750cda2f6b9e4e-0050012026/related/CMO-Historical-Data-Monthly.xlsx
2000-08-01,crude_oil_brent,29.4,usd_per_bbl,"World Bank Commodity Markets (Pink Sheet), Monthly Prices",https://thedocs.worldbank.org/en/doc/74e8be41ceb20fa0da750cda2f6b9e4e-0050012026/related/CMO-Historical-Data-Monthly.xlsx
2000-09-01,crude_oil_brent,32.6,usd_per_bbl,"World Bank Commodity Markets (Pink Sheet), Monthly Prices",https://thedocs.worldbank.org/en/doc/74e8be41ceb20fa0da750cda2f6b9e4e-0050012026/related/CMO-Historical-Data-Monthly.xlsx
2000-10-01,crude_oil_brent,30.9,usd_per_bbl,"World Bank Commodity Markets (Pink Sheet), Monthly Prices",https://thedocs.worldbank.org/en/doc/74e8be41ceb20fa0da750cda2f6b9e4e-0050012026/related/CMO-Historical-Data-Monthly.xlsx
2000-11-01,crude_oil_brent,32.5,usd_per_bbl,"World Bank Commodity Markets (Pink Sheet), Monthly Prices",https://thedocs.worldbank.org/en/doc/74e8be41ceb20fa0da750cda2f6b9e4e-0050012026/related/CMO-Historical-Data-Monthly.xlsx
2000-12-01,crude_oil_brent,25.1,usd_per_bbl,"World Bank Commodity Markets (Pink Sheet), Monthly Prices",https://thedocs.worldbank.org/en/doc/74e8be41ceb20fa0da750cda2f6b9e4e-0050012026/related/CMO-Historical-Data-Monthly.xlsx
2001-01-01,crude_oil_brent,25.6,usd_per_bbl,"World Bank Commodity Markets (Pink Sheet), Monthly Prices",https://thedocs.worldbank.org/en/doc/74e8be41ceb20fa0da750cda2f6b9e4e-0050012026/related/CMO-Historical-Data-Monthly.xlsx
2001-02-01,crude_oil_brent,27.4,usd_per_bbl,"World Bank Commodity Markets (Pink Sheet), Monthly Prices",https://thedocs.worldbank.org/en/doc/74e8be41ceb20fa0da750cda2f6b9e4e-0050012026/related/CMO-Historical-Data-Monthly.xlsx
2001-03-01,crude_oil_brent,24.4,usd_per_bbl,"World Bank Commodity Markets (Pink Sheet), Monthly Prices",https://thedocs.worldbank.org/en/doc/74e8be41ceb20fa0da750cda2f6b9e4e-0050012026/related/CMO-Historical-Data-Monthly.xlsx
2001-04-01,crude_oil_brent,25.6,usd_per_bbl,"World Bank Commodity Markets (Pink Sheet), Monthly Prices",https://thedocs.worldbank.org/en/doc/74e8be41ceb20fa0da750cda2f6b9e4e-0050012026/related/CMO-Historical-Data-Monthly.xlsx
2001-05-01,crude_oil_brent,28.5,usd_per_bbl,"World Bank Commodity Markets (Pink Sheet), Monthly Prices",https://thedocs.worldbank.org/en/doc/74e8be41ceb20fa0da750cda2f6b9e4e-0050012026/related/CMO-Historical-Data-Monthly.xlsx
2001-06-01,crude_oil_brent,27.7,usd_per_bbl,"World Bank Commodity Markets (Pink Sheet), Monthly Prices",https://thedocs.worldbank.org/en/doc/74e8be41ceb20fa0da750cda2f6b9e4e-0050012026/related/CMO-Historical-Data-Monthly.xlsx
2001-07-01,crude_oil_brent,24.5,usd_per_bbl,"World Bank Commodity Markets (Pink Sheet), Monthly Prices",https://thedocs.worldbank.org/en/doc/74e8be41ceb20fa0da750cda2f6b9e4e-0050012026/related/CMO-Historical-Data-Monthly.xlsx
2001-08-01,crude_oil_brent,25.7,usd_per_bbl,"World Bank Commodity Markets (Pink Sheet), Monthly Prices",https://thedocs.worldbank.org/en/doc/74e8be41ceb20fa0da750cda2f6b9e4e-0050012026/related/CMO-Historical-Data-Monthly.xlsx
2001-09-01,crude_oil_brent,25.5,usd_per_bbl,"World Bank Commodity Markets (Pink Sheet), Monthly Prices",https://thedocs.worldbank.org/en/doc/74e8be41ceb20fa0da750cda2f6b9e4e-0050012026/related/CMO-Historical-Data-Monthly.xlsx
2001-10-01,crude_oil_brent,20.5,usd_per_bbl,"World Bank Commodity Markets (Pink Sheet), Monthly Prices",https://thedocs.worldbank.org/en/doc/74e8be41ceb20fa0da750cda2f6b9e4e-0050012026/related/CMO-Historical-Data-Monthly.xlsx
2001-11-01,crude_oil_brent,18.9,usd_per_bbl,"World Bank Commodity Markets (Pink Sheet), Monthly Prices",https://thedocs.worldbank.org/en/doc/74e8be41ceb20fa0da750cda2f6b9e4e-0050012026/related/CMO-Historical-Data-Monthly.xlsx
2001-12-01,crude_oil_brent,18.6,usd_per_bbl,"World Bank Commodity Markets (Pink Sheet), Monthly Prices",https://thedocs.worldbank.org/en/doc/74e8be41ceb20fa0da750cda2f6b9e4e-0050012026/related/CMO-Historical-Data-Monthly.xlsx
2002-01-01,crude_oil_brent,19.5,usd_per_bbl,"World Bank Commodity Markets (Pink Sheet), Monthly Prices",https://thedocs.worldbank.org/en/doc/74e8be41ceb20fa0da750cda2f6b9e4e-0050012026/related/CMO-Historical-Data-Monthly.xlsx
2002-02-01,crude_oil_brent,20.3,usd_per_bbl,"World Bank Commodity Markets (Pink Sheet), Monthly Prices",https://thedocs.worldbank.org/en/doc/74e8be41ceb20fa0da750cda2f6b9e4e-0050012026/related/CMO-Historical-Data-Monthly.xlsx
2002-03-01,crude_oil_brent,23.7,usd_per_bbl,"World Bank Commodity Markets (Pink Sheet), Monthly Prices",https://thedocs.worldbank.org/en/doc/74e8be41ceb20fa0da750cda2f6b9e4e-0050012026/related/CMO-Historical-Data-Monthly.xlsx
2002-04-01,crude_oil_brent,25.7,usd_per_bbl,"World Bank Commodity Markets (Pink Sheet), Monthly Prices",https://thedocs.worldbank.org/en/doc/74e8be41ceb20fa0da750cda2f6b9e4e-0050012026/related/CMO-Historical-Data-Monthly.xlsx
2002-05-01,crude_oil_brent,25.4,usd_per_bbl,"World Bank Commodity Markets (Pink Sheet), Monthly Prices",https://thedocs.worldbank.org/en/doc/74e8be41ceb20fa0da750cda2f6b9e4e-0050012026/related/CMO-Historical-Data-Monthly.xlsx
2002-06-01,crude_oil_brent,24.1,usd_per_bbl,"World Bank Commodity Markets (Pink Sheet), Monthly Prices",https://thedocs.worldbank.org/en/doc/74e8be41ceb20fa0da750cda2f6b9e4e-0050012026/related/CMO-Historical-Data-Monthly.xlsx
2002-07-01,crude_oil_brent,25.8,usd_per_bbl,"World Bank Commodity Markets (Pink Sheet), Monthly Prices",https://thedocs.worldbank.org/en/doc/74e8be41ceb20fa0da750cda2f6b9e4e-0050012026/related/CMO-Historical-Data-Monthly.xlsx
2002-08-01,crude_oil_brent,26.6,usd_per_bbl,"World Bank Commodity Markets (Pink Sheet), Monthly Prices",https://thedocs.worldbank.org/en/doc/74e8be41ceb20fa0da750cda2f6b9e4e-0050012026/related/CMO-Historical-Data-Monthly.xlsx
2002-09-01,crude_oil_brent,28.3,usd_per_bbl,"World Bank Commodity Markets (Pink Sheet), Monthly Prices",https://thedocs.worldbank.org/en/doc/74e8be41ceb20fa0da750cda2f6b9e4e-0050012026/related/CMO-Historical-Data-Monthly.xlsx
2002-10-01,crude_oil_brent,27.5,usd_per_bbl,"World Bank Commodity Markets (Pink Sheet), Monthly Prices",https://thedocs.worldbank.org/en/doc/74e8be41ceb20fa0da750cda2f6b9e4e-0050012026/related/CMO-Historical-Data-Monthly.xlsx
2002-11-01,crude_oil_brent,24.2,usd_per_bbl,"World Bank Commodity Markets (Pink Sheet), Monthly Prices",https://thedocs.worldbank.org/en/doc/74e8be41ceb20fa0da750cda2f6b9e4e-0050012026/related/CMO-Historical-Data-Monthly.xlsx
2002-12-01,crude_oil_brent,28.5,usd_per_bbl,"World Bank Commodity Markets (Pink Sheet), Monthly Prices",https://thedocs.worldbank.org/en/doc/74e8be41ceb20fa0da750cda2f6b9e4e-0050012026/related/CMO-Historical-Data-Monthly.xlsx
2003-01-01,crude_oil_brent,31.2,usd_per_bbl,"World Bank Commodity Markets (Pink Sheet), Monthly Prices",https://thedocs.worldbank.org/en/doc/74e8be41ceb20fa0da750cda2f6b9e4e-0050012026/related/CMO-Historical-Data-Monthly.xlsx
2003-02-01,crude_oil_brent,32.6,usd_per_bbl,"World Bank Commodity Markets (Pink Sheet), Monthly Prices",https://thedocs.worldbank.org/en/doc/74e8be41ceb20fa0da750cda2f6b9e4e-0050012026/related/CMO-Historical-Data-Monthly.xlsx
2003-03-01,crude_oil_brent,30.3,usd_per_bbl,"World Bank Commodity Markets (Pink Sheet), Monthly Prices",https://thedocs.worldbank.org/en/doc/74e8be41ceb20fa0da750cda2f6b9e4e-0050012026/related/CMO-Historical-Data-Monthly.xlsx
2003-04-01,crude_oil_brent,25.0,usd_per_bbl,"World Bank Commodity Markets (Pink Sheet), Monthly Prices",https://thedocs.worldbank.org/en/doc/74e8be41ceb20fa0da750cda2f6b9e4e-0050012026/related/CMO-Historical-Data-Monthly.xlsx
2003-05-01,crude_oil_brent,25.8,usd_per_bbl,"World Bank Commodity Markets (Pink Sheet), Monthly Prices",https://thedocs.worldbank.org/en/doc/74e8be41ceb20fa0da750cda2f6b9e4e-0050012026/related/CMO-Historical-Data-Monthly.xlsx
2003-06-01,crude_oil_brent,27.5,usd_per_bbl,"World Bank Commodity Markets (Pink Sheet), Monthly Prices",https://thedocs.worldbank.org/en/doc/74e8be41ceb20fa0da750cda2f6b9e4e-0050012026/related/CMO-Historical-Data-Monthly.xlsx
2003-07-01,crude_oil_brent,28.4,usd_per_bbl,"World Bank Commodity Markets (Pink Sheet), Monthly Prices",https://thedocs.worldbank.org/en/doc/74e8be41ceb20fa0da750cda2f6b9e4e-0050012026/related/CMO-Historical-Data-Monthly.xlsx
2003-08-01,crude_oil_brent,29.8,usd_per_bbl,"World Bank Commodity Markets (Pink Sheet), Monthly Prices",https://thedocs.worldbank.org/en/doc/74e8be41ceb20fa0da750cda2f6b9e4e-0050012026/related/CMO-Historical-Data-Monthly.xlsx
2003-09-01,crude_oil_brent,27.1,usd_per_bbl,"World Bank Commodity Markets (Pink Sheet), Monthly Prices",https://thedocs.worldbank.org/en/doc/74e8be41ceb20fa0da750cda2f6b9e4e-0050012026/related/CMO-Historical-Data-Monthly.xlsx
2003-10-01,crude_oil_brent,29.6,usd_per_bbl,"World Bank Commodity Markets (Pink Sheet), Monthly Prices",https://thedocs.worldbank.org/en/doc/74e8be41ceb20fa0da750cda2f6b9e4e-0050012026/related/CMO-Historical-Data-Monthly.xlsx
2003-11-01,crude_oil_brent,28.8,usd_per_bbl,"World Bank Commodity Markets (Pink Sheet), Monthly Prices",https://thedocs.worldbank.org/en/doc/74e8be41ceb20fa0da750cda2f6b9e4e-0050012026/related/CMO-Historical-Data-Monthly.xlsx
2003-12-01,crude_oil_brent,29.9,usd_per_bbl,"World Bank Commodity Markets (Pink Sheet), Monthly Prices",https://thedocs.worldbank.org/en/doc/74e8be41ceb20fa0da750cda2f6b9e4e-0050012026/related/CMO-Historical-Data-Monthly.xlsx
2004-01-01,crude_oil_brent,31.2,usd_per_bbl,"World Bank Commodity Markets (Pink Sheet), Monthly Prices",https://thedocs.worldbank.org/en/doc/74e8be41ceb20fa0da750cda2f6b9e4e-0050012026/related/CMO-Historical-Data-Monthly.xlsx
2004-02-01,crude_oil_brent,30.9,usd_per_bbl,"World Bank Commodity Markets (Pink Sheet), Monthly Prices",https://thedocs.worldbank.org/en/doc/74e8be41ceb20fa0da750cda2f6b9e4e-0050012026/related/CMO-Historical-Data-Monthly.xlsx
2004-03-01,crude_oil_brent,33.8,usd_per_bbl,"World Bank Commodity Markets (Pink Sheet), Monthly Prices",https://thedocs.worldbank.org/en/doc/74e8be41ceb20fa0da750cda2f6b9e4e-0050012026/related/CMO-Historical-Data-Monthly.xlsx
2004-04-01,crude_oil_brent,33.4,usd_per_bbl,"World Bank Commodity Markets (Pink Sheet), Monthly Prices",https://thedocs.worldbank.org/en/doc/74e8be41ceb20fa0da750cda2f6b9e4e-0050012026/related/CMO-Historical-Data-Monthly.xlsx
2004-05-01,crude_oil_brent,37.9,usd_per_bbl,"World Bank Commodity Markets (Pink Sheet), Monthly Prices",https://thedocs.worldbank.org/en/doc/74e8be41ceb20fa0da750cda2f6b9e4e-0050012026/related/CMO-Historical-Data-Monthly.xlsx
2004-06-01,crude_oil_brent,35.2,usd_per_bbl,"World Bank Commodity Markets (Pink Sheet), Monthly Prices",https://thedocs.worldbank.org/en/doc/74e8be41ceb20fa0da750cda2f6b9e4e-0050012026/related/CMO-Historical-Data-Monthly.xlsx
2004-07-01,crude_oil_brent,38.4,usd_per_bbl,"World Bank Commodity Markets (Pink Sheet), Monthly Prices",https://thedocs.worldbank.org/en/doc/74e8be41ceb20fa0da750cda2f6b9e4e-0050012026/related/CMO-Historical-Data-Monthly.xlsx
2004-08-01,crude_oil_brent,43.0,usd_per_bbl,"World Bank Commodity Markets (Pink Sheet), Monthly Prices",https://thedocs.worldbank.org/en/doc/74e8be41ceb20fa0da750cda2f6b9e4e-0050012026/related/CMO-Historical-Data-Monthly.xlsx
2004-09-01,crude_oil_brent,43.4,usd_per_bbl,"World Bank Commodity Markets (Pink Sheet), Monthly Prices",https://thedocs.worldbank.org/en/doc/74e8be41ceb20fa0da750cda2f6b9e4e-0050012026/related/CMO-Historical-Data-Monthly.xlsx
2004-10-01,crude_oil_brent,49.8,usd_per_bbl,"World Bank Commodity Markets (Pink Sheet), Monthly Prices",https://thedocs.worldbank.org/en/doc/74e8be41ceb20fa0da750cda2f6b9e4e-0050012026/related/CMO-Historical-Data-Monthly.xlsx
2004-11-01,crude_oil_brent,43.1,usd_per_bbl,"World Bank Commodity Markets (Pink Sheet), Monthly Prices",https://thedocs.worldbank.org/en/doc/74e8be41ceb20fa0da750cda2f6b9e4e-0050012026/related/CMO-Historical-Data-Monthly.xlsx
2004-12-01,crude_oil_brent,39.6,usd_per_bbl,"World Bank Commodity Markets (Pink Sheet), Monthly Prices",https://thedocs.worldbank.org/en/doc/74e8be41ceb20fa0da750cda2f6b9e4e-0050012026/related/CMO-Historical-Data-Monthly.xlsx
2005-01-01,crude_oil_brent,44.3,usd_per_bbl,"World Bank Commodity Markets (Pink Sheet), Monthly Prices",https://thedocs.worldbank.org/en/doc/74e8be41ceb20fa0da750cda2f6b9e4e-0050012026/related/CMO-Historical-Data-Monthly.xlsx
2005-02-01,crude_oil_brent,45.6,usd_per_bbl,"World Bank Commodity Markets (Pink Sheet), Monthly Prices",https://thedocs.worldbank.org/en/doc/74e8be41ceb20fa0da750cda2f6b9e4e-0050012026/related/CMO-Historical-Data-Monthly.xlsx
2005-03-01,crude_oil_brent,53.1,usd_per_bbl,"World Bank Commodity Markets (Pink Sheet), Monthly Prices",https://thedocs.worldbank.org/en/doc/74e8be41ceb20fa0da750cda2f6b9e4e-0050012026/related/CMO-Historical-Data-Monthly.xlsx
2005-04-01,crude_oil_brent,51.9,usd_per_bbl,"World Bank Commodity Markets (Pink Sheet), Monthly Prices",https://thedocs.worldbank.org/en/doc/74e8be41ceb20fa0da750cda2f6b9e4e-0050012026/related/CMO-Historical-Data-Monthly.xlsx
2005-05-01,crude_oil_brent,48.7,usd_per_bbl,"World Bank Commodity Markets (Pink Sheet), Monthly Prices",https://thedocs.worldbank.org/en/doc/74e8be41ceb20fa0da750cda2f6b9e4e-0050012026/related/CMO-Historical-Data-Monthly.xlsx
2005-06-01,crude_oil_brent,54.3,usd_per_bbl,"World Bank Commodity Markets (Pink Sheet), Monthly Prices",https://thedocs.worldbank.org/en/doc/74e8be41ceb20fa0da750cda2f6b9e4e-0050012026/related/CMO-Historical-Data-Monthly.xlsx
2005-07-01,crude_oil_brent,57.6,usd_per_bbl,"World Bank Commodity Markets (Pink Sheet), Monthly Prices",https://thedocs.worldbank.org/en/doc/74e8be41ceb20fa0da750cda2f6b9e4e-0050012026/related/CMO-Historical-Data-Monthly.xlsx
2005-08-01,crude_oil_brent,64.1,usd_per_bbl,"World Bank Commodity Markets (Pink Sheet), Monthly Prices",https://thedocs.worldbank.org/en/doc/74e8be41ceb20fa0da750cda2f6b9e4e-0050012026/related/CMO-Historical-Data-Monthly.xlsx
2005-09-01,crude_oil_brent,63.0,usd_per_bbl,"World Bank Commodity Markets (Pink Sheet), Monthly Prices",https://thedocs.worldbank.org/en/doc/74e8be41ceb20fa0da750cda2f6b9e4e-0050012026/related/CMO-Historical-Data-Monthly.xlsx
2005-10-01,crude_oil_brent,58.5,usd_per_bbl,"World Bank Commodity Markets (Pink Sheet), Monthly Prices",https://thedocs.worldbank.org/en/doc/74e8be41ceb20fa0da750cda2f6b9e4e-0050012026/related/CMO-Historical-Data-Monthly.xlsx
2005-11-01,crude_oil_brent,55.5,usd_per_bbl,"World Bank Commodity Markets (Pink Sheet), Monthly Prices",https://thedocs.worldbank.org/en/doc/74e8be41ceb20fa0da750cda2f6b9e4e-0050012026/related/CMO-Historical-Data-Monthly.xlsx
2005-12-01,crude_oil_brent,56.7,usd_per_bbl,"World Bank Commodity Markets (Pink Sheet), Monthly Prices",https://thedocs.worldbank.org/en/doc/74e8be41ceb20fa0da750cda2f6b9e4e-0050012026/related/CMO-Historical-Data-Monthly.xlsx
2006-01-01,crude_oil_brent,63.6,usd_per_bbl,"World Bank Commodity Markets (Pink Sheet), Monthly Prices",https://thedocs.worldbank.org/en/doc/74e8be41ceb20fa0da750cda2f6b9e4e-0050012026/related/CMO-Historical-Data-Monthly.xlsx
2006-02-01,crude_oil_brent,59.9,usd_per_bbl,"World Bank Commodity Markets (Pink Sheet), Monthly Prices",https://thedocs.worldbank.org/en/doc/74e8be41ceb20fa0da750cda2f6b9e4e-0050012026/related/CMO-Historical-Data-Monthly.xlsx
2006-03-01,crude_oil_brent,62.3,usd_per_bbl,"World Bank Commodity Markets (Pink Sheet), Monthly Prices",https://thedocs.worldbank.org/en/doc/74e8be41ceb20fa0da750cda2f6b9e4e-0050012026/related/CMO-Historical-Data-Monthly.xlsx
2006-04-01,crude_oil_brent,70.4,usd_per_bbl,"World Bank Commodity Markets (Pink Sheet), Monthly Prices",https://thedocs.worldbank.org/en/doc/74e8be41ceb20fa0da750cda2f6b9e4e-0050012026/related/CMO-Historical-Data-Monthly.xlsx
2006-05-01,crude_oil_brent,70.2,usd_per_bbl,"World Bank Commodity Markets (Pink Sheet), Monthly Prices",https://thedocs.worldbank.org/en/doc/74e8be41ceb20fa0da750cda2f6b9e4e-0050012026/related/CMO-Historical-Data-Monthly.xlsx
2006-06-01,crude_oil_brent,68.9,usd_per_bbl,"World Bank Commodity Markets (Pink Sheet), Monthly Prices",https://thedocs.worldbank.org/en/doc/74e8be41ceb20fa0da750cda2f6b9e4e-0050012026/related/CMO-Historical-Data-Monthly.xlsx
2006-07-01,crude_oil_brent,73.9,usd_per_bbl,"World Bank Commodity Markets (Pink Sheet), Monthly Prices",https://thedocs.worldbank.org/en/doc/74e8be41ceb20fa0da750cda2f6b9e4e-0050012026/related/CMO-Historical-Data-Monthly.xlsx
2006-08-01,crude_oil_brent,73.6,usd_per_bbl,"World Bank Commodity Markets (Pink Sheet), Monthly Prices",https://thedocs.worldbank.org/en/doc/74e8be41ceb20fa0da750cda2f6b9e4e-0050012026/related/CMO-Historical-Data-Monthly.xlsx
2006-09-01,crude_oil_brent,62.8,usd_per_bbl,"World Bank Commodity Markets (Pink Sheet), Monthly Prices",https://thedocs.worldbank.org/en/doc/74e8be41ceb20fa0da750cda2f6b9e4e-0050012026/related/CMO-Historical-Data-Monthly.xlsx
2006-10-01,crude_oil_brent,58.4,usd_per_bbl,"World Bank Commodity Markets (Pink Sheet), Monthly Prices",https://thedocs.worldbank.org/en/doc/74e8be41ceb20fa0da750cda2f6b9e4e-0050012026/related/CMO-Historical-Data-Monthly.xlsx
2006-11-01,crude_oil_brent,58.5,usd_per_bbl,"World Bank Commodity Markets (Pink Sheet), Monthly Prices",https://thedocs.worldbank.org/en/doc/74e8be41ceb20fa0da750cda2f6b9e4e-0050012026/related/CMO-Historical-Data-Monthly.xlsx
2006-12-01,crude_oil_brent,62.3,usd_per_bbl,"World Bank Commodity Markets (Pink Sheet), Monthly Prices",https://thedocs.worldbank.org/en/doc/74e8be41ceb20fa0da750cda2f6b9e4e-0050012026/related/CMO-Historical-Data-Monthly.xlsx
2007-01-01,crude_oil_brent,54.3,usd_per_bbl,"World Bank Commodity Markets (Pink Sheet), Monthly Prices",https://thedocs.worldbank.org/en/doc/74e8be41ceb20fa0da750cda2f6b9e4e-0050012026/related/CMO-Historical-Data-Monthly.xlsx
2007-02-01,crude_oil_brent,57.8,usd_per_bbl,"World Bank Commodity Markets (Pink Sheet), Monthly Prices",https://thedocs.worldbank.org/en/doc/74e8be41ceb20fa0da750cda2f6b9e4e-0050012026/related/CMO-Historical-Data-Monthly.xlsx
2007-03-01,crude_oil_brent,62.1,usd_per_bbl,"World Bank Commodity Markets (Pink Sheet), Monthly Prices",https://thedocs.worldbank.org/en/doc/74e8be41ceb20fa0da750cda2f6b9e4e-0050012026/related/CMO-Historical-Data-Monthly.xlsx
2007-04-01,crude_oil_brent,67.4,usd_per_bbl,"World Bank Commodity Markets (Pink Sheet), Monthly Prices",https://thedocs.worldbank.org/en/doc/74e8be41ceb20fa0da750cda2f6b9e4e-0050012026/related/CMO-Historical-Data-Monthly.xlsx
2007-05-01,crude_oil_brent,67.5,usd_per_bbl,"World Bank Commodity Markets (Pink Sheet), Monthly Prices",https://thedocs.worldbank.org/en/doc/74e8be41ceb20fa0da750cda2f6b9e4e-0050012026/related/CMO-Historical-Data-Monthly.xlsx
2007-06-01,crude_oil_brent,71.3,usd_per_bbl,"World Bank Commodity Markets (Pink Sheet), Monthly Prices",https://thedocs.worldbank.org/en/doc/74e8be41ceb20fa0da750cda2f6b9e4e-0050012026/related/CMO-Historical-Data-Monthly.xlsx
2007-07-01,crude_oil_brent,77.2,usd_per_bbl,"World Bank Commodity Markets (Pink Sheet), Monthly Prices",https://thedocs.worldbank.org/en/doc/74e8be41ceb20fa0da750cda2f6b9e4e-0050012026/related/CMO-Historical-Data-Monthly.xlsx
2007-08-01,crude_oil_brent,70.8,usd_per_bbl,"World Bank Commodity Markets (Pink Sheet), Monthly Prices",https://thedocs.worldbank.org/en/doc/74e8be41ceb20fa0da750cda2f6b9e4e-0050012026/related/CMO-Historical-Data-Monthly.xlsx
2007-09-01,crude_oil_brent,77.1,usd_per_bbl,"World Bank Commodity Markets (Pink Sheet), Monthly Prices",https://thedocs.worldbank.org/en/doc/74e8be41ceb20fa0da750cda2f6b9e4e-0050012026/related/CMO-Historical-Data-Monthly.xlsx
2007-10-01,crude_oil_brent,82.9,usd_per_bbl,"World Bank Commodity Markets (Pink Sheet), Monthly Prices",https://thedocs.worldbank.org/en/doc/74e8be41ceb20fa0da750cda2f6b9e4e-0050012026/related/CMO-Historical-Data-Monthly.xlsx
2007-11-01,crude_oil_brent,92.5,usd_per_bbl,"World Bank Commodity Markets (Pink Sheet), Monthly Prices",https://thedocs.worldbank.org/en/doc/74e8be41ceb20fa0da750cda2f6b9e4e-0050012026/related/CMO-Historical-Data-Monthly.xlsx
2007-12-01,crude_oil_brent,91.5,usd_per_bbl,"World Bank Commodity Markets (Pink Sheet), Monthly Prices",https://thedocs.worldbank.org/en/doc/74e8be41ceb20fa0da750cda2f6b9e4e-0050012026/related/CMO-Historical-Data-Monthly.xlsx
2008-01-01,crude_oil_brent,91.9,usd_per_bbl,"World Bank Commodity Markets (Pink Sheet), Monthly Prices",https://thedocs.worldbank.org/en/doc/74e8be41ceb20fa0da750cda2f6b9e4e-0050012026/related/CMO-Historical-Data-Monthly.xlsx
2008-02-01,crude_oil_brent,94.8,usd_per_bbl,"World Bank Commodity Markets (Pink Sheet), Monthly Prices",https://thedocs.worldbank.org/en/doc/74e8be41ceb20fa0da750cda2f6b9e4e-0050012026/related/CMO-Historical-Data-Monthly.xlsx
2008-03-01,crude_oil_brent,103.3,usd_per_bbl,"World Bank Commodity Markets (Pink Sheet), Monthly Prices",https://thedocs.worldbank.org/en/doc/74e8be41ceb20fa0da750cda2f6b9e4e-0050012026/related/CMO-Historical-Data-Monthly.xlsx
2008-04-01,crude_oil_brent,110.2,usd_per_bbl,"World Bank Commodity Markets (Pink Sheet), Monthly Prices",https://thedocs.worldbank.org/en/doc/74e8be41ceb20fa0da750cda2f6b9e4e-0050012026/related/CMO-Historical-Data-Monthly.xlsx
2008-05-01,crude_oil_brent,123.9,usd_per_bbl,"World Bank Commodity Markets (Pink Sheet), Monthly Prices",https://thedocs.worldbank.org/en/doc/74e8be41ceb20fa0da750cda2f6b9e4e-0050012026/related/CMO-Historical-Data-Monthly.xlsx
2008-06-01,crude_oil_brent,133.0,usd_per_bbl,"World Bank Commodity Markets (Pink Sheet), Monthly Prices",https://thedocs.worldbank.org/en/doc/74e8be41ceb20fa0da750cda2f6b9e4e-0050012026/related/CMO-Historical-Data-Monthly.xlsx
2008-07-01,crude_oil_brent,133.9,usd_per_bbl,"World Bank Commodity Markets (Pink Sheet), Monthly Prices",https://thedocs.worldbank.org/en/doc/74e8be41ceb20fa0da750cda2f6b9e4e-0050012026/related/CMO-Historical-Data-Monthly.xlsx
2008-08-01,crude_oil_brent,113.8,usd_per_bbl,"World Bank Commodity Markets (Pink Sheet), Monthly Prices",https://thedocs.worldbank.org/en/doc/74e8be41ceb20fa0da750cda2f6b9e4e-0050012026/related/CMO-Historical-Data-Monthly.xlsx
2008-09-01,crude_oil_brent,99.1,usd_per_bbl,"World Bank Commodity Markets (Pink Sheet), Monthly Prices",https://thedocs.worldbank.org/en/doc/74e8be41ceb20fa0da750cda2f6b9e4e-0050012026/related/CMO-Historical-Data-Monthly.xlsx
2008-10-01,crude_oil_brent,72.8,usd_per_bbl,"World Bank Commodity Markets (Pink Sheet), Monthly Prices",https://thedocs.worldbank.org/en/doc/74e8be41ceb20fa0da750cda2f6b9e4e-0050012026/related/CMO-Historical-Data-Monthly.xlsx
2008-11-01,crude_oil_brent,53.2,usd_per_bbl,"World Bank Commodity Markets (Pink Sheet), Monthly Prices",https://thedocs.worldbank.org/en/doc/74e8be41ceb20fa0da750cda2f6b9e4e-0050012026/related/CMO-Historical-Data-Monthly.xlsx
2008-12-01,crude_oil_brent,41.6,usd_per_bbl,"World Bank Commodity Markets (Pink Sheet), Monthly Prices",https://thedocs.worldbank.org/en/doc/74e8be41ceb20fa0da750cda2f6b9e4e-0050012026/related/CMO-Historical-Data-Monthly.xlsx
2009-01-01,crude_oil_brent,44.9,usd_per_bbl,"World Bank Commodity Markets (Pink Sheet), Monthly Prices",https://thedocs.worldbank.org/en/doc/74e8be41ceb20fa0da750cda2f6b9e4e-0050012026/related/CMO-Historical-Data-Monthly.xlsx
2009-02-01,crude_oil_brent,43.2,usd_per_bbl,"World Bank Commodity Markets (Pink Sheet), Monthly Prices",https://thedocs.worldbank.org/en/doc/74e8be41ceb20fa0da750cda2f6b9e4e-0050012026/related/CMO-Historical-Data-Monthly.xlsx
2009-03-01,crude_oil_brent,46.8,usd_per_bbl,"World Bank Commodity Markets (Pink Sheet), Monthly Prices",https://thedocs.worldbank.org/en/doc/74e8be41ceb20fa0da750cda2f6b9e4e-0050012026/related/CMO-Historical-Data-Monthly.xlsx
2009-04-01,crude_oil_brent,50.8,usd_per_bbl,"World Bank Commodity Markets (Pink Sheet), Monthly Prices",https://thedocs.worldbank.org/en/doc/74e8be41ceb20fa0da750cda2f6b9e4e-0050012026/related/CMO-Historical-Data-Monthly.xlsx
2009-05-01,crude_oil_brent,57.9,usd_per_bbl,"World Bank Commodity Markets (Pink Sheet), Monthly Prices",https://thedocs.worldbank.org/en/doc/74e8be41ceb20fa0da750cda2f6b9e4e-0050012026/related/CMO-Historical-Data-Monthly.xlsx
2009-06-01,crude_oil_brent,68.6,usd_per_bbl,"World Bank Commodity Markets (Pink Sheet), Monthly Prices",https://thedocs.worldbank.org/en/doc/74e8be41ceb20fa0da750cda2f6b9e4e-0050012026/related/CMO-Historical-Data-Monthly.xlsx
2009-07-01,crude_oil_brent,64.9,usd_per_bbl,"World Bank Commodity Markets (Pink Sheet), Monthly Prices",https://thedocs.worldbank.org/en/doc/74e8be41ceb20fa0da750cda2f6b9e4e-0050012026/related/CMO-Historical-Data-Monthly.xlsx
2009-08-01,crude_oil_brent,72.5,usd_per_bbl,"World Bank Commodity Markets (Pink Sheet), Monthly Prices",https://thedocs.worldbank.org/en/doc/74e8be41ceb20fa0da750cda2f6b9e4e-0050012026/related/CMO-Historical-Data-Monthly.xlsx
2009-09-01,crude_oil_brent,67.7,usd_per_bbl,"World Bank Commodity Markets (Pink Sheet), Monthly Prices",https://thedocs.worldbank.org/en/doc/74e8be41ceb20fa0da750cda2f6b9e4e-0050012026/related/CMO-Historical-Data-Monthly.xlsx
2009-10-01,crude_oil_brent,73.2,usd_per_bbl,"World Bank Commodity Markets (Pink Sheet), Monthly Prices",https://thedocs.worldbank.org/en/doc/74e8be41ceb20fa0da750cda2f6b9e4e-0050012026/related/CMO-Historical-Data-Monthly.xlsx
2009-11-01,crude_oil_brent,77.0,usd_per_bbl,"World Bank Commodity Markets (Pink Sheet), Monthly Prices",https://thedocs.worldbank.org/en/doc/74e8be41ceb20fa0da750cda2f6b9e4e-0050012026/related/CMO-Historical-Data-Monthly.xlsx
2009-12-01,crude_oil_brent,74.7,usd_per_bbl,"World Bank Commodity Markets (Pink Sheet), Monthly Prices",https://thedocs.worldbank.org/en/doc/74e8be41ceb20fa0da750cda2f6b9e4e-0050012026/related/CMO-Historical-Data-Monthly.xlsx
2010-01-01,crude_oil_brent,76.4,usd_per_bbl,"World Bank Commodity Markets (Pink Sheet), Monthly Prices",https://thedocs.worldbank.org/en/doc/74e8be41ceb20fa0da750cda2f6b9e4e-0050012026/related/CMO-Historical-Data-Monthly.xlsx
2010-02-01,crude_oil_brent,74.3,usd_per_bbl,"World Bank Commodity Markets (Pink Sheet), Monthly Prices",https://thedocs.worldbank.org/en/doc/74e8be41ceb20fa0da750cda2f6b9e4e-0050012026/related/CMO-Historical-Data-Monthly.xlsx
2010-03-01,crude_oil_brent,79.3,usd_per_bbl,"World Bank Commodity Markets (Pink Sheet), Monthly Prices",https://thedocs.worldbank.org/en/doc/74e8be41ceb20fa0da750cda2f6b9e4e-0050012026/related/CMO-Historical-Data-Monthly.xlsx
2010-04-01,crude_oil_brent,85.0,usd_per_bbl,"World Bank Commodity Markets (Pink Sheet), Monthly Prices",https://thedocs.worldbank.org/en/doc/74e8be41ceb20fa0da750cda2f6b9e4e-0050012026/related/CMO-Historical-Data-Monthly.xlsx
2010-05-01,crude_oil_brent,76.3,usd_per_bbl,"World Bank Commodity Markets (Pink Sheet), Monthly Prices",https://thedocs.worldbank.org/en/doc/74e8be41ceb20fa0da750cda2f6b9e4e-0050012026/related/CMO-Historical-Data-Monthly.xlsx
2010-06-01,crude_oil_brent,74.8,usd_per_bbl,"World Bank Commodity Markets (Pink Sheet), Monthly Prices",https://thedocs.worldbank.org/en/doc/74e8be41ceb20fa0da750cda2f6b9e4e-0050012026/related/CMO-Historical-Data-Monthly.xlsx
2010-07-01,crude_oil_brent,74.7,usd_per_bbl,"World Bank Commodity Markets (Pink Sheet), Monthly Prices",https://thedocs.worldbank.org/en/doc/74e8be41ceb20fa0da750cda2f6b9e4e-0050012026/related/CMO-Historical-Data-Monthly.xlsx
2010-08-01,crude_oil_brent,76.7,usd_per_bbl,"World Bank Commodity Markets (Pink Sheet), Monthly Prices",https://thedocs.worldbank.org/en/doc/74e8be41ceb20fa0da750cda2f6b9e4e-0050012026/related/CMO-Historical-Data-Monthly.xlsx
2010-09-01,crude_oil_brent,77.8,usd_per_bbl,"World Bank Commodity Markets (Pink Sheet), Monthly Prices",https://thedocs.worldbank.org/en/doc/74e8be41ceb20fa0da750cda2f6b9e4e-0050012026/related/CMO-Historical-Data-Monthly.xlsx
2010-10-01,crude_oil_brent,82.9,usd_per_bbl,"World Bank Commodity Markets (Pink Sheet), Monthly Prices",https://thedocs.worldbank.org/en/doc/74e8be41ceb20fa0da750cda2f6b9e4e-0050012026/related/CMO-Historical-Data-Monthly.xlsx
2010-11-01,crude_oil_brent,85.7,usd_per_bbl,"World Bank Commodity Markets (Pink Sheet), Monthly Prices",https://thedocs.worldbank.org/en/doc/74e8be41ceb20fa0da750cda2f6b9e4e-0050012026/related/CMO-Historical-Data-Monthly.xlsx
2010-12-01,crude_oil_brent,91.8,usd_per_bbl,"World Bank Commodity Markets (Pink Sheet), Monthly Prices",https://thedocs.worldbank.org/en/doc/74e8be41ceb20fa0da750cda2f6b9e4e-0050012026/related/CMO-Historical-Data-Monthly.xlsx
2011-01-01,crude_oil_brent,96.3,usd_per_bbl,"World Bank Commodity Markets (Pink Sheet), Monthly Prices",https://thedocs.worldbank.org/en/doc/74e8be41ceb20fa0da750cda2f6b9e4e-0050012026/related/CMO-Historical-Data-Monthly.xlsx
2011-02-01,crude_oil_brent,104.0,usd_per_bbl,"World Bank Commodity Markets (Pink Sheet), Monthly Prices",https://thedocs.worldbank.org/en/doc/74e8be41ceb20fa0da750cda2f6b9e4e-0050012026/related/CMO-Historical-Data-Monthly.xlsx
2011-03-01,crude_oil_brent,114.4,usd_per_bbl,"World Bank Commodity Markets (Pink Sheet), Monthly Prices",https://thedocs.worldbank.org/en/doc/74e8be41ceb20fa0da750cda2f6b9e4e-0050012026/related/CMO-Historical-Data-Monthly.xlsx
2011-04-01,crude_oil_brent,123.1,usd_per_bbl,"World Bank Commodity Markets (Pink Sheet), Monthly Prices",https://thedocs.worldbank.org/en/doc/74e8be41ceb20fa0da750cda2f6b9e4e-0050012026/related/CMO-Historical-Data-Monthly.xlsx
2011-05-01,crude_oil_brent,114.5,usd_per_bbl,"World Bank Commodity Markets (Pink Sheet), Monthly Prices",https://thedocs.worldbank.org/en/doc/74e8be41ceb20fa0da750cda2f6b9e4e-0050012026/related/CMO-Historical-Data-Monthly.xlsx
2011-06-01,crude_oil_brent,113.8,usd_per_bbl,"World Bank Commodity Markets (Pink Sheet), Monthly Prices",https://thedocs.worldbank.org/en/doc/74e8be41ceb20fa0da750cda2f6b9e4e-0050012026/related/CMO-Historical-Data-Monthly.xlsx
2011-07-01,crude_oil_brent,116.5,usd_per_bbl,"World Bank Commodity Markets (Pink Sheet), Monthly Prices",https://thedocs.worldbank.org/en/doc/74e8be41ceb20fa0da750cda2f6b9e4e-0050012026/related/CMO-Historical-Data-Monthly.xlsx
2011-08-01,crude_oil_brent,110.1,usd_per_bbl,"World Bank Commodity Markets (Pink Sheet), Monthly Prices",https://thedocs.worldbank.org/en/doc/74e8be41ceb20fa0da750cda2f6b9e4e-0050012026/related/CMO-Historical-Data-Monthly.xlsx
2011-09-01,crude_oil_brent,110.9,usd_per_bbl,"World Bank Commodity Markets (Pink Sheet), Monthly Prices",https://thedocs.worldbank.org/en/doc/74e8be41ceb20fa0da750cda2f6b9e4e-0050012026/related/CMO-Historical-Data-Monthly.xlsx
2011-10-01,crude_oil_brent,109.5,usd_per_bbl,"World Bank Commodity Markets (Pink Sheet), Monthly Prices",https://thedocs.worldbank.org/en/doc/74e8be41ceb20fa0da750cda2f6b9e4e-0050012026/related/CMO-Historical-Data-Monthly.xlsx
2011-11-01,crude_oil_brent,110.5,usd_per_bbl,"World Bank Commodity Markets (Pink Sheet), Monthly Prices",https://thedocs.worldbank.org/en/doc/74e8be41ceb20fa0da750cda2f6b9e4e-0050012026/related/CMO-Historical-Data-Monthly.xlsx
2011-12-01,crude_oil_brent,107.9,usd_per_bbl,"World Bank Commodity Markets (Pink Sheet), Monthly Prices",https://thedocs.worldbank.org/en/doc/74e8be41ceb20fa0da750cda2f6b9e4e-0050012026/related/CMO-Historical-Data-Monthly.xlsx
2012-01-01,crude_oil_brent,111.2,usd_per_bbl,"World Bank Commodity Markets (Pink Sheet), Monthly Prices",https://thedocs.worldbank.org/en/doc/74e8be41ceb20fa0da750cda2f6b9e4e-0050012026/related/CMO-Historical-Data-Monthly.xlsx
2012-02-01,crude_oil_brent,119.7,usd_per_bbl,"World Bank Commodity Markets (Pink Sheet), Monthly Prices",https://thedocs.worldbank.org/en/doc/74e8be41ceb20fa0da750cda2f6b9e4e-0050012026/related/CMO-Historical-Data-Monthly.xlsx
2012-03-01,crude_oil_brent,124.9,usd_per_bbl,"World Bank Commodity Markets (Pink Sheet), Monthly Prices",https://thedocs.worldbank.org/en/doc/74e8be41ceb20fa0da750cda2f6b9e4e-0050012026/related/CMO-Historical-Data-Monthly.xlsx
2012-04-01,crude_oil_brent,120.5,usd_per_bbl,"World Bank Commodity Markets (Pink Sheet), Monthly Prices",https://thedocs.worldbank.org/en/doc/74e8be41ceb20fa0da750cda2f6b9e4e-0050012026/related/CMO-Historical-Data-Monthly.xlsx
2012-05-01,crude_oil_brent,110.5,usd_per_bbl,"World Bank Commodity Markets (Pink Sheet), Monthly Prices",https://thedocs.worldbank.org/en/doc/74e8be41ceb20fa0da750cda2f6b9e4e-0050012026/related/CMO-Historical-Data-Monthly.xlsx
2012-06-01,crude_oil_brent,95.6,usd_per_bbl,"World Bank Commodity Markets (Pink Sheet), Monthly Prices",https://thedocs.worldbank.org/en/doc/74e8be41ceb20fa0da750cda2f6b9e4e-0050012026/related/CMO-Historical-Data-Monthly.xlsx
2012-07-01,crude_oil_brent,103.1,usd_per_bbl,"World Bank Commodity Markets (Pink Sheet), Monthly Prices",https://thedocs.worldbank.org/en/doc/74e8be41ceb20fa0da750cda2f6b9e4e-0050012026/related/CMO-Historical-Data-Monthly.xlsx
2012-08-01,crude_oil_brent,113.3,usd_per_bbl,"World Bank Commodity Markets (Pink Sheet), Monthly Prices",https://thedocs.worldbank.org/en/doc/74e8be41ceb20fa0da750cda2f6b9e4e-0050012026/related/CMO-Historical-Data-Monthly.xlsx
2012-09-01,crude_oil_brent,113.4,usd_per_bbl,"World Bank Commodity Markets (Pink Sheet), Monthly Prices",https://thedocs.worldbank.org/en/doc/74e8be41ceb20fa0da750cda2f6b9e4e-0050012026/related/CMO-Historical-Data-Monthly.xlsx
2012-10-01,crude_oil_brent,112.0,usd_per_bbl,"World Bank Commodity Markets (Pink Sheet), Monthly Prices",https://thedocs.worldbank.org/en/doc/74e8be41ceb20fa0da750cda2f6b9e4e-0050012026/related/CMO-Historical-Data-Monthly.xlsx
2012-11-01,crude_oil_brent,109.7,usd_per_bbl,"World Bank Commodity Markets (Pink Sheet), Monthly Prices",https://thedocs.worldbank.org/en/doc/74e8be41ceb20fa0da750cda2f6b9e4e-0050012026/related/CMO-Historical-Data-Monthly.xlsx
2012-12-01,crude_oil_brent,109.7,usd_per_bbl,"World Bank Commodity Markets (Pink Sheet), Monthly Prices",https://thedocs.worldbank.org/en/doc/74e8be41ceb20fa0da750cda2f6b9e4e-0050012026/related/CMO-Historical-Data-Monthly.xlsx
2013-01-01,crude_oil_brent,113.0,usd_per_bbl,"World Bank Commodity Markets (Pink Sheet), Monthly Prices",https://thedocs.worldbank.org/en/doc/74e8be41ceb20fa0da750cda2f6b9e4e-0050012026/related/CMO-Historical-Data-Monthly.xlsx
2013-02-01,crude_oil_brent,116.5,usd_per_bbl,"World Bank Commodity Markets (Pink Sheet), Monthly Prices",https://thedocs.worldbank.org/en/doc/74e8be41ceb20fa0da750cda2f6b9e4e-0050012026/related/CMO-Historical-Data-Monthly.xlsx
2013-03-01,crude_oil_brent,109.2,usd_per_bbl,"World Bank Commodity Markets (Pink Sheet), Monthly Prices",https://thedocs.worldbank.org/en/doc/74e8be41ceb20fa0da750cda2f6b9e4e-0050012026/related/CMO-Historical-Data-Monthly.xlsx
2013-04-01,crude_oil_brent,102.9,usd_per_bbl,"World Bank Commodity Markets (Pink Sheet), Monthly Prices",https://thedocs.worldbank.org/en/doc/74e8be41ceb20fa0da750cda2f6b9e4e-0050012026/related/CMO-Historical-Data-Monthly.xlsx
2013-05-01,crude_oil_brent,103.0,usd_per_bbl,"World Bank Commodity Markets (Pink Sheet), Monthly Prices",https://thedocs.worldbank.org/en/doc/74e8be41ceb20fa0da750cda2f6b9e4e-0050012026/related/CMO-Historical-Data-Monthly.xlsx
2013-06-01,crude_oil_brent,103.1,usd_per_bbl,"World Bank Commodity Markets (Pink Sheet), Monthly Prices",https://thedocs.worldbank.org/en/doc/74e8be41ceb20fa0da750cda2f6b9e4e-0050012026/related/CMO-Historical-Data-Monthly.xlsx
2013-07-01,crude_oil_brent,107.7,usd_per_bbl,"World Bank Commodity Markets (Pink Sheet), Monthly Prices",https://thedocs.worldbank.org/en/doc/74e8be41ceb20fa0da750cda2f6b9e4e-0050012026/related/CMO-Historical-Data-Monthly.xlsx
2013-08-01,crude_oil_brent,111.0,usd_per_bbl,"World Bank Commodity Markets (Pink Sheet), Monthly Prices",https://thedocs.worldbank.org/en/doc/74e8be41ceb20fa0da750cda2f6b9e4e-0050012026/related/CMO-Historical-Data-Monthly.xlsx
2013-09-01,crude_oil_brent,111.6,usd_per_bbl,"World Bank Commodity Markets (Pink Sheet), Monthly Prices",https://thedocs.worldbank.org/en/doc/74e8be41ceb20fa0da750cda2f6b9e4e-0050012026/related/CMO-Historical-Data-Monthly.xlsx
2013-10-01,crude_oil_brent,109.5,usd_per_bbl,"World Bank Commodity Markets (Pink Sheet), Monthly Prices",https://thedocs.worldbank.org/en/doc/74e8be41ceb20fa0da750cda2f6b9e4e-0050012026/related/CMO-Historical-Data-Monthly.xlsx
2013-11-01,crude_oil_brent,108.1,usd_per_bbl,"World Bank Commodity Markets (Pink Sheet), Monthly Prices",https://thedocs.worldbank.org/en/doc/74e8be41ceb20fa0da750cda2f6b9e4e-0050012026/related/CMO-Historical-Data-Monthly.xlsx
2013-12-01,crude_oil_brent,110.7,usd_per_bbl,"World Bank Commodity Markets (Pink Sheet), Monthly Prices",https://thedocs.worldbank.org/en/doc/74e8be41ceb20fa0da750cda2f6b9e4e-0050012026/related/CMO-Historical-Data-Monthly.xlsx
2014-01-01,crude_oil_brent,107.4,usd_per_bbl,"World Bank Commodity Markets (Pink Sheet), Monthly Prices",https://thedocs.worldbank.org/en/doc/74e8be41ceb20fa0da750cda2f6b9e4e-0050012026/related/CMO-Historical-Data-Monthly.xlsx
2014-02-01,crude_oil_brent,108.8,usd_per_bbl,"World Bank Commodity Markets (Pink Sheet), Monthly Prices",https://thedocs.worldbank.org/en/doc/74e8be41ceb20fa0da750cda2f6b9e4e-0050012026/related/CMO-Historical-Data-Monthly.xlsx
2014-03-01,crude_oil_brent,107.4,usd_per_bbl,"World Bank Commodity Markets (Pink Sheet), Monthly Prices",https://thedocs.worldbank.org/en/doc/74e8be41ceb20fa0da750cda2f6b9e4e-0050012026/related/CMO-Historical-Data-Monthly.xlsx
2014-04-01,crude_oil_brent,107.8,usd_per_bbl,"World Bank Commodity Markets (Pink Sheet), Monthly Prices",https://thedocs.worldbank.org/en/doc/74e8be41ceb20fa0da750cda2f6b9e4e-0050012026/related/CMO-Historical-Data-Monthly.xlsx
2014-05-01,crude_oil_brent,109.7,usd_per_bbl,"World Bank Commodity Markets (Pink Sheet), Monthly Prices",https://thedocs.worldbank.org/en/doc/74e8be41ceb20fa0da750cda2f6b9e4e-0050012026/related/CMO-Historical-Data-Monthly.xlsx
2014-06-01,crude_oil_brent,111.9,usd_per_bbl,"World Bank Commodity Markets (Pink Sheet), Monthly Prices",https://thedocs.worldbank.org/en/doc/74e8be41ceb20fa0da750cda2f6b9e4e-0050012026/related/CMO-Historical-Data-Monthly.xlsx
2014-07-01,crude_oil_brent,107.0,usd_per_bbl,"World Bank Commodity Markets (Pink Sheet), Monthly Prices",https://thedocs.worldbank.org/en/doc/74e8be41ceb20fa0da750cda2f6b9e4e-0050012026/related/CMO-Historical-Data-Monthly.xlsx
2014-08-01,crude_oil_brent,101.9,usd_per_bbl,"World Bank Commodity Markets (Pink Sheet), Monthly Prices",https://thedocs.worldbank.org/en/doc/74e8be41ceb20fa0da750cda2f6b9e4e-0050012026/related/CMO-Historical-Data-Monthly.xlsx
2014-09-01,crude_oil_brent,97.3,usd_per_bbl,"World Bank Commodity Markets (Pink Sheet), Monthly Prices",https://thedocs.worldbank.org/en/doc/74e8be41ceb20fa0da750cda2f6b9e4e-0050012026/related/CMO-Historical-Data-Monthly.xlsx
2014-10-01,crude_oil_brent,87.3,usd_per_bbl,"World Bank Commodity Markets (Pink Sheet), Monthly Prices",https://thedocs.worldbank.org/en/doc/74e8be41ceb20fa0da750cda2f6b9e4e-0050012026/related/CMO-Historical-Data-Monthly.xlsx
2014-11-01,crude_oil_brent,78.4,usd_per_bbl,"World Bank Commodity Markets (Pink Sheet), Monthly Prices",https://thedocs.worldbank.org/en/doc/74e8be41ceb20fa0da750cda2f6b9e4e-0050012026/related/CMO-Historical-Data-Monthly.xlsx
2014-12-01,crude_oil_brent,62.3,usd_per_bbl,"World Bank Commodity Markets (Pink Sheet), Monthly Prices",https://thedocs.worldbank.org/en/doc/74e8be41ceb20fa0da750cda2f6b9e4e-0050012026/related/CMO-Historical-Data-Monthly.xlsx
2015-01-01,crude_oil_brent,48.1,usd_per_bbl,"World Bank Commodity Markets (Pink Sheet), Monthly Prices",https://thedocs.worldbank.org/en/doc/74e8be41ceb20fa0da750cda2f6b9e4e-0050012026/related/CMO-Historical-Data-Monthly.xlsx
2015-02-01,crude_oil_brent,57.9,usd_per_bbl,"World Bank Commodity Markets (Pink Sheet), Monthly Prices",https://thedocs.worldbank.org/en/doc/74e8be41ceb20fa0da750cda2f6b9e4e-0050012026/related/CMO-Historical-Data-Monthly.xlsx
2015-03-01,crude_oil_brent,55.8,usd_per_bbl,"World Bank Commodity Markets (Pink Sheet), Monthly Prices",https://thedocs.worldbank.org/en/doc/74e8be41ceb20fa0da750cda2f6b9e4e-0050012026/related/CMO-Historical-Data-Monthly.xlsx
2015-04-01,crude_oil_brent,59.4,usd_per_bbl,"World Bank Commodity Markets (Pink Sheet), Monthly Prices",https://thedocs.worldbank.org/en/doc/74e8be41ceb20fa0da750cda2f6b9e4e-0050012026/related/CMO-Historical-Data-Monthly.xlsx
2015-05-01,crude_oil_brent,64.6,usd_per_bbl,"World Bank Commodity Markets (Pink Sheet), Monthly Prices",https://thedocs.worldbank.org/en/doc/74e8be41ceb20fa0da750cda2f6b9e4e-0050012026/related/CMO-Historical-Data-Monthly.xlsx
2015-06-01,crude_oil_brent,62.3,usd_per_bbl,"World Bank Commodity Markets (Pink Sheet), Monthly Prices",https://thedocs.worldbank.org/en/doc/74e8be41ceb20fa0da750cda2f6b9e4e-0050012026/related/CMO-Historical-Data-Monthly.xlsx
2015-07-01,crude_oil_brent,55.9,usd_per_bbl,"World Bank Commodity Markets (Pink Sheet), Monthly Prices",https://thedocs.worldbank.org/en/doc/74e8be41ceb20fa0da750cda2f6b9e4e-0050012026/related/CMO-Historical-Data-Monthly.xlsx
2015-08-01,crude_oil_brent,47.0,usd_per_bbl,"World Bank Commodity Markets (Pink Sheet), Monthly Prices",https://thedocs.worldbank.org/en/doc/74e8be41ceb20fa0da750cda2f6b9e4e-0050012026/related/CMO-Historical-Data-Monthly.xlsx
2015-09-01,crude_oil_brent,47.2,usd_per_bbl,"World Bank Commodity Markets (Pink Sheet), Monthly Prices",https://thedocs.worldbank.org/en/doc/74e8be41ceb20fa0da750cda2f6b9e4e-0050012026/related/CMO-Historical-Data-Monthly.xlsx
2015-10-01,crude_oil_brent,48.1,usd_per_bbl,"World Bank Commodity Markets (Pink Sheet), Monthly Prices",https://thedocs.worldbank.org/en/doc/74e8be41ceb20fa0da750cda2f6b9e4e-0050012026/related/CMO-Historical-Data-Monthly.xlsx
2015-11-01,crude_oil_brent,44.4,usd_per_bbl,"World Bank Commodity Markets (Pink Sheet), Monthly Prices",https://thedocs.worldbank.org/en/doc/74e8be41ceb20fa0da750cda2f6b9e4e-0050012026/related/CMO-Historical-Data-Monthly.xlsx
2015-12-01,crude_oil_brent,37.7,usd_per_bbl,"World Bank Commodity Markets (Pink Sheet), Monthly Prices",https://thedocs.worldbank.org/en/doc/74e8be41ceb20fa0da750cda2f6b9e4e-0050012026/related/CMO-Historical-Data-Monthly.xlsx
2016-01-01,crude_oil_brent,30.8,usd_per_bbl,"World Bank Commodity Markets (Pink Sheet), Monthly Prices",https://thedocs.worldbank.org/en/doc/74e8be41ceb20fa0da750cda2f6b9e4e-0050012026/related/CMO-Historical-Data-Monthly.xlsx
2016-02-01,crude_oil_brent,33.2,usd_per_bbl,"World Bank Commodity Markets (Pink Sheet), Monthly Prices",https://thedocs.worldbank.org/en/doc/74e8be41ceb20fa0da750cda2f6b9e4e-0050012026/related/CMO-Historical-Data-Monthly.xlsx
2016-03-01,crude_oil_brent,39.1,usd_per_bbl,"World Bank Commodity Markets (Pink Sheet), Monthly Prices",https://thedocs.worldbank.org/en/doc/74e8be41ceb20fa0da750cda2f6b9e4e-0050012026/related/CMO-Historical-Data-Monthly.xlsx
2016-04-01,crude_oil_brent,42.3,usd_per_bbl,"World Bank Commodity Markets (Pink Sheet), Monthly Prices",https://thedocs.worldbank.org/en/doc/74e8be41ceb20fa0da750cda2f6b9e4e-0050012026/related/CMO-Historical-Data-Monthly.xlsx
2016-05-01,crude_oil_brent,47.1,usd_per_bbl,"World Bank Commodity Markets (Pink Sheet), Monthly Prices",https://thedocs.worldbank.org/en/doc/74e8be41ceb20fa0da750cda2f6b9e4e-0050012026/related/CMO-Historical-Data-Monthly.xlsx
2016-06-01,crude_oil_brent,48.5,usd_per_bbl,"World Bank Commodity Markets (Pink Sheet), Monthly Prices",https://thedocs.worldbank.org/en/doc/74e8be41ceb20fa0da750cda2f6b9e4e-0050012026/related/CMO-Historical-Data-Monthly.xlsx
2016-07-01,crude_oil_brent,45.1,usd_per_bbl,"World Bank Commodity Markets (Pink Sheet), Monthly Prices",https://thedocs.worldbank.org/en/doc/74e8be41ceb20fa0da750cda2f6b9e4e-0050012026/related/CMO-Historical-Data-Monthly.xlsx
2016-08-01,crude_oil_brent,46.1,usd_per_bbl,"World Bank Commodity Markets (Pink Sheet), Monthly Prices",https://thedocs.worldbank.org/en/doc/74e8be41ceb20fa0da750cda2f6b9e4e-0050012026/related/CMO-Historical-Data-Monthly.xlsx
2016-09-01,crude_oil_brent,46.2,usd_per_bbl,"World Bank Commodity Markets (Pink Sheet), Monthly Prices",https://thedocs.worldbank.org/en/doc/74e8be41ceb20fa0da750cda2f6b9e4e-0050012026/related/CMO-Historical-Data-Monthly.xlsx
2016-10-01,crude_oil_brent,49.7,usd_per_bbl,"World Bank Commodity Markets (Pink Sheet), Monthly Prices",https://thedocs.worldbank.org/en/doc/74e8be41ceb20fa0da750cda2f6b9e4e-0050012026/related/CMO-Historical-Data-Monthly.xlsx
2016-11-01,crude_oil_brent,46.4,usd_per_bbl,"World Bank Commodity Markets (Pink Sheet), Monthly Prices",https://thedocs.worldbank.org/en/doc/74e8be41ceb20fa0da750cda2f6b9e4e-0050012026/related/CMO-Historical-Data-Monthly.xlsx
2016-12-01,crude_oil_brent,54.1,usd_per_bbl,"World Bank Commodity Markets (Pink Sheet), Monthly Prices",https://thedocs.worldbank.org/en/doc/74e8be41ceb20fa0da750cda2f6b9e4e-0050012026/related/CMO-Historical-Data-Monthly.xlsx
2017-01-01,crude_oil_brent,54.9,usd_per_bbl,"World Bank Commodity Markets (Pink Sheet), Monthly Prices",https://thedocs.worldbank.org/en/doc/74e8be41ceb20fa0da750cda2f6b9e4e-0050012026/related/CMO-Historical-Data-Monthly.xlsx
2017-02-01,crude_oil_brent,55.5,usd_per_bbl,"World Bank Commodity Markets (Pink Sheet), Monthly Prices",https://thedocs.worldbank.org/en/doc/74e8be41ceb20fa0da750cda2f6b9e4e-0050012026/related/CMO-Historical-Data-Monthly.xlsx
2017-03-01,crude_oil_brent,52.0,usd_per_bbl,"World Bank Commodity Markets (Pink Sheet), Monthly Prices",https://thedocs.worldbank.org/en/doc/74e8be41ceb20fa0da750cda2f6b9e4e-0050012026/related/CMO-Historical-Data-Monthly.xlsx
2017-04-01,crude_oil_brent,53.0,usd_per_bbl,"World Bank Commodity Markets (Pink Sheet), Monthly Prices",https://thedocs.worldbank.org/en/doc/74e8be41ceb20fa0da750cda2f6b9e4e-0050012026/related/CMO-Historical-Data-Monthly.xlsx
2017-05-01,crude_oil_brent,50.9,usd_per_bbl,"World Bank Commodity Markets (Pink Sheet), Monthly Prices",https://thedocs.worldbank.org/en/doc/74e8be41ceb20fa0da750cda2f6b9e4e-0050012026/related/CMO-Historical-Data-Monthly.xlsx
2017-06-01,crude_oil_brent,46.9,usd_per_bbl,"World Bank Commodity Markets (Pink Sheet), Monthly Prices",https://thedocs.worldbank.org/en/doc/74e8be41ceb20fa0da750cda2f6b9e4e-0050012026/related/CMO-Historical-Data-Monthly.xlsx
2017-07-01,crude_oil_brent,48.7,usd_per_bbl,"World Bank Commodity Markets (Pink Sheet), Monthly Prices",https://thedocs.worldbank.org/en/doc/74e8be41ceb20fa0da750cda2f6b9e4e-0050012026/related/CMO-Historical-Data-Monthly.xlsx
2017-08-01,crude_oil_brent,51.4,usd_per_bbl,"World Bank Commodity Markets (Pink Sheet), Monthly Prices",https://thedocs.worldbank.org/en/doc/74e8be41ceb20fa0da750cda2f6b9e4e-0050012026/related/CMO-Historical-Data-Monthly.xlsx
2017-09-01,crude_oil_brent,55.2,usd_per_bbl,"World Bank Commodity Markets (Pink Sheet), Monthly Prices",https://thedocs.worldbank.org/en/doc/74e8be41ceb20fa0da750cda2f6b9e4e-0050012026/related/CMO-Historical-Data-Monthly.xlsx
2017-10-01,crude_oil_brent,57.6,usd_per_bbl,"World Bank Commodity Markets (Pink Sheet), Monthly Prices",https://thedocs.worldbank.org/en/doc/74e8be41ceb20fa0da750cda2f6b9e4e-0050012026/related/CMO-Historical-Data-Monthly.xlsx
2017-11-01,crude_oil_brent,62.6,usd_per_bbl,"World Bank Commodity Markets (Pink Sheet), Monthly Prices",https://thedocs.worldbank.org/en/doc/74e8be41ceb20fa0da750cda2f6b9e4e-0050012026/related/CMO-Historical-Data-Monthly.xlsx
2017-12-01,crude_oil_brent,64.2,usd_per_bbl,"World Bank Commodity Markets (Pink Sheet), Monthly Prices",https://thedocs.worldbank.org/en/doc/74e8be41ceb20fa0da750cda2f6b9e4e-0050012026/related/CMO-Historical-Data-Monthly.xlsx
2018-01-01,crude_oil_brent,69.0,usd_per_bbl,"World Bank Commodity Markets (Pink Sheet), Monthly Prices",https://thedocs.worldbank.org/en/doc/74e8be41ceb20fa0da750cda2f6b9e4e-0050012026/related/CMO-Historical-Data-Monthly.xlsx
2018-02-01,crude_oil_brent,65.4,usd_per_bbl,"World Bank Commodity Markets (Pink Sheet), Monthly Prices",https://thedocs.worldbank.org/en/doc/74e8be41ceb20fa0da750cda2f6b9e4e-0050012026/related/CMO-Historical-Data-Monthly.xlsx
2018-03-01,crude_oil_brent,66.5,usd_per_bbl,"World Bank Commodity Markets (Pink Sheet), Monthly Prices",https://thedocs.worldbank.org/en/doc/74e8be41ceb20fa0da750cda2f6b9e4e-0050012026/related/CMO-Historical-Data-Monthly.xlsx
2018-04-01,crude_oil_brent,71.6,usd_per_bbl,"World Bank Commodity Markets (Pink Sheet), Monthly Prices",https://thedocs.worldbank.org/en/doc/74e8be41ceb20fa0da750cda2f6b9e4e-0050012026/related/CMO-Historical-Data-Monthly.xlsx
2018-05-01,crude_oil_brent,76.7,usd_per_bbl,"World Bank Commodity Markets (Pink Sheet), Monthly Prices",https://thedocs.worldbank.org/en/doc/74e8be41ceb20fa0da750cda2f6b9e4e-0050012026/related/CMO-Historical-Data-Monthly.xlsx
2018-06-01,crude_oil_brent,75.2,usd_per_bbl,"World Bank Commodity Markets (Pink Sheet), Monthly Prices",https://thedocs.worldbank.org/en/doc/74e8be41ceb20fa0da750cda2f6b9e4e-0050012026/related/CMO-Historical-Data-Monthly.xlsx
2018-07-01,crude_oil_brent,74.4,usd_per_bbl,"World Bank Commodity Markets (Pink Sheet), Monthly Prices",https://thedocs.worldbank.org/en/doc/74e8be41ceb20fa0da750cda2f6b9e4e-0050012026/related/CMO-Historical-Data-Monthly.xlsx
2018-08-01,crude_oil_brent,73.1,usd_per_bbl,"World Bank Commodity Markets (Pink Sheet), Monthly Prices",https://thedocs.worldbank.org/en/doc/74e8be41ceb20fa0da750cda2f6b9e4e-0050012026/related/CMO-Historical-Data-Monthly.xlsx
2018-09-01,crude_oil_brent,78.9,usd_per_bbl,"World Bank Commodity Markets (Pink Sheet), Monthly Prices",https://thedocs.worldbank.org/en/doc/74e8be41ceb20fa0da750cda2f6b9e4e-0050012026/related/CMO-Historical-Data-Monthly.xlsx
2018-10-01,crude_oil_brent,80.5,usd_per_bbl,"World Bank Commodity Markets (Pink Sheet), Monthly Prices",https://thedocs.worldbank.org/en/doc/74e8be41ceb20fa0da750cda2f6b9e4e-0050012026/related/CMO-Historical-Data-Monthly.xlsx
2018-11-01,crude_oil_brent,65.2,usd_per_bbl,"World Bank Commodity Markets (Pink Sheet), Monthly Prices",https://thedocs.worldbank.org/en/doc/74e8be41ceb20fa0da750cda2f6b9e4e-0050012026/related/CMO-Historical-Data-Monthly.xlsx
2018-12-01,crude_oil_brent,56.5,usd_per_bbl,"World Bank Commodity Markets (Pink Sheet), Monthly Prices",https://thedocs.worldbank.org/en/doc/74e8be41ceb20fa0da750cda2f6b9e4e-0050012026/related/CMO-Historical-Data-Monthly.xlsx
2019-01-01,crude_oil_brent,59.3,usd_per_bbl,"World Bank Commodity Markets (Pink Sheet), Monthly Prices",https://thedocs.worldbank.org/en/doc/74e8be41ceb20fa0da750cda2f6b9e4e-0050012026/related/CMO-Historical-Data-Monthly.xlsx
2019-02-01,crude_oil_brent,64.1,usd_per_bbl,"World Bank Commodity Markets (Pink Sheet), Monthly Prices",https://thedocs.worldbank.org/en/doc/74e8be41ceb20fa0da750cda2f6b9e4e-0050012026/related/CMO-Historical-Data-Monthly.xlsx
2019-03-01,crude_oil_brent,66.4,usd_per_bbl,"World Bank Commodity Markets (Pink Sheet), Monthly Prices",https://thedocs.worldbank.org/en/doc/74e8be41ceb20fa0da750cda2f6b9e4e-0050012026/related/CMO-Historical-Data-Monthly.xlsx
2019-04-01,crude_oil_brent,71.2,usd_per_bbl,"World Bank Commodity Markets (Pink Sheet), Monthly Prices",https://thedocs.worldbank.org/en/doc/74e8be41ceb20fa0da750cda2f6b9e4e-0050012026/related/CMO-Historical-Data-Monthly.xlsx
2019-05-01,crude_oil_brent,70.5,usd_per_bbl,"World Bank Commodity Markets (Pink Sheet), Monthly Prices",https://thedocs.worldbank.org/en/doc/74e8be41ceb20fa0da750cda2f6b9e4e-0050012026/related/CMO-Historical-Data-Monthly.xlsx
2019-06-01,crude_oil_brent,63.3,usd_per_bbl,"World Bank Commodity Markets (Pink Sheet), Monthly Prices",https://thedocs.worldbank.org/en/doc/74e8be41ceb20fa0da750cda2f6b9e4e-0050012026/related/CMO-Historical-Data-Monthly.xlsx
2019-07-01,crude_oil_brent,64.0,usd_per_bbl,"World Bank Commodity Markets (Pink Sheet), Monthly Prices",https://thedocs.worldbank.org/en/doc/74e8be41ceb20fa0da750cda2f6b9e4e-0050012026/related/CMO-Historical-Data-Monthly.xlsx
2019-08-01,crude_oil_brent,59.3,usd_per_bbl,"World Bank Commodity Markets (Pink Sheet), Monthly Prices",https://thedocs.worldbank.org/en/doc/74e8be41ceb20fa0da750cda2f6b9e4e-0050012026/related/CMO-Historical-Data-Monthly.xlsx
2019-09-01,crude_oil_brent,62.3,usd_per_bbl,"World Bank Commodity Markets (Pink Sheet), Monthly Prices",https://thedocs.worldbank.org/en/doc/74e8be41ceb20fa0da750cda2f6b9e4e-0050012026/related/CMO-Historical-Data-Monthly.xlsx
2019-10-01,crude_oil_brent,59.4,usd_per_bbl,"World Bank Commodity Markets (Pink Sheet), Monthly Prices",https://thedocs.worldbank.org/en/doc/74e8be41ceb20fa0da750cda2f6b9e4e-0050012026/related/CMO-Historical-Data-Monthly.xlsx
2019-11-01,crude_oil_brent,62.7,usd_per_bbl,"World Bank Commodity Markets (Pink Sheet), Monthly Prices",https://thedocs.worldbank.org/en/doc/74e8be41ceb20fa0da750cda2f6b9e4e-0050012026/related/CMO-Historical-Data-Monthly.xlsx
2019-12-01,crude_oil_brent,65.9,usd_per_bbl,"World Bank Commodity Markets (Pink Sheet), Monthly Prices",https://thedocs.worldbank.org/en/doc/74e8be41ceb20fa0da750cda2f6b9e4e-0050012026/related/CMO-Historical-Data-Monthly.xlsx
2020-01-01,crude_oil_brent,63.6,usd_per_bbl,"World Bank Commodity Markets (Pink Sheet), Monthly Prices",https://thedocs.worldbank.org/en/doc/74e8be41ceb20fa0da750cda2f6b9e4e-0050012026/related/CMO-Historical-Data-Monthly.xlsx
2020-02-01,crude_oil_brent,55.0,usd_per_bbl,"World Bank Commodity Markets (Pink Sheet), Monthly Prices",https://thedocs.worldbank.org/en/doc/74e8be41ceb20fa0da750cda2f6b9e4e-0050012026/related/CMO-Historical-Data-Monthly.xlsx
2020-03-01,crude_oil_brent,33.0,usd_per_bbl,"World Bank Commodity Markets (Pink Sheet), Monthly Prices",https://thedocs.worldbank.org/en/doc/74e8be41ceb20fa0da750cda2f6b9e4e-0050012026/related/CMO-Historical-Data-Monthly.xlsx
2020-04-01,crude_oil_brent,23.3,usd_per_bbl,"World Bank Commodity Markets (Pink Sheet), Monthly Prices",https://thedocs.worldbank.org/en/doc/74e8be41ceb20fa0da750cda2f6b9e4e-0050012026/related/CMO-Historical-Data-Monthly.xlsx
2020-05-01,crude_oil_brent,31.0,usd_per_bbl,"World Bank Commodity Markets (Pink Sheet), Monthly Prices",https://thedocs.worldbank.org/en/doc/74e8be41ceb20fa0da750cda2f6b9e4e-0050012026/related/CMO-Historical-Data-Monthly.xlsx
2020-06-01,crude_oil_brent,39.9,usd_per_bbl,"World Bank Commodity Markets (Pink Sheet), Monthly Prices",https://thedocs.worldbank.org/en/doc/74e8be41ceb20fa0da750cda2f6b9e4e-0050012026/related/CMO-Historical-Data-Monthly.xlsx
2020-07-01,crude_oil_brent,42.8,usd_per_bbl,"World Bank Commodity Markets (Pink Sheet), Monthly Prices",https://thedocs.worldbank.org/en/doc/74e8be41ceb20fa0da750cda2f6b9e4e-0050012026/related/CMO-Historical-Data-Monthly.xlsx
2020-08-01,crude_oil_brent,44.3,usd_per_bbl,"World Bank Commodity Markets (Pink Sheet), Monthly Prices",https://thedocs.worldbank.org/en/doc/74e8be41ceb20fa0da750cda2f6b9e4e-0050012026/related/CMO-Historical-Data-Monthly.xlsx
2020-09-01,crude_oil_brent,41.1,usd_per_bbl,"World Bank Commodity Markets (Pink Sheet), Monthly Prices",https://thedocs.worldbank.org/en/doc/74e8be41ceb20fa0da750cda2f6b9e4e-0050012026/related/CMO-Historical-Data-Monthly.xlsx
2020-10-01,crude_oil_brent,40.5,usd_per_bbl,"World Bank Commodity Markets (Pink Sheet), Monthly Prices",https://thedocs.worldbank.org/en/doc/74e8be41ceb20fa0da750cda2f6b9e4e-0050012026/related/CMO-Historical-Data-Monthly.xlsx
2020-11-01,crude_oil_brent,43.2,usd_per_bbl,"World Bank Commodity Markets (Pink Sheet), Monthly Prices",https://thedocs.worldbank.org/en/doc/74e8be41ceb20fa0da750cda2f6b9e4e-0050012026/related/CMO-Historical-Data-Monthly.xlsx
2020-12-01,crude_oil_brent,49.9,usd_per_bbl,"World Bank Commodity Markets (Pink Sheet), Monthly Prices",https://thedocs.worldbank.org/en/doc/74e8be41ceb20fa0da750cda2f6b9e4e-0050012026/related/CMO-Historical-Data-Monthly.xlsx
2021-01-01,crude_oil_brent,54.6,usd_per_bbl,"World Bank Commodity Markets (Pink Sheet), Monthly Prices",https://thedocs.worldbank.org/en/doc/74e8be41ceb20fa0da750cda2f6b9e4e-0050012026/related/CMO-Historical-Data-Monthly.xlsx
2021-02-01,crude_oil_brent,62.0,usd_per_bbl,"World Bank Commodity Markets (Pink Sheet), Monthly Prices",https://thedocs.worldbank.org/en/doc/74e8be41ceb20fa0da750cda2f6b9e4e-0050012026/related/CMO-Historical-Data-Monthly.xlsx
2021-03-01,crude_oil_brent,65.2,usd_per_bbl,"World Bank Commodity Markets (Pink Sheet), Monthly Prices",https://thedocs.worldbank.org/en/doc/74e8be41ceb20fa0da750cda2f6b9e4e-0050012026/related/CMO-Historical-Data-Monthly.xlsx
2021-04-01,crude_oil_brent,64.8,usd_per_bbl,"World Bank Commodity Markets (Pink Sheet), Monthly Prices",https://thedocs.worldbank.org/en/doc/74e8be41ceb20fa0da750cda2f6b9e4e-0050012026/related/CMO-Historical-Data-Monthly.xlsx
2021-05-01,crude_oil_brent,68.0,usd_per_bbl,"World Bank Commodity Markets (Pink Sheet), Monthly Prices",https://thedocs.worldbank.org/en/doc/74e8be41ceb20fa0da750cda2f6b9e4e-0050012026/related/CMO-Historical-Data-Monthly.xlsx
2021-06-01,crude_oil_brent,73.1,usd_per_bbl,"World Bank Commodity Markets (Pink Sheet), Monthly Prices",https://thedocs.worldbank.org/en/doc/74e8be41ceb20fa0da750cda2f6b9e4e-0050012026/related/CMO-Historical-Data-Monthly.xlsx
2021-07-01,crude_oil_brent,74.4,usd_per_bbl,"World Bank Commodity Markets (Pink Sheet), Monthly Prices",https://thedocs.worldbank.org/en/doc/74e8be41ceb20fa0da750cda2f6b9e4e-0050012026/related/CMO-Historical-Data-Monthly.xlsx
2021-08-01,crude_oil_brent,70.0,usd_per_bbl,"World Bank Commodity Markets (Pink Sheet), Monthly Prices",https://thedocs.worldbank.org/en/doc/74e8be41ceb20fa0da750cda2f6b9e4e-0050012026/related/CMO-Historical-Data-Monthly.xlsx
2021-09-01,crude_oil_brent,74.6,usd_per_bbl,"World Bank Commodity Markets (Pink Sheet), Monthly Prices",https://thedocs.worldbank.org/en/doc/74e8be41ceb20fa0da750cda2f6b9e4e-0050012026/related/CMO-Historical-Data-Monthly.xlsx
2021-10-01,crude_oil_brent,83.7,usd_per_bbl,"World Bank Commodity Markets (Pink Sheet), Monthly Prices",https://thedocs.worldbank.org/en/doc/74e8be41ceb20fa0da750cda2f6b9e4e-0050012026/related/CMO-Historical-Data-Monthly.xlsx
2021-11-01,crude_oil_brent,80.8,usd_per_bbl,"World Bank Commodity Markets (Pink Sheet), Monthly Prices",https://thedocs.worldbank.org/en/doc/74e8be41ceb20fa0da750cda2f6b9e4e-0050012026/related/CMO-Historical-Data-Monthly.xlsx
2021-12-01,crude_oil_brent,74.3,usd_per_bbl,"World Bank Commodity Markets (Pink Sheet), Monthly Prices",https://thedocs.worldbank.org/en/doc/74e8be41ceb20fa0da750cda2f6b9e4e-0050012026/related/CMO-Historical-Data-Monthly.xlsx
2022-01-01,crude_oil_brent,85.5,usd_per_bbl,"World Bank Commodity Markets (Pink Sheet), Monthly Prices",https://thedocs.worldbank.org/en/doc/74e8be41ceb20fa0da750cda2f6b9e4e-0050012026/related/CMO-Historical-Data-Monthly.xlsx
2022-02-01,crude_oil_brent,95.8,usd_per_bbl,"World Bank Commodity Markets (Pink Sheet), Monthly Prices",https://thedocs.worldbank.org/en/doc/74e8be41ceb20fa0da750cda2f6b9e4e-0050012026/related/CMO-Historical-Data-Monthly.xlsx
2022-03-01,crude_oil_brent,115.6,usd_per_bbl,"World Bank Commodity Markets (Pink Sheet), Monthly Prices",https://thedocs.worldbank.org/en/doc/74e8be41ceb20fa0da750cda2f6b9e4e-0050012026/related/CMO-Historical-Data-Monthly.xlsx
2022-04-01,crude_oil_brent,105.8,usd_per_bbl,"World Bank Commodity Markets (Pink Sheet), Monthly Prices",https://thedocs.worldbank.org/en/doc/74e8be41ceb20fa0da750cda2f6b9e4e-0050012026/related/CMO-Historical-Data-Monthly.xlsx
2022-05-01,crude_oil_brent,112.4,usd_per_bbl,"World Bank Commodity Markets (Pink Sheet), Monthly Prices",https://thedocs.worldbank.org/en/doc/74e8be41ceb20fa0da750cda2f6b9e4e-0050012026/related/CMO-Historical-Data-Monthly.xlsx
2022-06-01,crude_oil_brent,120.1,usd_per_bbl,"World Bank Commodity Markets (Pink Sheet), Monthly Prices",https://thedocs.worldbank.org/en/doc/74e8be41ceb20fa0da750cda2f6b9e4e-0050012026/related/CMO-Historical-Data-Monthly.xlsx
2022-07-01,crude_oil_brent,108.9,usd_per_bbl,"World Bank Commodity Markets (Pink Sheet), Monthly Prices",https://thedocs.worldbank.org/en/doc/74e8be41ceb20fa0da750cda2f6b9e4e-0050012026/related/CMO-Historical-Data-Monthly.xlsx
2022-08-01,crude_oil_brent,98.6,usd_per_bbl,"World Bank Commodity Markets (Pink Sheet), Monthly Prices",https://thedocs.worldbank.org/en/doc/74e8be41ceb20fa0da750cda2f6b9e4e-0050012026/related/CMO-Historical-Data-Monthly.xlsx
2022-09-01,crude_oil_brent,90.2,usd_per_bbl,"World Bank Commodity Markets (Pink Sheet), Monthly Prices",https://thedocs.worldbank.org/en/doc/74e8be41ceb20fa0da750cda2f6b9e4e-0050012026/related/CMO-Historical-Data-Monthly.xlsx
2022-10-01,crude_oil_brent,93.1,usd_per_bbl,"World Bank Commodity Markets (Pink Sheet), Monthly Prices",https://thedocs.worldbank.org/en/doc/74e8be41ceb20fa0da750cda2f6b9e4e-0050012026/related/CMO-Historical-Data-Monthly.xlsx
2022-11-01,crude_oil_brent,91.1,usd_per_bbl,"World Bank Commodity Markets (Pink Sheet), Monthly Prices",https://thedocs.worldbank.org/en/doc/74e8be41ceb20fa0da750cda2f6b9e4e-0050012026/related/CMO-Historical-Data-Monthly.xlsx
2022-12-01,crude_oil_brent,80.9,usd_per_bbl,"World Bank Commodity Markets (Pink Sheet), Monthly Prices",https://thedocs.worldbank.org/en/doc/74e8be41ceb20fa0da750cda2f6b9e4e-0050012026/related/CMO-Historical-Data-Monthly.xlsx
2023-01-01,crude_oil_brent,83.1,usd_per_bbl,"World Bank Commodity Markets (Pink Sheet), Monthly Prices",https://thedocs.worldbank.org/en/doc/74e8be41ceb20fa0da750cda2f6b9e4e-0050012026/related/CMO-Historical-Data-Monthly.xlsx
2023-02-01,crude_oil_brent,82.7,usd_per_bbl,"World Bank Commodity Markets (Pink Sheet), Monthly Prices",https://thedocs.worldbank.org/en/doc/74e8be41ceb20fa0da750cda2f6b9e4e-0050012026/related/CMO-Historical-Data-Monthly.xlsx
2023-03-01,crude_oil_brent,78.5,usd_per_bbl,"World Bank Commodity Markets (Pink Sheet), Monthly Prices",https://thedocs.worldbank.org/en/doc/74e8be41ceb20fa0da750cda2f6b9e4e-0050012026/related/CMO-Historical-Data-Monthly.xlsx
2023-04-01,crude_oil_brent,84.1,usd_per_bbl,"World Bank Commodity Markets (Pink Sheet), Monthly Prices",https://thedocs.worldbank.org/en/doc/74e8be41ceb20fa0da750cda2f6b9e4e-0050012026/related/CMO-Historical-Data-Monthly.xlsx
2023-05-01,crude_oil_brent,75.7,usd_per_bbl,"World Bank Commodity Markets (Pink Sheet), Monthly Prices",https://thedocs.worldbank.org/en/doc/74e8be41ceb20fa0da750cda2f6b9e4e-0050012026/related/CMO-Historical-Data-Monthly.xlsx
2023-06-01,crude_oil_brent,74.9,usd_per_bbl,"World Bank Commodity Markets (Pink Sheet), Monthly Prices",https://thedocs.worldbank.org/en/doc/74e8be41ceb20fa0da750cda2f6b9e4e-0050012026/related/CMO-Historical-Data-Monthly.xlsx
2023-07-01,crude_oil_brent,80.1,usd_per_bbl,"World Bank Commodity Markets (Pink Sheet), Monthly Prices",https://thedocs.worldbank.org/en/doc/74e8be41ceb20fa0da750cda2f6b9e4e-0050012026/related/CMO-Historical-Data-Monthly.xlsx
2023-08-01,crude_oil_brent,86.2,usd_per_bbl,"World Bank Commodity Markets (Pink Sheet), Monthly Prices",https://thedocs.worldbank.org/en/doc/74e8be41ceb20fa0da750cda2f6b9e4e-0050012026/related/CMO-Historical-Data-Monthly.xlsx
2023-09-01,crude_oil_brent,94.0,usd_per_bbl,"World Bank Commodity Markets (Pink Sheet), Monthly Prices",https://thedocs.worldbank.org/en/doc/74e8be41ceb20fa0da750cda2f6b9e4e-0050012026/related/CMO-Historical-Data-Monthly.xlsx
2023-10-01,crude_oil_brent,91.1,usd_per_bbl,"World Bank Commodity Markets (Pink Sheet), Monthly Prices",https://thedocs.worldbank.org/en/doc/74e8be41ceb20fa0da750cda2f6b9e4e-0050012026/related/CMO-Historical-Data-Monthly.xlsx
2023-11-01,crude_oil_brent,83.2,usd_per_bbl,"World Bank Commodity Markets (Pink Sheet), Monthly Prices",https://thedocs.worldbank.org/en/doc/74e8be41ceb20fa0da750cda2f6b9e4e-0050012026/related/CMO-Historical-Data-Monthly.xlsx
2023-12-01,crude_oil_brent,77.9,usd_per_bbl,"World Bank Commodity Markets (Pink Sheet), Monthly Prices",https://thedocs.worldbank.org/en/doc/74e8be41ceb20fa0da750cda2f6b9e4e-0050012026/related/CMO-Historical-Data-Monthly.xlsx
2024-01-01,crude_oil_brent,80.2,usd_per_bbl,"World Bank Commodity Markets (Pink Sheet), Monthly Prices",https://thedocs.worldbank.org/en/doc/74e8be41ceb20fa0da750cda2f6b9e4e-0050012026/related/CMO-Historical-Data-Monthly.xlsx
2024-02-01,crude_oil_brent,83.8,usd_per_bbl,"World Bank Commodity Markets (Pink Sheet), Monthly Prices",https://thedocs.worldbank.org/en/doc/74e8be41ceb20fa0da750cda2f6b9e4e-0050012026/related/CMO-Historical-Data-Monthly.xlsx
2024-03-01,crude_oil_brent,85.4,usd_per_bbl,"World Bank Commodity Markets (Pink Sheet), Monthly Prices",https://thedocs.worldbank.org/en/doc/74e8be41ceb20fa0da750cda2f6b9e4e-0050012026/related/CMO-Historical-Data-Monthly.xlsx
2024-04-01,crude_oil_brent,90.1,usd_per_bbl,"World Bank Commodity Markets (Pink Sheet), Monthly Prices",https://thedocs.worldbank.org/en/doc/74e8be41ceb20fa0da750cda2f6b9e4e-0050012026/related/CMO-Historical-Data-Monthly.xlsx
2024-05-01,crude_oil_brent,82.0,usd_per_bbl,"World Bank Commodity Markets (Pink Sheet), Monthly Prices",https://thedocs.worldbank.org/en/doc/74e8be41ceb20fa0da750cda2f6b9e4e-0050012026/related/CMO-Historical-Data-Monthly.xlsx
2024-06-01,crude_oil_brent,82.6,usd_per_bbl,"World Bank Commodity Markets (Pink Sheet), Monthly Prices",https://thedocs.worldbank.org/en/doc/74e8be41ceb20fa0da750cda2f6b9e4e-0050012026/related/CMO-Historical-Data-Monthly.xlsx
2024-07-01,crude_oil_brent,85.3,usd_per_bbl,"World Bank Commodity Markets (Pink Sheet), Monthly Prices",https://thedocs.worldbank.org/en/doc/74e8be41ceb20fa0da750cda2f6b9e4e-0050012026/related/CMO-Historical-Data-Monthly.xlsx
2024-08-01,crude_oil_brent,80.9,usd_per_bbl,"World Bank Commodity Markets (Pink Sheet), Monthly Prices",https://thedocs.worldbank.org/en/doc/74e8be41ceb20fa0da750cda2f6b9e4e-0050012026/related/CMO-Historical-Data-Monthly.xlsx
2024-09-01,crude_oil_brent,74.3,usd_per_bbl,"World Bank Commodity Markets (Pink Sheet), Monthly Prices",https://thedocs.worldbank.org/en/doc/74e8be41ceb20fa0da750cda2f6b9e4e-0050012026/related/CMO-Historical-Data-Monthly.xlsx
2024-10-01,crude_oil_brent,75.7,usd_per_bbl,"World Bank Commodity Markets (Pink Sheet), Monthly Prices",https://thedocs.worldbank.org/en/doc/74e8be41ceb20fa0da750cda2f6b9e4e-0050012026/related/CMO-Historical-Data-Monthly.xlsx
2024-11-01,crude_oil_brent,74.4,usd_per_bbl,"World Bank Commodity Markets (Pink Sheet), Monthly Prices",https://thedocs.worldbank.org/en/doc/74e8be41ceb20fa0da750cda2f6b9e4e-0050012026/related/CMO-Historical-Data-Monthly.xlsx
2024-12-01,crude_oil_brent,73.8,usd_per_bbl,"World Bank Commodity Markets (Pink Sheet), Monthly Prices",https://thedocs.worldbank.org/en/doc/74e8be41ceb20fa0da750cda2f6b9e4e-0050012026/related/CMO-Historical-Data-Monthly.xlsx
2025-01-01,crude_oil_brent,79.2,usd_per_bbl,"World Bank Commodity Markets (Pink Sheet), Monthly Prices",https://thedocs.worldbank.org/en/doc/74e8be41ceb20fa0da750cda2f6b9e4e-0050012026/related/CMO-Historical-Data-Monthly.xlsx
2025-02-01,crude_oil_brent,75.2,usd_per_bbl,"World Bank Commodity Markets (Pink Sheet), Monthly Prices",https://thedocs.worldbank.org/en/doc/74e8be41ceb20fa0da750cda2f6b9e4e-0050012026/related/CMO-Historical-Data-Monthly.xlsx
2025-03-01,crude_oil_brent,72.6,usd_per_bbl,"World Bank Commodity Markets (Pink Sheet), Monthly Prices",https://thedocs.worldbank.org/en/doc/74e8be41ceb20fa0da750cda2f6b9e4e-0050012026/related/CMO-Historical-Data-Monthly.xlsx
2025-04-01,crude_oil_brent,67.7,usd_per_bbl,"World Bank Commodity Markets (Pink Sheet), Monthly Prices",https://thedocs.worldbank.org/en/doc/74e8be41ceb20fa0da750cda2f6b9e4e-0050012026/related/CMO-Historical-Data-Monthly.xlsx
2025-05-01,crude_oil_brent,64.2,usd_per_bbl,"World Bank Commodity Markets (Pink Sheet), Monthly Prices",https://thedocs.worldbank.org/en/doc/74e8be41ceb20fa0da750cda2f6b9e4e-0050012026/related/CMO-Historical-Data-Monthly.xlsx
2025-06-01,crude_oil_brent,71.5,usd_per_bbl,"World Bank Commodity Markets (Pink Sheet), Monthly Prices",https://thedocs.worldbank.org/en/doc/74e8be41ceb20fa0da750cda2f6b9e4e-0050012026/related/CMO-Historical-Data-Monthly.xlsx
2025-07-01,crude_oil_brent,71.0,usd_per_bbl,"World Bank Commodity Markets (Pink Sheet), Monthly Prices",https://thedocs.worldbank.org/en/doc/74e8be41ceb20fa0da750cda2f6b9e4e-0050012026/related/CMO-Historical-Data-Monthly.xlsx
2025-08-01,crude_oil_brent,68.2,usd_per_bbl,"World Bank Commodity Markets (Pink Sheet), Monthly Prices",https://thedocs.worldbank.org/en/doc/74e8be41ceb20fa0da750cda2f6b9e4e-0050012026/related/CMO-Historical-Data-Monthly.xlsx
2025-09-01,crude_oil_brent,68.0,usd_per_bbl,"World Bank Commodity Markets (Pink Sheet), Monthly Prices",https://thedocs.worldbank.org/en/doc/74e8be41ceb20fa0da750cda2f6b9e4e-0050012026/related/CMO-Historical-Data-Monthly.xlsx
2025-10-01,crude_oil_brent,64.7,usd_per_bbl,"World Bank Commodity Markets (Pink Sheet), Monthly Prices",https://thedocs.worldbank.org/en/doc/74e8be41ceb20fa0da750cda2f6b9e4e-0050012026/related/CMO-Historical-Data-Monthly.xlsx
2025-11-01,crude_oil_brent,63.6,usd_per_bbl,"World Bank Commodity Markets (Pink Sheet), Monthly Prices",https://thedocs.worldbank.org/en/doc/74e8be41ceb20fa0da750cda2f6b9e4e-0050012026/related/CMO-Historical-Data-Monthly.xlsx
2025-12-01,crude_oil_brent,62.7,usd_per_bbl,"World Bank Commodity Markets (Pink Sheet), Monthly Prices",https://thedocs.worldbank.org/en/doc/74e8be41ceb20fa0da750cda2f6b9e4e-0050012026/related/CMO-Historical-Data-Monthly.xlsx
2026-01-01,crude_oil_brent,66.8,usd_per_bbl,"World Bank Commodity Markets (Pink Sheet), Monthly Prices",https://thedocs.worldbank.org/en/doc/74e8be41ceb20fa0da750cda2f6b9e4e-0050012026/related/CMO-Historical-Data-Monthly.xlsx
2026-02-01,crude_oil_brent,71.1,usd_per_bbl,"World Bank Commodity Markets (Pink Sheet), Monthly Prices",https://thedocs.worldbank.org/en/doc/74e8be41ceb20fa0da750cda2f6b9e4e-0050012026/related/CMO-Historical-Data-Monthly.xlsx
2026-03-01,crude_oil_brent,103.7,usd_per_bbl,"World Bank Commodity Markets (Pink Sheet), Monthly Prices",https://thedocs.worldbank.org/en/doc/74e8be41ceb20fa0da750cda2f6b9e4e-0050012026/related/CMO-Historical-Data-Monthly.xlsx
2026-04-01,crude_oil_brent,120.4,usd_per_bbl,"World Bank Commodity Markets (Pink Sheet), Monthly Prices",https://thedocs.worldbank.org/en/doc/74e8be41ceb20fa0da750cda2f6b9e4e-0050012026/related/CMO-Historical-Data-Monthly.xlsx
2026-05-01,crude_oil_brent,107.5,usd_per_bbl,"World Bank Commodity Markets (Pink Sheet), Monthly Prices",https://thedocs.worldbank.org/en/doc/74e8be41ceb20fa0da750cda2f6b9e4e-0050012026/related/CMO-Historical-Data-Monthly.xlsx
2026-06-01,crude_oil_brent,85.4,usd_per_bbl,"World Bank Commodity Markets (Pink Sheet), Monthly Prices",https://thedocs.worldbank.org/en/doc/74e8be41ceb20fa0da750cda2f6b9e4e-0050012026/related/CMO-Historical-Data-Monthly.xlsx
2026-07-01,crude_oil_brent,83.4,usd_per_bbl,"World Bank Commodity Markets (Pink Sheet), Monthly Prices",https://thedocs.worldbank.org/en/doc/74e8be41ceb20fa0da750cda2f6b9e4e-0050012026/related/CMO-Historical-Data-Monthly.xlsx
2026-08-01,crude_oil_brent,90.9,usd_per_bbl,"World Bank Commodity Markets (Pink Sheet), Monthly Prices",https://thedocs.worldbank.org/en/doc/74e8be41ceb20fa0da750cda2f6b9e4e-0050012026/related/CMO-Historical-Data-Monthly.xlsx
